card_rank	family	surface	card_type	composition	working_meaning_de	working_render_de	strongest_rival_de	confidence	action_license	expected_occurrences	expected_pages	decision_reason
1	COLD_CHARGE_COMMAND	qoteos	PRODUCTIVE_COMPOUND	QO_COMMAND+OTEOS_COLD_MIDDLE_CHARGE	eine bis zur Mittelstufe gekühlte Ansatzcharge nehmen	gekühlte Ansatzcharge der Mittelstufe nehmen	nominal: gekühlte Ansatzcharge der Mittelstufe	STRONG_PRACTICAL_OR_COMPOSITIONAL	1	1	1	qoteeos bezeichnet die vollständig gekühlte Charge und oteos die Mittelstufencharge; fehlendes e senkt nur die Stufe
2	COLD_END_RESULT	oteed	PRODUCTIVE_RESULT	O_PREP+T_COLD+EE_END+D_CLOSE	vollständig abgekühlter und abgezogener Ansatz	vollständig abgekühlter Ansatz, abgezogen	kalter Ansatz am Gradende, nur abgeschlossen	STRONG_FAMILY_COMPOSITION	0	6	5	oteey und oteedy liefern den Endzustand; terminales d trägt Abschluss oder Abzug ohne ein zusätzliches y
3	FINAL_PROCESS_COMMAND	qeeey	ANAPHORIC_PROCESS_COMMAND	Q_COMMAND+EEE_FINAL+Y_CLOSE	die vorstehende Behandlung bis zur letzten Stufe führen und abschließen	vorstehenden Prozess bis zur letzten Stufe abschließen	die Schlussportion des folgenden Materials zugeben	MEDIUM_CONTEXT_PATTERN	1	3	3	alle drei doppelt exakten Vorkommen folgen unmittelbar auf einen Feucht-, Kalt- oder Trockenprozess; dieser wiederkehrende Linksbezug schlägt die formnahe Portionslesung
4	SEED_FRACTION_AMOUNT	saraiin	PRODUCTIVE_AMOUNT	SAR_SEED_FRACTION_I+AIIN_III	drei Teile der ersten Samenfraktion	drei Teile der ersten Samenfraktion	drei Teile Wurzelfraktion an f87r.9	MEDIUM_READER_CONDITIONED	0	3	3	sar ist die erste Samenfraktion und aiin die Dreiermenge; zwei Kontexte bewahren diese Zerlegung unmittelbar
5	HERB_PORTION_AMOUNT	cthororaiin	READER_BOUNDARY_COMPOUND	CTHOR_HERB_PORTION+ORAIIN_PORTION_III	drei Portionen Blatt- oder Krautdroge	drei Portionen Blatt- oder Krautdroge	drei Portionen eines unspezifizierten Pflanzenteils	STRONG_READER_COMPOSITION	0	1	1	beide Alternativleser trennen exakt cthor oraiin und bestätigen Stoffkopf plus Dreierportion
6	COLD_FINAL_PORTION_COMMAND	yteeeor	PRODUCTIVE_REFERENCE_COMMAND	Y_REFERENCE+T_COLD+EEE_FINAL+OR_PORTION	hiervon eine Portion bis zur letzten Stufe abkühlen	hiervon eine Portion bis zur letzten Stufe abkühlen	eine bereits vollständig gekühlte Portion hiervon	STRONG_PRACTICAL_OR_COMPOSITIONAL	1	1	1	yteeedy und yteeo sichern Referenz, vollständige Kühlung und Prozessrichtung; or bindet eine Portion
7	DRY_PREPARATION_DOSE_COMMAND	ycheeodaiin	PRODUCTIVE_REFERENCE_AMOUNT	Y_REFERENCE+CHEEO_SECOND_DRY_PREP+DAIIN_THREE_DOSES	hiervon drei Dosen des zweiten Trockenansatzes abmessen	drei Dosen des zweiten Trockenansatzes abmessen	drei Dosen vollständig getrockneten Ansatzes	STRONG_FAMILY_COMPOSITION	1	1	1	ycheeo ist der zweite Trockenansatz und ycheodain bereits die Zweidosis-Schwester; aiin hebt auf drei
8	HOT_WOOD_FRACTION_III	olkaiir	PRODUCTIVE_AMOUNT	O_PREP+L_WOOD+K_HOT+AIIR_FRACTION_III	dritte erhitzte Holzdrogenfraktion im Ansatz	dritte erhitzte Holzdrogenfraktion im Ansatz	heiße Drogenbasis auf Stufe III	STRONG_FAMILY_COMPOSITION	0	1	1	olkair ist die zweite erhitzte Holzdrogenfraktion; aiir statt air setzt die dritte Fraktion voraus
9	FRACTION_II_PREP_BASE	airoy	PRODUCTIVE_COMPOUND	AIR_FRACTION_II+OY_PREP_BASE	zweite Drogenfraktion als Grundansatz	zweite Drogenfraktion als Grundansatz	abgeschlossene zweite Drogenfraktion	MEDIUM_COMPOSITIONAL	0	1	1	air ist die zweite Fraktion und oy der bereits gelernte Ansatz in Grundform
10	HOT_DRY_CLOSED_RESULT	kchod	PRODUCTIVE_RESULT	KCHO_HOT_DRY_PREP+D_CLOSE	heiß-trockener Ansatz, abgezogen und abgeschlossen	heiß-trockener Ansatz, abgeschlossen	heiß-trockenen Ansatz abschließen	STRONG_FAMILY_COMPOSITION	0	3	3	kcho ist die heiß-trockene Zubereitung und terminales d schließt das Ergebnis ab
11	MEASURED_DRY_RAW_I	dchal	PRODUCTIVE_AMOUNT	D_MEASURE+CH_DRY+AL_RAW_I	eine Dosis angetrocknete Rohdroge I	eine Dosis angetrocknete Rohdroge I	ein Maß trockenen Drogenmaterials	MEDIUM_READER_CONDITIONED	0	2	2	d plus ch plus al ergibt Messung, Trocknung und Rohstoffklasse I; IT2a dchol bleibt der stärkste Mengenrivale
12	DRY_PREPARATION_FINISHED	ochdy	PRODUCTIVE_RESULT	O_PREP+CH_DRY+DY_FINISHED	fertiggestellter Trockenansatz	fertiggestellter Trockenansatz	Trockenansatz am Gradanfang, abgeschlossen	STRONG_FAMILY_COMPOSITION	0	1	1	ochedy liefert die Mittelstufenschwester und chody denselben fertigen Trockenansatz ohne initialen Ansatzrahmen
13	HOT_END_DRAWN_RESULT	keeod	PRODUCTIVE_RESULT	K_HOT+EE_END+O_PREP+D_CLOSE	vollständig erhitzter und abgezogener Ansatz	vollständig erhitzter Ansatz, abgezogen	vollständig ausgekochter Ansatz ohne Abzug	STRONG_FAMILY_COMPOSITION	0	2	2	keeo plus terminales d entspricht der abgeschlossenen Schwester von keeody; beide Kontexte bewahren den heißen Ansatzkern
14	MOIST_COLD_DRY_MIDDLE	shotchey	PRODUCTIVE_RESULT	SH_MOIST+O_PREP+T_COLD+CH_DRY+E_MIDDLE+Y_CLOSE	Feuchtansatz aus kalt bis Mittelstufe getrockneter Droge	kalt bis Mittelstufe nachgetrockneter Feuchtansatz	Feuchtansatz kalt bis Mittelstufe nachtrocknen	STRONG_PRACTICAL_OR_COMPOSITIONAL	0	2	2	IT2a sho tchey legt dieselben Prozessblöcke offen; RF1b und der zweite Kontext bewahren die Ganzform
15	COLD_GRAIN_MEASURE	tolg	READER_CONDITIONED_LEARNED_WHOLE	TOL_COLD_MATERIAL+G_GRAIN_SIGLUM	ein Gran kalten Drogenmaterials	ein Gran kalten Drogenmaterials	eine Handvoll kalten Drogenmaterials nach IT2a tolm	LOW_EXPLORATORY	0	1	1	ZL3b und RF1b bewahren terminales g, IT2a liest tolm; die Mengenklasse bleibt konkret, die Einheit ist offen
16	DRY_MIDDLE_PORTION	orchey	PRODUCTIVE_AMOUNT	OR_PORTION+CH_DRY+E_MIDDLE+Y_CLOSE	eine Portion bis zur Mittelstufe getrocknete Droge	Portion mittelgetrockneter Droge	eine Portion vollständig getrocknete Droge	STRONG_FAMILY_COMPOSITION	0	3	3	orchedy ist die fertige Schwester; or plus chey bindet Portion und mittlere Trockenstufe
17	ANAPHORIC_PORTION_COMMAND	qey	LEARNED_REFERENCE_COMMAND	Q_COMMAND+EY_THEN	die vorstehende Mittelstufenportion anschließend nehmen	diese Portion anschließend nehmen	die Endportion hinzugeben wie qeey	MEDIUM_CONTEXT_BOUND	1	1	1	die unmittelbare orchey-Portion liefert das Objekt und ey ist bereits der Anschlussmarker
18	COLD_WOOD_GRADE_II	ltain	PRODUCTIVE_QUALITY	L_WOOD+T_COLD+AIN_II	Holzdroge, kalt auf Stufe II	Holzdroge, kalt auf Stufe II	Holzcharge II ohne Kühlprozess	STRONG_FAMILY_COMPOSITION	0	2	2	lkain und rtain zeigen denselben Stoff-plus-Prozess-plus-Stufe-Aufbau; hier ersetzt t den Heizkopf k
19	MOIST_PREPARATION_END	osheey	PRODUCTIVE_RESULT	O_PREP+SH_MOIST+EE_END+Y_CLOSE	vollständig eingeweichter Ansatz	vollständig eingeweichter Ansatz	Ansatz am Feuchtigkeitsende ohne Ergebnisstatus	STRONG_FAMILY_COMPOSITION	0	1	1	oshey ist die Mittelstufenschwester und sheeo der vollständig eingeweichte Ansatz
20	MOIST_END_PORTION	orsheey	READER_BOUNDARY_COMPOUND	OR_PORTION+SHEEY_MOIST_END	eine Portion vollständig eingeweichte Droge	Portion vollständig eingeweichte Droge	eine Portion angefeuchteter Droge ohne Endstufe	STRONG_READER_COMPOSITION	0	1	1	IT2a trennt exakt or sheey; RF1b orshee verliert nur den Schlussmarker y
21	DRY_MATERIAL_HOT_II	cholkain	PRODUCTIVE_QUALITY	CHOL_DRY_MATERIAL+K_HOT+AIN_II	Trockengut, heiß auf Stufe II	Trockengut, heiß auf Stufe II	getrockneten Drogenstoff auf Stufe II erhitzen	STRONG_FAMILY_COMPOSITION	0	1	1	cholkaiin ist die Stufe-III-Schwester und cheolkain die explizite Befehlsform
22	COMPOSITE_DRUG_MATERIAL	ckhol	PRODUCTIVE_STUFF_HEAD	CKH_COMPOSITE+OL_MATERIAL	Drogenstoff aus Arzneikompositum	Arzneikompositumstoff	allgemeiner zusammengesetzter Drogenstoff cphol	STRONG_PRODUCTIVE_HEAD	0	17	14	ckh ist der gefestigte Arzneikompositumkopf und ol der Stoff- oder Ergebnisträger; 16 Stellen sind bei beiden Lesern exakt
23	HOT_DRY_SPECIES	kc	READER_CORRECTED_WHOLE	K_HOT+CH_DRY+S_TERM_SPECIES	Charge unter Wärme getrockneter Droge	Charge heißgetrockneter Droge	kurze unaufgelöste Heizmarke	MEDIUM_READER_CONTROLLED	0	1	1	beide Alternativleser schreiben kchs und legen k plus ch plus terminale Charge s offen
24	MEASURED_FRACTION_IV_DRY	daiiiry	READER_CORRECTED_COMPOUND	D_MEASURE+AIIIR_FRACTION_IV+CHY_DRY_START	abgemessene vierte Trockenfraktion, Anfangsstufe	vierte abgemessene Trockenfraktion, leicht getrocknet	vierte abgemessene Fraktion, nur abgeschlossen	MEDIUM_READER_CONTROLLED	0	1	1	beide Alternativleser schreiben daiiirchy; dadurch gewinnt die Trocken-Grundstufe gegen eine bloße y-Schlusslesung
