surface	card_class	preferred_working_default_de	rival_1_de	rival_2_de	preferred_mechanism	mechanism_rival_1	mechanism_rival_2	display_hypothesis_not_exportable	confidence_0_100_not_probability	confidence_label	confidence_basis	display_scope	lineage_sources	lineage_decision	positive_evidence_de	counterevidence_de	raw_occurrences	raw_page_count	raw_physical_folio_count	reader_exact_surface	reader_exact_occurrences	reader_exact_page_count	reader_exact_physical_folio_count	reader_exact_display_card	raw_reader_warning	replaceable	gdt788_new_renderer_license	portable_dal_component_used	prior_gdt734_reading_id	prior_gdt734_default_de	prior_gdt734_score_not_probability	prior_gdt734_renderer_decision	gdt786_default_de	default_is_translation	confirmed_lexeme	confirmed_plaintext	specific_substance_confirmed	historical_word_credit	phonetic_or_eva_letter_credit	component_export_credit
aiidal	EXACT_SINGLETON_FALLBACK	Materialposten I	Material I, abgemessen	Mengen-/Wertfeld I	LEARNED_COMPLETE_WHOLE_WITH_DAL_FAMILY_DISPLAY_PRIOR	PORTABLE_DAL_REMAINDER_CANDIDATE	OPAQUE_LEARNED_WHOLE_CANDIDATE	MATERIAL|MEASURE|LEVEL_I_C0_FAMILY_PRIOR	24	C0_EXACT_SINGLETON_WHOLE	EDITORIAL_EVIDENCE_WEIGHT_NOT_FORMULA_NOT_PROBABILITY	READER_EXACT_COMPLETE_WHOLE_ONLY	GDT788	LEARNED_COMPLETE_WHOLE_WITH_DAL_FAMILY_DISPLAY_PRIOR	Beobachtete vollständige Oberfläche mit 1 rohen und 1 reader-exakten Vorkommen auf 1 exakten Folios; Kartenlinie GDT788.	Der SHIFT-Test schlägt beide Kontrollen nur in 2/10, der günstigere CORE-Test in 4/10 Reihen; kein reader-exakter gleichlokaler X|dal-Split und kein d|al-Split. Die Oberfläche kann ein gelernter Ganzname oder ein anderes Feld sein.	1	1	1	1	1	1	1	1	0	1	0	0	NONE	NONE	NONE	NONE	NONE	0	0	0	0	0	0	0
chdal	EXPLICIT_OVERRIDE	trockenes Material I, abgemessen; Anfangsstufe	trockener Drogenposten	Trockenfeld der Anfangsstufe	FORM_SPECIFIC_COMPLETE_WHOLE_NO_COMPONENT_EXPORT	PORTABLE_DAL_REMAINDER_CANDIDATE	OPAQUE_LEARNED_WHOLE_CANDIDATE	MATERIAL|MEASURE|LEVEL_I_C0_FAMILY_PRIOR	64	C1_AXIS_C0_CARRIER_WHOLE	EDITORIAL_EVIDENCE_WEIGHT_NOT_FORMULA_NOT_PROBABILITY	READER_EXACT_COMPLETE_WHOLE_ONLY	GDT655|GDT711|GDT712	RETAIN_FORM_SPECIFIC_WHOLE_NO_COMPONENT_EXPORT	Beobachtete vollständige Oberfläche mit 19 rohen und 13 reader-exakten Vorkommen auf 11 exakten Folios; Kartenlinie GDT655|GDT711|GDT712.	Der SHIFT-Test schlägt beide Kontrollen nur in 2/10, der günstigere CORE-Test in 4/10 Reihen; kein reader-exakter gleichlokaler X|dal-Split und kein d|al-Split. Die Oberfläche kann ein gelernter Ganzname oder ein anderes Feld sein.	19	15	13	1	13	11	11	1	0	1	0	0	chdal#GLOBAL	trockener abgewogener Rohstoffposten I am Gradanfang	66	INHERITED_UNCHANGED	NONE	0	0	0	0	0	0	0
chedal	EXPLICIT_OVERRIDE	trockenes Material I, abgemessen; Mittelstufe	eingedickter Drogenposten	Trockenfeld der Mittelstufe	FORM_SPECIFIC_COMPLETE_WHOLE_NO_COMPONENT_EXPORT	PORTABLE_DAL_REMAINDER_CANDIDATE	OPAQUE_LEARNED_WHOLE_CANDIDATE	MATERIAL|MEASURE|LEVEL_I_C0_FAMILY_PRIOR	66	C1_AXIS_C0_CARRIER_WHOLE	EDITORIAL_EVIDENCE_WEIGHT_NOT_FORMULA_NOT_PROBABILITY	READER_EXACT_COMPLETE_WHOLE_ONLY	GDT655|GDT711|GDT712	RETAIN_FORM_SPECIFIC_WHOLE_NO_COMPONENT_EXPORT	Beobachtete vollständige Oberfläche mit 22 rohen und 15 reader-exakten Vorkommen auf 7 exakten Folios; Kartenlinie GDT655|GDT711|GDT712.	Der SHIFT-Test schlägt beide Kontrollen nur in 2/10, der günstigere CORE-Test in 4/10 Reihen; kein reader-exakter gleichlokaler X|dal-Split und kein d|al-Split. Die Oberfläche kann ein gelernter Ganzname oder ein anderes Feld sein.	22	15	11	1	15	10	7	1	0	1	0	0	chedal#GLOBAL	trockener abgewogener Rohstoffposten I in der Gradmitte	66	INHERITED_UNCHANGED	NONE	0	0	0	0	0	0	0
cheodal	EXPLICIT_OVERRIDE	trockenes Ansatzmaterial I, abgemessen	eingedickter Arzneiextrakt	Trocken-/Mengenfeld I	FORM_SPECIFIC_COMPLETE_WHOLE_NO_COMPONENT_EXPORT	PORTABLE_DAL_REMAINDER_CANDIDATE	OPAQUE_LEARNED_WHOLE_CANDIDATE	MATERIAL|MEASURE|LEVEL_I_C0_FAMILY_PRIOR	44	C0_WHOLE_ANALOGY	EDITORIAL_EVIDENCE_WEIGHT_NOT_FORMULA_NOT_PROBABILITY	READER_EXACT_COMPLETE_WHOLE_ONLY	GDT734|GDT788	FORM_SPECIFIC_WHOLE_ANALOGY_NO_COMPONENT_EXPORT	Beobachtete vollständige Oberfläche mit 5 rohen und 5 reader-exakten Vorkommen auf 5 exakten Folios; Kartenlinie GDT734|GDT788.	Der SHIFT-Test schlägt beide Kontrollen nur in 2/10, der günstigere CORE-Test in 4/10 Reihen; kein reader-exakter gleichlokaler X|dal-Split und kein d|al-Split. Die Oberfläche kann ein gelernter Ganzname oder ein anderes Feld sein.	5	5	5	1	5	5	5	1	0	1	0	0	NONE	NONE	NONE	NONE	NONE	0	0	0	0	0	0	0
chkodal	EXACT_SINGLETON_FALLBACK	Materialposten I	Material I, abgemessen	Mengen-/Wertfeld I	LEARNED_COMPLETE_WHOLE_WITH_DAL_FAMILY_DISPLAY_PRIOR	PORTABLE_DAL_REMAINDER_CANDIDATE	OPAQUE_LEARNED_WHOLE_CANDIDATE	MATERIAL|MEASURE|LEVEL_I_C0_FAMILY_PRIOR	24	C0_EXACT_SINGLETON_WHOLE	EDITORIAL_EVIDENCE_WEIGHT_NOT_FORMULA_NOT_PROBABILITY	READER_EXACT_COMPLETE_WHOLE_ONLY	GDT788	LEARNED_COMPLETE_WHOLE_WITH_DAL_FAMILY_DISPLAY_PRIOR	Beobachtete vollständige Oberfläche mit 1 rohen und 1 reader-exakten Vorkommen auf 1 exakten Folios; Kartenlinie GDT788.	Der SHIFT-Test schlägt beide Kontrollen nur in 2/10, der günstigere CORE-Test in 4/10 Reihen; kein reader-exakter gleichlokaler X|dal-Split und kein d|al-Split. Die Oberfläche kann ein gelernter Ganzname oder ein anderes Feld sein.	1	1	1	1	1	1	1	1	0	1	0	0	NONE	NONE	NONE	NONE	NONE	0	0	0	0	0	0	0
chodal	EXPLICIT_OVERRIDE	trockenes Material I im Ansatz	trockener Drogenposten	Trocken-/Anfangsfeld I	FORM_SPECIFIC_COMPLETE_WHOLE_NO_COMPONENT_EXPORT	PORTABLE_DAL_REMAINDER_CANDIDATE	OPAQUE_LEARNED_WHOLE_CANDIDATE	MATERIAL|MEASURE|LEVEL_I_C0_FAMILY_PRIOR	40	C0_WHOLE_ANALOGY	EDITORIAL_EVIDENCE_WEIGHT_NOT_FORMULA_NOT_PROBABILITY	READER_EXACT_COMPLETE_WHOLE_ONLY	GDT734|GDT788	FORM_SPECIFIC_WHOLE_ANALOGY_NO_COMPONENT_EXPORT	Beobachtete vollständige Oberfläche mit 5 rohen und 4 reader-exakten Vorkommen auf 3 exakten Folios; Kartenlinie GDT734|GDT788.	Der SHIFT-Test schlägt beide Kontrollen nur in 2/10, der günstigere CORE-Test in 4/10 Reihen; kein reader-exakter gleichlokaler X|dal-Split und kein d|al-Split. Die Oberfläche kann ein gelernter Ganzname oder ein anderes Feld sein.	5	4	4	1	4	3	3	1	0	1	0	0	NONE	NONE	NONE	NONE	NONE	0	0	0	0	0	0	0
choddal	EXACT_SINGLETON_FALLBACK	Materialposten I	Material I, abgemessen	Mengen-/Wertfeld I	LEARNED_COMPLETE_WHOLE_WITH_DAL_FAMILY_DISPLAY_PRIOR	PORTABLE_DAL_REMAINDER_CANDIDATE	OPAQUE_LEARNED_WHOLE_CANDIDATE	MATERIAL|MEASURE|LEVEL_I_C0_FAMILY_PRIOR	24	C0_EXACT_SINGLETON_WHOLE	EDITORIAL_EVIDENCE_WEIGHT_NOT_FORMULA_NOT_PROBABILITY	READER_EXACT_COMPLETE_WHOLE_ONLY	GDT788	LEARNED_COMPLETE_WHOLE_WITH_DAL_FAMILY_DISPLAY_PRIOR	Beobachtete vollständige Oberfläche mit 1 rohen und 1 reader-exakten Vorkommen auf 1 exakten Folios; Kartenlinie GDT788.	Der SHIFT-Test schlägt beide Kontrollen nur in 2/10, der günstigere CORE-Test in 4/10 Reihen; kein reader-exakter gleichlokaler X|dal-Split und kein d|al-Split. Die Oberfläche kann ein gelernter Ganzname oder ein anderes Feld sein.	1	1	1	1	1	1	1	1	0	1	0	0	NONE	NONE	NONE	NONE	NONE	0	0	0	0	0	0	0
chokedal	RAW_ONLY_FALLBACK	Materialposten I	Material I, abgemessen	Mengen-/Wertfeld I	RAW_READER_WARNING_ONLY	PORTABLE_DAL_REMAINDER_CANDIDATE	OPAQUE_LEARNED_WHOLE_CANDIDATE	MATERIAL|MEASURE|LEVEL_I_C0_FAMILY_PRIOR	12	C0_RAW_READER_WARNING	EDITORIAL_EVIDENCE_WEIGHT_NOT_FORMULA_NOT_PROBABILITY	RAW_READER_WARNING_ONLY	GDT788	RAW_READER_WARNING_ONLY	Ein rohes Vorkommen der vollständigen Oberfläche; Kartenlinie GDT788; die Anzeige verhindert eine leere Arbeitsstelle.	Kein reader-exaktes vollständiges Wort; Segmentierung und Bedeutung bleiben offen. Keine getrennte Grenze, historische Wortidentität oder Renderer-Lizenz.	1	1	1	0	0	0	0	0	1	1	0	0	NONE	NONE	NONE	NONE	NONE	0	0	0	0	0	0	0
choldal	EXPLICIT_OVERRIDE	trockenes Drogenmaterial I, abgemessen	geröstete Pflanzendroge	Trocken-/Mengenfeld I	FORM_SPECIFIC_COMPLETE_WHOLE_NO_COMPONENT_EXPORT	PORTABLE_DAL_REMAINDER_CANDIDATE	OPAQUE_LEARNED_WHOLE_CANDIDATE	MATERIAL|MEASURE|LEVEL_I_C0_FAMILY_PRIOR	32	C0_BOUNDARY_BRIDGE_WHOLE	EDITORIAL_EVIDENCE_WEIGHT_NOT_FORMULA_NOT_PROBABILITY	READER_EXACT_COMPLETE_WHOLE_ONLY	GDT788	BOUNDARY_MOBILE_WHOLE_C0	Beobachtete vollständige Oberfläche mit 1 rohen und 1 reader-exakten Vorkommen auf 1 exakten Folios; Kartenlinie GDT788.	Der SHIFT-Test schlägt beide Kontrollen nur in 2/10, der günstigere CORE-Test in 4/10 Reihen; kein reader-exakter gleichlokaler X|dal-Split und kein d|al-Split. Die Oberfläche kann ein gelernter Ganzname oder ein anderes Feld sein.	1	1	1	1	1	1	1	1	0	1	0	0	NONE	NONE	NONE	NONE	NONE	0	0	0	0	0	0	0
cphodal	EXACT_SINGLETON_FALLBACK	Materialposten I	Material I, abgemessen	Mengen-/Wertfeld I	LEARNED_COMPLETE_WHOLE_WITH_DAL_FAMILY_DISPLAY_PRIOR	PORTABLE_DAL_REMAINDER_CANDIDATE	OPAQUE_LEARNED_WHOLE_CANDIDATE	MATERIAL|MEASURE|LEVEL_I_C0_FAMILY_PRIOR	24	C0_EXACT_SINGLETON_WHOLE	EDITORIAL_EVIDENCE_WEIGHT_NOT_FORMULA_NOT_PROBABILITY	READER_EXACT_COMPLETE_WHOLE_ONLY	GDT788	LEARNED_COMPLETE_WHOLE_WITH_DAL_FAMILY_DISPLAY_PRIOR	Beobachtete vollständige Oberfläche mit 1 rohen und 1 reader-exakten Vorkommen auf 1 exakten Folios; Kartenlinie GDT788.	Der SHIFT-Test schlägt beide Kontrollen nur in 2/10, der günstigere CORE-Test in 4/10 Reihen; kein reader-exakter gleichlokaler X|dal-Split und kein d|al-Split. Die Oberfläche kann ein gelernter Ganzname oder ein anderes Feld sein.	1	1	1	1	1	1	1	1	0	1	0	0	NONE	NONE	NONE	NONE	NONE	0	0	0	0	0	0	0
cthodal	EXPLICIT_OVERRIDE	aufbereitetes Material I, abgemessen	fertige Drogenzubereitung	Ergebnis-/Wertfeld I	FORM_SPECIFIC_COMPLETE_WHOLE_NO_COMPONENT_EXPORT	PORTABLE_DAL_REMAINDER_CANDIDATE	OPAQUE_LEARNED_WHOLE_CANDIDATE	MATERIAL|MEASURE|LEVEL_I_C0_FAMILY_PRIOR	30	C0_WHOLE_ANALOGY	EDITORIAL_EVIDENCE_WEIGHT_NOT_FORMULA_NOT_PROBABILITY	READER_EXACT_COMPLETE_WHOLE_ONLY	GDT734|GDT788	FORM_SPECIFIC_WHOLE_ANALOGY_NO_COMPONENT_EXPORT	Beobachtete vollständige Oberfläche mit 2 rohen und 2 reader-exakten Vorkommen auf 2 exakten Folios; Kartenlinie GDT734|GDT788.	Der SHIFT-Test schlägt beide Kontrollen nur in 2/10, der günstigere CORE-Test in 4/10 Reihen; kein reader-exakter gleichlokaler X|dal-Split und kein d|al-Split. Die Oberfläche kann ein gelernter Ganzname oder ein anderes Feld sein.	2	2	2	1	2	2	2	1	0	1	0	0	NONE	NONE	NONE	NONE	NONE	0	0	0	0	0	0	0
daiidal	EXPLICIT_OVERRIDE	Material I, abgemessen; Wert III	drei Maße Material I	Materialklasse III	FORM_SPECIFIC_COMPLETE_WHOLE_NO_COMPONENT_EXPORT	PORTABLE_DAL_REMAINDER_CANDIDATE	OPAQUE_LEARNED_WHOLE_CANDIDATE	MATERIAL|MEASURE|LEVEL_I_C0_FAMILY_PRIOR	34	C0_INHERITED_WHOLE	EDITORIAL_EVIDENCE_WEIGHT_NOT_FORMULA_NOT_PROBABILITY	READER_EXACT_COMPLETE_WHOLE_ONLY	GDT655|GDT711|GDT712	RETAIN_AS_REPLACEABLE_WHOLE	Beobachtete vollständige Oberfläche mit 1 rohen und 1 reader-exakten Vorkommen auf 1 exakten Folios; Kartenlinie GDT655|GDT711|GDT712.	Der SHIFT-Test schlägt beide Kontrollen nur in 2/10, der günstigere CORE-Test in 4/10 Reihen; kein reader-exakter gleichlokaler X|dal-Split und kein d|al-Split. Die Oberfläche kann ein gelernter Ganzname oder ein anderes Feld sein.	1	1	1	1	1	1	1	1	0	1	0	0	daiidal#1	abgemessenes Material I; Wert III	39	INHERITED_UNCHANGED	NONE	0	0	0	0	0	0	0
dal	EXPLICIT_OVERRIDE	Material I, abgemessen	Rohdrogenposten	Mengen-/Wertfeld I	INHERITED_COMPLETE_WHOLE_NO_INNER_SPLIT	PORTABLE_DAL_REMAINDER_CANDIDATE	OPAQUE_LEARNED_WHOLE_CANDIDATE	MATERIAL|MEASURE|LEVEL_I_C0_FAMILY_PRIOR	72	C1_PROVENANCE_BOUND_COMPLETE_WHOLE	EDITORIAL_EVIDENCE_WEIGHT_NOT_FORMULA_NOT_PROBABILITY	READER_EXACT_COMPLETE_WHOLE_ONLY	GDT653|GDT655|GDT711|GDT712|GDT764	RETAIN_SHORT_WHOLE_READING_VALUE_AXIS_OPEN	Beobachtete vollständige Oberfläche mit 191 rohen und 147 reader-exakten Vorkommen auf 58 exakten Folios; Kartenlinie GDT653|GDT655|GDT711|GDT712|GDT764.	Der SHIFT-Test schlägt beide Kontrollen nur in 2/10, der günstigere CORE-Test in 4/10 Reihen; kein reader-exakter gleichlokaler X|dal-Split und kein d|al-Split. Die Oberfläche kann ein gelernter Ganzname oder ein anderes Feld sein.	191	87	64	1	147	77	58	1	0	1	0	0	dal#V84_1	Rohstoff I, abgemessen	35	INHERITED_UNCHANGED	NONE	0	0	0	0	0	0	0
daldal	EXPLICIT_OVERRIDE	gekoppelter Materialposten I, abgemessen	zwei Materialmengen I	Mengen-/Wertdoppelmarke	FORM_SPECIFIC_COMPLETE_WHOLE_NO_COMPONENT_EXPORT	PORTABLE_DAL_REMAINDER_CANDIDATE	OPAQUE_LEARNED_WHOLE_CANDIDATE	MATERIAL|MEASURE|LEVEL_I_C0_FAMILY_PRIOR	28	C0_FORMAL_REPETITION_WHOLE	EDITORIAL_EVIDENCE_WEIGHT_NOT_FORMULA_NOT_PROBABILITY	READER_EXACT_COMPLETE_WHOLE_ONLY	GDT788	FORMAL_REPETITION_WHOLE_C0	Beobachtete vollständige Oberfläche mit 1 rohen und 1 reader-exakten Vorkommen auf 1 exakten Folios; Kartenlinie GDT788.	Der SHIFT-Test schlägt beide Kontrollen nur in 2/10, der günstigere CORE-Test in 4/10 Reihen; kein reader-exakter gleichlokaler X|dal-Split und kein d|al-Split. Die Oberfläche kann ein gelernter Ganzname oder ein anderes Feld sein.	1	1	1	1	1	1	1	1	0	1	0	0	NONE	NONE	NONE	NONE	NONE	0	0	0	0	0	0	0
daramdal	RAW_ONLY_FALLBACK	Materialposten I	Material I, abgemessen	Mengen-/Wertfeld I	RAW_READER_WARNING_ONLY	PORTABLE_DAL_REMAINDER_CANDIDATE	OPAQUE_LEARNED_WHOLE_CANDIDATE	MATERIAL|MEASURE|LEVEL_I_C0_FAMILY_PRIOR	12	C0_RAW_READER_WARNING	EDITORIAL_EVIDENCE_WEIGHT_NOT_FORMULA_NOT_PROBABILITY	RAW_READER_WARNING_ONLY	GDT788	RAW_READER_WARNING_ONLY	Ein rohes Vorkommen der vollständigen Oberfläche; Kartenlinie GDT788; die Anzeige verhindert eine leere Arbeitsstelle.	Kein reader-exaktes vollständiges Wort; Segmentierung und Bedeutung bleiben offen. Keine getrennte Grenze, historische Wortidentität oder Renderer-Lizenz.	1	1	1	0	0	0	0	0	1	1	0	0	NONE	NONE	NONE	NONE	NONE	0	0	0	0	0	0	0
darcheedal	RAW_ONLY_FALLBACK	Materialposten I	Material I, abgemessen	Mengen-/Wertfeld I	RAW_READER_WARNING_ONLY	PORTABLE_DAL_REMAINDER_CANDIDATE	OPAQUE_LEARNED_WHOLE_CANDIDATE	MATERIAL|MEASURE|LEVEL_I_C0_FAMILY_PRIOR	12	C0_RAW_READER_WARNING	EDITORIAL_EVIDENCE_WEIGHT_NOT_FORMULA_NOT_PROBABILITY	RAW_READER_WARNING_ONLY	GDT788	RAW_READER_WARNING_ONLY	Ein rohes Vorkommen der vollständigen Oberfläche; Kartenlinie GDT788; die Anzeige verhindert eine leere Arbeitsstelle.	Kein reader-exaktes vollständiges Wort; Segmentierung und Bedeutung bleiben offen. Keine getrennte Grenze, historische Wortidentität oder Renderer-Lizenz.	1	1	1	0	0	0	0	0	1	1	0	0	NONE	NONE	NONE	NONE	NONE	0	0	0	0	0	0	0
dchdal	EXACT_SINGLETON_FALLBACK	Materialposten I	Material I, abgemessen	Mengen-/Wertfeld I	LEARNED_COMPLETE_WHOLE_WITH_DAL_FAMILY_DISPLAY_PRIOR	PORTABLE_DAL_REMAINDER_CANDIDATE	OPAQUE_LEARNED_WHOLE_CANDIDATE	MATERIAL|MEASURE|LEVEL_I_C0_FAMILY_PRIOR	24	C0_EXACT_SINGLETON_WHOLE	EDITORIAL_EVIDENCE_WEIGHT_NOT_FORMULA_NOT_PROBABILITY	READER_EXACT_COMPLETE_WHOLE_ONLY	GDT788	LEARNED_COMPLETE_WHOLE_WITH_DAL_FAMILY_DISPLAY_PRIOR	Beobachtete vollständige Oberfläche mit 1 rohen und 1 reader-exakten Vorkommen auf 1 exakten Folios; Kartenlinie GDT788.	Der SHIFT-Test schlägt beide Kontrollen nur in 2/10, der günstigere CORE-Test in 4/10 Reihen; kein reader-exakter gleichlokaler X|dal-Split und kein d|al-Split. Die Oberfläche kann ein gelernter Ganzname oder ein anderes Feld sein.	1	1	1	1	1	1	1	1	0	1	0	0	NONE	NONE	NONE	NONE	NONE	0	0	0	0	0	0	0
dshedal	EXACT_SINGLETON_FALLBACK	Materialposten I	Material I, abgemessen	Mengen-/Wertfeld I	LEARNED_COMPLETE_WHOLE_WITH_DAL_FAMILY_DISPLAY_PRIOR	PORTABLE_DAL_REMAINDER_CANDIDATE	OPAQUE_LEARNED_WHOLE_CANDIDATE	MATERIAL|MEASURE|LEVEL_I_C0_FAMILY_PRIOR	24	C0_EXACT_SINGLETON_WHOLE	EDITORIAL_EVIDENCE_WEIGHT_NOT_FORMULA_NOT_PROBABILITY	READER_EXACT_COMPLETE_WHOLE_ONLY	GDT788	LEARNED_COMPLETE_WHOLE_WITH_DAL_FAMILY_DISPLAY_PRIOR	Beobachtete vollständige Oberfläche mit 1 rohen und 1 reader-exakten Vorkommen auf 1 exakten Folios; Kartenlinie GDT788.	Der SHIFT-Test schlägt beide Kontrollen nur in 2/10, der günstigere CORE-Test in 4/10 Reihen; kein reader-exakter gleichlokaler X|dal-Split und kein d|al-Split. Die Oberfläche kann ein gelernter Ganzname oder ein anderes Feld sein.	1	1	1	1	1	1	1	1	0	1	0	0	NONE	NONE	NONE	NONE	NONE	0	0	0	0	0	0	0
dsheedal	EXPLICIT_OVERRIDE	feuchtes Material I, abgemessen; Endstufe	vollständig mazerierte Droge	Feuchte-/Wertfeld I	FORM_SPECIFIC_COMPLETE_WHOLE_NO_COMPONENT_EXPORT	PORTABLE_DAL_REMAINDER_CANDIDATE	OPAQUE_LEARNED_WHOLE_CANDIDATE	MATERIAL|MEASURE|LEVEL_I_C0_FAMILY_PRIOR	22	C0_REPAIRED_WHOLE	EDITORIAL_EVIDENCE_WEIGHT_NOT_FORMULA_NOT_PROBABILITY	READER_EXACT_COMPLETE_WHOLE_ONLY	GDT734|GDT754	REPAIRED_COMPLETE_WHOLE_C0	Beobachtete vollständige Oberfläche mit 1 rohen und 1 reader-exakten Vorkommen auf 1 exakten Folios; Kartenlinie GDT734|GDT754.	Der SHIFT-Test schlägt beide Kontrollen nur in 2/10, der günstigere CORE-Test in 4/10 Reihen; kein reader-exakter gleichlokaler X|dal-Split und kein d|al-Split. Die Oberfläche kann ein gelernter Ganzname oder ein anderes Feld sein.	1	1	1	1	1	1	1	1	0	1	0	0	dsheedal#GLOBAL	vollständig eingeweichte Rohdroge I abmessen	4	INHERITED_UNCHANGED	NONE	0	0	0	0	0	0	0
dshodal	RAW_ONLY_FALLBACK	Materialposten I	Material I, abgemessen	Mengen-/Wertfeld I	RAW_READER_WARNING_ONLY	PORTABLE_DAL_REMAINDER_CANDIDATE	OPAQUE_LEARNED_WHOLE_CANDIDATE	MATERIAL|MEASURE|LEVEL_I_C0_FAMILY_PRIOR	12	C0_RAW_READER_WARNING	EDITORIAL_EVIDENCE_WEIGHT_NOT_FORMULA_NOT_PROBABILITY	RAW_READER_WARNING_ONLY	GDT788	RAW_READER_WARNING_ONLY	Ein rohes Vorkommen der vollständigen Oberfläche; Kartenlinie GDT788; die Anzeige verhindert eine leere Arbeitsstelle.	Kein reader-exaktes vollständiges Wort; Segmentierung und Bedeutung bleiben offen. Keine getrennte Grenze, historische Wortidentität oder Renderer-Lizenz.	1	1	1	0	0	0	0	0	1	1	0	0	NONE	NONE	NONE	NONE	NONE	0	0	0	0	0	0	0
fcheodal	EXACT_SINGLETON_FALLBACK	Materialposten I	Material I, abgemessen	Mengen-/Wertfeld I	LEARNED_COMPLETE_WHOLE_WITH_DAL_FAMILY_DISPLAY_PRIOR	PORTABLE_DAL_REMAINDER_CANDIDATE	OPAQUE_LEARNED_WHOLE_CANDIDATE	MATERIAL|MEASURE|LEVEL_I_C0_FAMILY_PRIOR	24	C0_EXACT_SINGLETON_WHOLE	EDITORIAL_EVIDENCE_WEIGHT_NOT_FORMULA_NOT_PROBABILITY	READER_EXACT_COMPLETE_WHOLE_ONLY	GDT788	LEARNED_COMPLETE_WHOLE_WITH_DAL_FAMILY_DISPLAY_PRIOR	Beobachtete vollständige Oberfläche mit 1 rohen und 1 reader-exakten Vorkommen auf 1 exakten Folios; Kartenlinie GDT788.	Der SHIFT-Test schlägt beide Kontrollen nur in 2/10, der günstigere CORE-Test in 4/10 Reihen; kein reader-exakter gleichlokaler X|dal-Split und kein d|al-Split. Die Oberfläche kann ein gelernter Ganzname oder ein anderes Feld sein.	1	1	1	1	1	1	1	1	0	1	0	0	NONE	NONE	NONE	NONE	NONE	0	0	0	0	0	0	0
fodal	RAW_ONLY_FALLBACK	Materialposten I	Material I, abgemessen	Mengen-/Wertfeld I	RAW_READER_WARNING_ONLY	PORTABLE_DAL_REMAINDER_CANDIDATE	OPAQUE_LEARNED_WHOLE_CANDIDATE	MATERIAL|MEASURE|LEVEL_I_C0_FAMILY_PRIOR	12	C0_RAW_READER_WARNING	EDITORIAL_EVIDENCE_WEIGHT_NOT_FORMULA_NOT_PROBABILITY	RAW_READER_WARNING_ONLY	GDT788	RAW_READER_WARNING_ONLY	Ein rohes Vorkommen der vollständigen Oberfläche; Kartenlinie GDT788; die Anzeige verhindert eine leere Arbeitsstelle.	Kein reader-exaktes vollständiges Wort; Segmentierung und Bedeutung bleiben offen. Keine getrennte Grenze, historische Wortidentität oder Renderer-Lizenz.	1	1	1	0	0	0	0	0	1	1	0	0	NONE	NONE	NONE	NONE	NONE	0	0	0	0	0	0	0
fschedal	RAW_ONLY_FALLBACK	Materialposten I	Material I, abgemessen	Mengen-/Wertfeld I	RAW_READER_WARNING_ONLY	PORTABLE_DAL_REMAINDER_CANDIDATE	OPAQUE_LEARNED_WHOLE_CANDIDATE	MATERIAL|MEASURE|LEVEL_I_C0_FAMILY_PRIOR	12	C0_RAW_READER_WARNING	EDITORIAL_EVIDENCE_WEIGHT_NOT_FORMULA_NOT_PROBABILITY	RAW_READER_WARNING_ONLY	GDT788	RAW_READER_WARNING_ONLY	Ein rohes Vorkommen der vollständigen Oberfläche; Kartenlinie GDT788; die Anzeige verhindert eine leere Arbeitsstelle.	Kein reader-exaktes vollständiges Wort; Segmentierung und Bedeutung bleiben offen. Keine getrennte Grenze, historische Wortidentität oder Renderer-Lizenz.	1	1	1	0	0	0	0	0	1	1	0	0	NONE	NONE	NONE	NONE	NONE	0	0	0	0	0	0	0
kaiiidal	EXACT_SINGLETON_FALLBACK	Materialposten I	Material I, abgemessen	Mengen-/Wertfeld I	LEARNED_COMPLETE_WHOLE_WITH_DAL_FAMILY_DISPLAY_PRIOR	PORTABLE_DAL_REMAINDER_CANDIDATE	OPAQUE_LEARNED_WHOLE_CANDIDATE	MATERIAL|MEASURE|LEVEL_I_C0_FAMILY_PRIOR	24	C0_EXACT_SINGLETON_WHOLE	EDITORIAL_EVIDENCE_WEIGHT_NOT_FORMULA_NOT_PROBABILITY	READER_EXACT_COMPLETE_WHOLE_ONLY	GDT788	LEARNED_COMPLETE_WHOLE_WITH_DAL_FAMILY_DISPLAY_PRIOR	Beobachtete vollständige Oberfläche mit 1 rohen und 1 reader-exakten Vorkommen auf 1 exakten Folios; Kartenlinie GDT788.	Der SHIFT-Test schlägt beide Kontrollen nur in 2/10, der günstigere CORE-Test in 4/10 Reihen; kein reader-exakter gleichlokaler X|dal-Split und kein d|al-Split. Die Oberfläche kann ein gelernter Ganzname oder ein anderes Feld sein.	1	1	1	1	1	1	1	1	0	1	0	0	NONE	NONE	NONE	NONE	NONE	0	0	0	0	0	0	0
kchdal	EXACT_SINGLETON_FALLBACK	Materialposten I	Material I, abgemessen	Mengen-/Wertfeld I	LEARNED_COMPLETE_WHOLE_WITH_DAL_FAMILY_DISPLAY_PRIOR	PORTABLE_DAL_REMAINDER_CANDIDATE	OPAQUE_LEARNED_WHOLE_CANDIDATE	MATERIAL|MEASURE|LEVEL_I_C0_FAMILY_PRIOR	24	C0_EXACT_SINGLETON_WHOLE	EDITORIAL_EVIDENCE_WEIGHT_NOT_FORMULA_NOT_PROBABILITY	READER_EXACT_COMPLETE_WHOLE_ONLY	GDT788	LEARNED_COMPLETE_WHOLE_WITH_DAL_FAMILY_DISPLAY_PRIOR	Beobachtete vollständige Oberfläche mit 2 rohen und 1 reader-exakten Vorkommen auf 1 exakten Folios; Kartenlinie GDT788.	Der SHIFT-Test schlägt beide Kontrollen nur in 2/10, der günstigere CORE-Test in 4/10 Reihen; kein reader-exakter gleichlokaler X|dal-Split und kein d|al-Split. Die Oberfläche kann ein gelernter Ganzname oder ein anderes Feld sein.	2	2	2	1	1	1	1	1	0	1	0	0	NONE	NONE	NONE	NONE	NONE	0	0	0	0	0	0	0
kedal	EXACT_SINGLETON_FALLBACK	Materialposten I	Material I, abgemessen	Mengen-/Wertfeld I	LEARNED_COMPLETE_WHOLE_WITH_DAL_FAMILY_DISPLAY_PRIOR	PORTABLE_DAL_REMAINDER_CANDIDATE	OPAQUE_LEARNED_WHOLE_CANDIDATE	MATERIAL|MEASURE|LEVEL_I_C0_FAMILY_PRIOR	24	C0_EXACT_SINGLETON_WHOLE	EDITORIAL_EVIDENCE_WEIGHT_NOT_FORMULA_NOT_PROBABILITY	READER_EXACT_COMPLETE_WHOLE_ONLY	GDT788	LEARNED_COMPLETE_WHOLE_WITH_DAL_FAMILY_DISPLAY_PRIOR	Beobachtete vollständige Oberfläche mit 1 rohen und 1 reader-exakten Vorkommen auf 1 exakten Folios; Kartenlinie GDT788.	Der SHIFT-Test schlägt beide Kontrollen nur in 2/10, der günstigere CORE-Test in 4/10 Reihen; kein reader-exakter gleichlokaler X|dal-Split und kein d|al-Split. Die Oberfläche kann ein gelernter Ganzname oder ein anderes Feld sein.	1	1	1	1	1	1	1	1	0	1	0	0	NONE	NONE	NONE	NONE	NONE	0	0	0	0	0	0	0
keedal	EXPLICIT_OVERRIDE	erhitztes Material I, abgemessen; Endstufe	eingedickte Abkochung	Wärme-/Endfeld I	FORM_SPECIFIC_COMPLETE_WHOLE_NO_COMPONENT_EXPORT	PORTABLE_DAL_REMAINDER_CANDIDATE	OPAQUE_LEARNED_WHOLE_CANDIDATE	MATERIAL|MEASURE|LEVEL_I_C0_FAMILY_PRIOR	34	C0_WHOLE_ANALOGY	EDITORIAL_EVIDENCE_WEIGHT_NOT_FORMULA_NOT_PROBABILITY	READER_EXACT_COMPLETE_WHOLE_ONLY	GDT734|GDT788	FORM_SPECIFIC_WHOLE_ANALOGY_NO_COMPONENT_EXPORT	Beobachtete vollständige Oberfläche mit 2 rohen und 2 reader-exakten Vorkommen auf 2 exakten Folios; Kartenlinie GDT734|GDT788.	Der SHIFT-Test schlägt beide Kontrollen nur in 2/10, der günstigere CORE-Test in 4/10 Reihen; kein reader-exakter gleichlokaler X|dal-Split und kein d|al-Split. Die Oberfläche kann ein gelernter Ganzname oder ein anderes Feld sein.	2	2	2	1	2	2	2	1	0	1	0	0	NONE	NONE	NONE	NONE	NONE	0	0	0	0	0	0	0
keeedal	EXACT_SINGLETON_FALLBACK	Materialposten I	Material I, abgemessen	Mengen-/Wertfeld I	LEARNED_COMPLETE_WHOLE_WITH_DAL_FAMILY_DISPLAY_PRIOR	PORTABLE_DAL_REMAINDER_CANDIDATE	OPAQUE_LEARNED_WHOLE_CANDIDATE	MATERIAL|MEASURE|LEVEL_I_C0_FAMILY_PRIOR	24	C0_EXACT_SINGLETON_WHOLE	EDITORIAL_EVIDENCE_WEIGHT_NOT_FORMULA_NOT_PROBABILITY	READER_EXACT_COMPLETE_WHOLE_ONLY	GDT788	LEARNED_COMPLETE_WHOLE_WITH_DAL_FAMILY_DISPLAY_PRIOR	Beobachtete vollständige Oberfläche mit 1 rohen und 1 reader-exakten Vorkommen auf 1 exakten Folios; Kartenlinie GDT788.	Der SHIFT-Test schlägt beide Kontrollen nur in 2/10, der günstigere CORE-Test in 4/10 Reihen; kein reader-exakter gleichlokaler X|dal-Split und kein d|al-Split. Die Oberfläche kann ein gelernter Ganzname oder ein anderes Feld sein.	1	1	1	1	1	1	1	1	0	1	0	0	NONE	NONE	NONE	NONE	NONE	0	0	0	0	0	0	0
keeodal	EXACT_SINGLETON_FALLBACK	Materialposten I	Material I, abgemessen	Mengen-/Wertfeld I	LEARNED_COMPLETE_WHOLE_WITH_DAL_FAMILY_DISPLAY_PRIOR	PORTABLE_DAL_REMAINDER_CANDIDATE	OPAQUE_LEARNED_WHOLE_CANDIDATE	MATERIAL|MEASURE|LEVEL_I_C0_FAMILY_PRIOR	24	C0_EXACT_SINGLETON_WHOLE	EDITORIAL_EVIDENCE_WEIGHT_NOT_FORMULA_NOT_PROBABILITY	READER_EXACT_COMPLETE_WHOLE_ONLY	GDT788	LEARNED_COMPLETE_WHOLE_WITH_DAL_FAMILY_DISPLAY_PRIOR	Beobachtete vollständige Oberfläche mit 1 rohen und 1 reader-exakten Vorkommen auf 1 exakten Folios; Kartenlinie GDT788.	Der SHIFT-Test schlägt beide Kontrollen nur in 2/10, der günstigere CORE-Test in 4/10 Reihen; kein reader-exakter gleichlokaler X|dal-Split und kein d|al-Split. Die Oberfläche kann ein gelernter Ganzname oder ein anderes Feld sein.	1	1	1	1	1	1	1	1	0	1	0	0	NONE	NONE	NONE	NONE	NONE	0	0	0	0	0	0	0
keeredal	RAW_ONLY_FALLBACK	Materialposten I	Material I, abgemessen	Mengen-/Wertfeld I	RAW_READER_WARNING_ONLY	PORTABLE_DAL_REMAINDER_CANDIDATE	OPAQUE_LEARNED_WHOLE_CANDIDATE	MATERIAL|MEASURE|LEVEL_I_C0_FAMILY_PRIOR	12	C0_RAW_READER_WARNING	EDITORIAL_EVIDENCE_WEIGHT_NOT_FORMULA_NOT_PROBABILITY	RAW_READER_WARNING_ONLY	GDT788	RAW_READER_WARNING_ONLY	Ein rohes Vorkommen der vollständigen Oberfläche; Kartenlinie GDT788; die Anzeige verhindert eine leere Arbeitsstelle.	Kein reader-exaktes vollständiges Wort; Segmentierung und Bedeutung bleiben offen. Keine getrennte Grenze, historische Wortidentität oder Renderer-Lizenz.	1	1	1	0	0	0	0	0	1	1	0	0	NONE	NONE	NONE	NONE	NONE	0	0	0	0	0	0	0
koldal	EXACT_SINGLETON_FALLBACK	Materialposten I	Material I, abgemessen	Mengen-/Wertfeld I	LEARNED_COMPLETE_WHOLE_WITH_DAL_FAMILY_DISPLAY_PRIOR	PORTABLE_DAL_REMAINDER_CANDIDATE	OPAQUE_LEARNED_WHOLE_CANDIDATE	MATERIAL|MEASURE|LEVEL_I_C0_FAMILY_PRIOR	24	C0_EXACT_SINGLETON_WHOLE	EDITORIAL_EVIDENCE_WEIGHT_NOT_FORMULA_NOT_PROBABILITY	READER_EXACT_COMPLETE_WHOLE_ONLY	GDT788	LEARNED_COMPLETE_WHOLE_WITH_DAL_FAMILY_DISPLAY_PRIOR	Beobachtete vollständige Oberfläche mit 2 rohen und 1 reader-exakten Vorkommen auf 1 exakten Folios; Kartenlinie GDT788.	Der SHIFT-Test schlägt beide Kontrollen nur in 2/10, der günstigere CORE-Test in 4/10 Reihen; kein reader-exakter gleichlokaler X|dal-Split und kein d|al-Split. Die Oberfläche kann ein gelernter Ganzname oder ein anderes Feld sein.	2	2	2	1	1	1	1	1	0	1	0	0	NONE	NONE	NONE	NONE	NONE	0	0	0	0	0	0	0
lchdal	EXPLICIT_OVERRIDE	trockenes Material I, abgemessen	trockener Drogenposten	Trocken-/Mengenfeld I	FORM_SPECIFIC_COMPLETE_WHOLE_NO_COMPONENT_EXPORT	PORTABLE_DAL_REMAINDER_CANDIDATE	OPAQUE_LEARNED_WHOLE_CANDIDATE	MATERIAL|MEASURE|LEVEL_I_C0_FAMILY_PRIOR	26	C0_REPAIRED_WHOLE	EDITORIAL_EVIDENCE_WEIGHT_NOT_FORMULA_NOT_PROBABILITY	READER_EXACT_COMPLETE_WHOLE_ONLY	GDT737	RETIRED_PATIENT_REMOVED_COMPLETE_WHOLE_C0	Beobachtete vollständige Oberfläche mit 2 rohen und 1 reader-exakten Vorkommen auf 1 exakten Folios; Kartenlinie GDT737.	Der SHIFT-Test schlägt beide Kontrollen nur in 2/10, der günstigere CORE-Test in 4/10 Reihen; kein reader-exakter gleichlokaler X|dal-Split und kein d|al-Split. Die Oberfläche kann ein gelernter Ganzname oder ein anderes Feld sein.	2	2	2	1	1	1	1	1	0	1	0	0	lchdal#GLOBAL	gemessene trockene Holzdroge, Rohstoff I	48	INHERITED_UNCHANGED	NONE	0	0	0	0	0	0	0
lchedal	EXACT_SINGLETON_FALLBACK	Materialposten I	Material I, abgemessen	Mengen-/Wertfeld I	LEARNED_COMPLETE_WHOLE_WITH_DAL_FAMILY_DISPLAY_PRIOR	PORTABLE_DAL_REMAINDER_CANDIDATE	OPAQUE_LEARNED_WHOLE_CANDIDATE	MATERIAL|MEASURE|LEVEL_I_C0_FAMILY_PRIOR	24	C0_EXACT_SINGLETON_WHOLE	EDITORIAL_EVIDENCE_WEIGHT_NOT_FORMULA_NOT_PROBABILITY	READER_EXACT_COMPLETE_WHOLE_ONLY	GDT788	LEARNED_COMPLETE_WHOLE_WITH_DAL_FAMILY_DISPLAY_PRIOR	Beobachtete vollständige Oberfläche mit 1 rohen und 1 reader-exakten Vorkommen auf 1 exakten Folios; Kartenlinie GDT788.	Der SHIFT-Test schlägt beide Kontrollen nur in 2/10, der günstigere CORE-Test in 4/10 Reihen; kein reader-exakter gleichlokaler X|dal-Split und kein d|al-Split. Die Oberfläche kann ein gelernter Ganzname oder ein anderes Feld sein.	1	1	1	1	1	1	1	1	0	1	0	0	NONE	NONE	NONE	NONE	NONE	0	0	0	0	0	0	0
lkchdal	EXPLICIT_OVERRIDE	erhitztes Trockenmaterial I, abgemessen	getrockneter Drogenposten	Wärme-/Trockenfeld I	RAW_READER_WARNING_ONLY	PORTABLE_DAL_REMAINDER_CANDIDATE	OPAQUE_LEARNED_WHOLE_CANDIDATE	MATERIAL|MEASURE|LEVEL_I_C0_FAMILY_PRIOR	14	C0_RAW_READER_WARNING	EDITORIAL_EVIDENCE_WEIGHT_NOT_FORMULA_NOT_PROBABILITY	RAW_READER_WARNING_ONLY	GDT734|GDT788	RAW_READER_WARNING_ONLY	Ein rohes Vorkommen der vollständigen Oberfläche; Kartenlinie GDT734|GDT788; die Anzeige verhindert eine leere Arbeitsstelle.	Kein reader-exaktes vollständiges Wort; Segmentierung und Bedeutung bleiben offen. Keine getrennte Grenze, historische Wortidentität oder Renderer-Lizenz.	1	1	1	0	0	0	0	0	1	1	0	0	lkchdal#GLOBAL	Holzdroge vollständig erhitzen und Rohdroge I abmessen	4	INHERITED_UNCHANGED	NONE	0	0	0	0	0	0	0
lkedal	EXPLICIT_OVERRIDE	erhitzter Materialposten I	fertige Zubereitung I	Wärme-/Mengenfeld I	FORM_SPECIFIC_COMPLETE_WHOLE_NO_COMPONENT_EXPORT	PORTABLE_DAL_REMAINDER_CANDIDATE	OPAQUE_LEARNED_WHOLE_CANDIDATE	MATERIAL|MEASURE|LEVEL_I_C0_FAMILY_PRIOR	30	C0_WHOLE_ANALOGY	EDITORIAL_EVIDENCE_WEIGHT_NOT_FORMULA_NOT_PROBABILITY	READER_EXACT_COMPLETE_WHOLE_ONLY	GDT734|GDT788	FORM_SPECIFIC_WHOLE_ANALOGY_NO_COMPONENT_EXPORT	Beobachtete vollständige Oberfläche mit 2 rohen und 2 reader-exakten Vorkommen auf 2 exakten Folios; Kartenlinie GDT734|GDT788.	Der SHIFT-Test schlägt beide Kontrollen nur in 2/10, der günstigere CORE-Test in 4/10 Reihen; kein reader-exakter gleichlokaler X|dal-Split und kein d|al-Split. Die Oberfläche kann ein gelernter Ganzname oder ein anderes Feld sein.	2	2	2	1	2	2	2	1	0	1	0	0	NONE	NONE	NONE	NONE	NONE	0	0	0	0	0	0	0
lshodykeodal	RAW_ONLY_FALLBACK	Materialposten I	Material I, abgemessen	Mengen-/Wertfeld I	RAW_READER_WARNING_ONLY	PORTABLE_DAL_REMAINDER_CANDIDATE	OPAQUE_LEARNED_WHOLE_CANDIDATE	MATERIAL|MEASURE|LEVEL_I_C0_FAMILY_PRIOR	12	C0_RAW_READER_WARNING	EDITORIAL_EVIDENCE_WEIGHT_NOT_FORMULA_NOT_PROBABILITY	RAW_READER_WARNING_ONLY	GDT788	RAW_READER_WARNING_ONLY	Ein rohes Vorkommen der vollständigen Oberfläche; Kartenlinie GDT788; die Anzeige verhindert eine leere Arbeitsstelle.	Kein reader-exaktes vollständiges Wort; Segmentierung und Bedeutung bleiben offen. Keine getrennte Grenze, historische Wortidentität oder Renderer-Lizenz.	1	1	1	0	0	0	0	0	1	1	0	0	NONE	NONE	NONE	NONE	NONE	0	0	0	0	0	0	0
ochedal	EXACT_SINGLETON_FALLBACK	Materialposten I	Material I, abgemessen	Mengen-/Wertfeld I	LEARNED_COMPLETE_WHOLE_WITH_DAL_FAMILY_DISPLAY_PRIOR	PORTABLE_DAL_REMAINDER_CANDIDATE	OPAQUE_LEARNED_WHOLE_CANDIDATE	MATERIAL|MEASURE|LEVEL_I_C0_FAMILY_PRIOR	24	C0_EXACT_SINGLETON_WHOLE	EDITORIAL_EVIDENCE_WEIGHT_NOT_FORMULA_NOT_PROBABILITY	READER_EXACT_COMPLETE_WHOLE_ONLY	GDT788	LEARNED_COMPLETE_WHOLE_WITH_DAL_FAMILY_DISPLAY_PRIOR	Beobachtete vollständige Oberfläche mit 1 rohen und 1 reader-exakten Vorkommen auf 1 exakten Folios; Kartenlinie GDT788.	Der SHIFT-Test schlägt beide Kontrollen nur in 2/10, der günstigere CORE-Test in 4/10 Reihen; kein reader-exakter gleichlokaler X|dal-Split und kein d|al-Split. Die Oberfläche kann ein gelernter Ganzname oder ein anderes Feld sein.	1	1	1	1	1	1	1	1	0	1	0	0	NONE	NONE	NONE	NONE	NONE	0	0	0	0	0	0	0
odal	EXPLICIT_OVERRIDE	Materialansatz I, abgemessen	Ansatzportion I	fertige Zubereitung I	FORM_SPECIFIC_COMPLETE_WHOLE_NO_COMPONENT_EXPORT	PORTABLE_DAL_REMAINDER_CANDIDATE	OPAQUE_LEARNED_WHOLE_CANDIDATE	MATERIAL|MEASURE|LEVEL_I_C0_FAMILY_PRIOR	52	C0_INHERITED_WHOLE	EDITORIAL_EVIDENCE_WEIGHT_NOT_FORMULA_NOT_PROBABILITY	READER_EXACT_COMPLETE_WHOLE_ONLY	GDT655|GDT711|GDT712	RETAIN_AS_REPLACEABLE_WHOLE	Beobachtete vollständige Oberfläche mit 14 rohen und 11 reader-exakten Vorkommen auf 10 exakten Folios; Kartenlinie GDT655|GDT711|GDT712.	Der SHIFT-Test schlägt beide Kontrollen nur in 2/10, der günstigere CORE-Test in 4/10 Reihen; kein reader-exakter gleichlokaler X|dal-Split und kein d|al-Split. Die Oberfläche kann ein gelernter Ganzname oder ein anderes Feld sein.	14	14	13	1	11	11	10	1	0	1	0	0	odal#GLOBAL	abgewogener Rohstoffposten I im Ansatz	58	INHERITED_UNCHANGED	NONE	0	0	0	0	0	0	0
ofyskydal	EXACT_SINGLETON_FALLBACK	Materialposten I	Material I, abgemessen	Mengen-/Wertfeld I	LEARNED_COMPLETE_WHOLE_WITH_DAL_FAMILY_DISPLAY_PRIOR	PORTABLE_DAL_REMAINDER_CANDIDATE	OPAQUE_LEARNED_WHOLE_CANDIDATE	MATERIAL|MEASURE|LEVEL_I_C0_FAMILY_PRIOR	24	C0_EXACT_SINGLETON_WHOLE	EDITORIAL_EVIDENCE_WEIGHT_NOT_FORMULA_NOT_PROBABILITY	READER_EXACT_COMPLETE_WHOLE_ONLY	GDT788	LEARNED_COMPLETE_WHOLE_WITH_DAL_FAMILY_DISPLAY_PRIOR	Beobachtete vollständige Oberfläche mit 1 rohen und 1 reader-exakten Vorkommen auf 1 exakten Folios; Kartenlinie GDT788.	Der SHIFT-Test schlägt beide Kontrollen nur in 2/10, der günstigere CORE-Test in 4/10 Reihen; kein reader-exakter gleichlokaler X|dal-Split und kein d|al-Split. Die Oberfläche kann ein gelernter Ganzname oder ein anderes Feld sein.	1	1	1	1	1	1	1	1	0	1	0	0	NONE	NONE	NONE	NONE	NONE	0	0	0	0	0	0	0
oidal	EXPLICIT_OVERRIDE	Material I, abgemessen	Materialansatz I	Mengen-/Wertfeld I	RAW_READER_WARNING_ONLY	PORTABLE_DAL_REMAINDER_CANDIDATE	OPAQUE_LEARNED_WHOLE_CANDIDATE	MATERIAL|MEASURE|LEVEL_I_C0_FAMILY_PRIOR	18	C0_RAW_READER_WARNING	EDITORIAL_EVIDENCE_WEIGHT_NOT_FORMULA_NOT_PROBABILITY	RAW_READER_WARNING_ONLY	GDT734|GDT788	RAW_READER_WARNING_ONLY	Ein rohes Vorkommen der vollständigen Oberfläche; Kartenlinie GDT734|GDT788; die Anzeige verhindert eine leere Arbeitsstelle.	Kein reader-exaktes vollständiges Wort; Segmentierung und Bedeutung bleiben offen. Keine getrennte Grenze, historische Wortidentität oder Renderer-Lizenz.	1	1	1	0	0	0	0	0	1	1	0	0	oidal#V84_1	Rohstoff I, abgemessen	33	INHERITED_UNCHANGED	NONE	0	0	0	0	0	0	0
okchdal	RAW_ONLY_FALLBACK	Materialposten I	Material I, abgemessen	Mengen-/Wertfeld I	RAW_READER_WARNING_ONLY	PORTABLE_DAL_REMAINDER_CANDIDATE	OPAQUE_LEARNED_WHOLE_CANDIDATE	MATERIAL|MEASURE|LEVEL_I_C0_FAMILY_PRIOR	12	C0_RAW_READER_WARNING	EDITORIAL_EVIDENCE_WEIGHT_NOT_FORMULA_NOT_PROBABILITY	RAW_READER_WARNING_ONLY	GDT788	RAW_READER_WARNING_ONLY	Ein rohes Vorkommen der vollständigen Oberfläche; Kartenlinie GDT788; die Anzeige verhindert eine leere Arbeitsstelle.	Kein reader-exaktes vollständiges Wort; Segmentierung und Bedeutung bleiben offen. Keine getrennte Grenze, historische Wortidentität oder Renderer-Lizenz.	1	1	1	0	0	0	0	0	1	1	0	0	NONE	NONE	NONE	NONE	NONE	0	0	0	0	0	0	0
okedal	EXPLICIT_OVERRIDE	erhitztes Ansatzmaterial I, abgemessen	eingekochter Arzneiansatz	Wärme-/Wertfeld I	FORM_SPECIFIC_COMPLETE_WHOLE_NO_COMPONENT_EXPORT	PORTABLE_DAL_REMAINDER_CANDIDATE	OPAQUE_LEARNED_WHOLE_CANDIDATE	MATERIAL|MEASURE|LEVEL_I_C0_FAMILY_PRIOR	32	C0_WHOLE_ANALOGY	EDITORIAL_EVIDENCE_WEIGHT_NOT_FORMULA_NOT_PROBABILITY	READER_EXACT_COMPLETE_WHOLE_ONLY	GDT734|GDT788	FORM_SPECIFIC_WHOLE_ANALOGY_NO_COMPONENT_EXPORT	Beobachtete vollständige Oberfläche mit 5 rohen und 2 reader-exakten Vorkommen auf 2 exakten Folios; Kartenlinie GDT734|GDT788.	Der SHIFT-Test schlägt beide Kontrollen nur in 2/10, der günstigere CORE-Test in 4/10 Reihen; kein reader-exakter gleichlokaler X|dal-Split und kein d|al-Split. Die Oberfläche kann ein gelernter Ganzname oder ein anderes Feld sein.	5	5	5	1	2	2	2	1	0	1	0	0	NONE	NONE	NONE	NONE	NONE	0	0	0	0	0	0	0
okeedal	EXPLICIT_OVERRIDE	erhitztes Material I, abgemessen	eingekochter Arzneiansatz	Wärme-/Endstufenfeld I	FORM_SPECIFIC_COMPLETE_WHOLE_NO_COMPONENT_EXPORT	PORTABLE_DAL_REMAINDER_CANDIDATE	OPAQUE_LEARNED_WHOLE_CANDIDATE	MATERIAL|MEASURE|LEVEL_I_C0_FAMILY_PRIOR	36	C0_REPAIRED_WHOLE	EDITORIAL_EVIDENCE_WEIGHT_NOT_FORMULA_NOT_PROBABILITY	READER_EXACT_COMPLETE_WHOLE_ONLY	GDT734|GDT754	REPAIRED_COMPLETE_WHOLE_C0	Beobachtete vollständige Oberfläche mit 4 rohen und 2 reader-exakten Vorkommen auf 2 exakten Folios; Kartenlinie GDT734|GDT754.	Der SHIFT-Test schlägt beide Kontrollen nur in 2/10, der günstigere CORE-Test in 4/10 Reihen; kein reader-exakter gleichlokaler X|dal-Split und kein d|al-Split. Die Oberfläche kann ein gelernter Ganzname oder ein anderes Feld sein.	4	4	4	1	2	2	2	1	0	1	0	0	okeedal#GLOBAL	Ansatz vollständig erhitzen und Rohdroge I abmessen	66	INHERITED_UNCHANGED	NONE	0	0	0	0	0	0	0
okeodal	EXACT_SINGLETON_FALLBACK	Materialposten I	Material I, abgemessen	Mengen-/Wertfeld I	LEARNED_COMPLETE_WHOLE_WITH_DAL_FAMILY_DISPLAY_PRIOR	PORTABLE_DAL_REMAINDER_CANDIDATE	OPAQUE_LEARNED_WHOLE_CANDIDATE	MATERIAL|MEASURE|LEVEL_I_C0_FAMILY_PRIOR	24	C0_EXACT_SINGLETON_WHOLE	EDITORIAL_EVIDENCE_WEIGHT_NOT_FORMULA_NOT_PROBABILITY	READER_EXACT_COMPLETE_WHOLE_ONLY	GDT788	LEARNED_COMPLETE_WHOLE_WITH_DAL_FAMILY_DISPLAY_PRIOR	Beobachtete vollständige Oberfläche mit 1 rohen und 1 reader-exakten Vorkommen auf 1 exakten Folios; Kartenlinie GDT788.	Der SHIFT-Test schlägt beide Kontrollen nur in 2/10, der günstigere CORE-Test in 4/10 Reihen; kein reader-exakter gleichlokaler X|dal-Split und kein d|al-Split. Die Oberfläche kann ein gelernter Ganzname oder ein anderes Feld sein.	1	1	1	1	1	1	1	1	0	1	0	0	NONE	NONE	NONE	NONE	NONE	0	0	0	0	0	0	0
oldal	EXPLICIT_OVERRIDE	Material I, abgemessen	Drogenstoffportion I	aufbereiteter Materialposten	FORM_SPECIFIC_COMPLETE_WHOLE_NO_COMPONENT_EXPORT	PORTABLE_DAL_REMAINDER_CANDIDATE	OPAQUE_LEARNED_WHOLE_CANDIDATE	MATERIAL|MEASURE|LEVEL_I_C0_FAMILY_PRIOR	34	C0_INHERITED_WHOLE	EDITORIAL_EVIDENCE_WEIGHT_NOT_FORMULA_NOT_PROBABILITY	READER_EXACT_COMPLETE_WHOLE_ONLY	GDT655|GDT711|GDT712	RETAIN_AS_REPLACEABLE_WHOLE	Beobachtete vollständige Oberfläche mit 2 rohen und 2 reader-exakten Vorkommen auf 2 exakten Folios; Kartenlinie GDT655|GDT711|GDT712.	Der SHIFT-Test schlägt beide Kontrollen nur in 2/10, der günstigere CORE-Test in 4/10 Reihen; kein reader-exakter gleichlokaler X|dal-Split und kein d|al-Split. Die Oberfläche kann ein gelernter Ganzname oder ein anderes Feld sein.	2	2	2	1	2	2	2	1	0	1	0	0	oldal#1	abgemessenes Material I	26	INHERITED_UNCHANGED	NONE	0	0	0	0	0	0	0
olkeedal	RAW_ONLY_FALLBACK	Materialposten I	Material I, abgemessen	Mengen-/Wertfeld I	RAW_READER_WARNING_ONLY	PORTABLE_DAL_REMAINDER_CANDIDATE	OPAQUE_LEARNED_WHOLE_CANDIDATE	MATERIAL|MEASURE|LEVEL_I_C0_FAMILY_PRIOR	12	C0_RAW_READER_WARNING	EDITORIAL_EVIDENCE_WEIGHT_NOT_FORMULA_NOT_PROBABILITY	RAW_READER_WARNING_ONLY	GDT788	RAW_READER_WARNING_ONLY	Ein rohes Vorkommen der vollständigen Oberfläche; Kartenlinie GDT788; die Anzeige verhindert eine leere Arbeitsstelle.	Kein reader-exaktes vollständiges Wort; Segmentierung und Bedeutung bleiben offen. Keine getrennte Grenze, historische Wortidentität oder Renderer-Lizenz.	1	1	1	0	0	0	0	0	1	1	0	0	NONE	NONE	NONE	NONE	NONE	0	0	0	0	0	0	0
olkeeodal	RAW_ONLY_FALLBACK	Materialposten I	Material I, abgemessen	Mengen-/Wertfeld I	RAW_READER_WARNING_ONLY	PORTABLE_DAL_REMAINDER_CANDIDATE	OPAQUE_LEARNED_WHOLE_CANDIDATE	MATERIAL|MEASURE|LEVEL_I_C0_FAMILY_PRIOR	12	C0_RAW_READER_WARNING	EDITORIAL_EVIDENCE_WEIGHT_NOT_FORMULA_NOT_PROBABILITY	RAW_READER_WARNING_ONLY	GDT788	RAW_READER_WARNING_ONLY	Ein rohes Vorkommen der vollständigen Oberfläche; Kartenlinie GDT788; die Anzeige verhindert eine leere Arbeitsstelle.	Kein reader-exaktes vollständiges Wort; Segmentierung und Bedeutung bleiben offen. Keine getrennte Grenze, historische Wortidentität oder Renderer-Lizenz.	1	1	1	0	0	0	0	0	1	1	0	0	NONE	NONE	NONE	NONE	NONE	0	0	0	0	0	0	0
ololdal	EXACT_SINGLETON_FALLBACK	Materialposten I	Material I, abgemessen	Mengen-/Wertfeld I	LEARNED_COMPLETE_WHOLE_WITH_DAL_FAMILY_DISPLAY_PRIOR	PORTABLE_DAL_REMAINDER_CANDIDATE	OPAQUE_LEARNED_WHOLE_CANDIDATE	MATERIAL|MEASURE|LEVEL_I_C0_FAMILY_PRIOR	24	C0_EXACT_SINGLETON_WHOLE	EDITORIAL_EVIDENCE_WEIGHT_NOT_FORMULA_NOT_PROBABILITY	READER_EXACT_COMPLETE_WHOLE_ONLY	GDT788	LEARNED_COMPLETE_WHOLE_WITH_DAL_FAMILY_DISPLAY_PRIOR	Beobachtete vollständige Oberfläche mit 1 rohen und 1 reader-exakten Vorkommen auf 1 exakten Folios; Kartenlinie GDT788.	Der SHIFT-Test schlägt beide Kontrollen nur in 2/10, der günstigere CORE-Test in 4/10 Reihen; kein reader-exakter gleichlokaler X|dal-Split und kein d|al-Split. Die Oberfläche kann ein gelernter Ganzname oder ein anderes Feld sein.	1	1	1	1	1	1	1	1	0	1	0	0	NONE	NONE	NONE	NONE	NONE	0	0	0	0	0	0	0
opchdal	EXACT_SINGLETON_FALLBACK	Materialposten I	Material I, abgemessen	Mengen-/Wertfeld I	LEARNED_COMPLETE_WHOLE_WITH_DAL_FAMILY_DISPLAY_PRIOR	PORTABLE_DAL_REMAINDER_CANDIDATE	OPAQUE_LEARNED_WHOLE_CANDIDATE	MATERIAL|MEASURE|LEVEL_I_C0_FAMILY_PRIOR	24	C0_EXACT_SINGLETON_WHOLE	EDITORIAL_EVIDENCE_WEIGHT_NOT_FORMULA_NOT_PROBABILITY	READER_EXACT_COMPLETE_WHOLE_ONLY	GDT788	LEARNED_COMPLETE_WHOLE_WITH_DAL_FAMILY_DISPLAY_PRIOR	Beobachtete vollständige Oberfläche mit 1 rohen und 1 reader-exakten Vorkommen auf 1 exakten Folios; Kartenlinie GDT788.	Der SHIFT-Test schlägt beide Kontrollen nur in 2/10, der günstigere CORE-Test in 4/10 Reihen; kein reader-exakter gleichlokaler X|dal-Split und kein d|al-Split. Die Oberfläche kann ein gelernter Ganzname oder ein anderes Feld sein.	1	1	1	1	1	1	1	1	0	1	0	0	NONE	NONE	NONE	NONE	NONE	0	0	0	0	0	0	0
opchedal	EXACT_SINGLETON_FALLBACK	Materialposten I	Material I, abgemessen	Mengen-/Wertfeld I	LEARNED_COMPLETE_WHOLE_WITH_DAL_FAMILY_DISPLAY_PRIOR	PORTABLE_DAL_REMAINDER_CANDIDATE	OPAQUE_LEARNED_WHOLE_CANDIDATE	MATERIAL|MEASURE|LEVEL_I_C0_FAMILY_PRIOR	24	C0_EXACT_SINGLETON_WHOLE	EDITORIAL_EVIDENCE_WEIGHT_NOT_FORMULA_NOT_PROBABILITY	READER_EXACT_COMPLETE_WHOLE_ONLY	GDT788	LEARNED_COMPLETE_WHOLE_WITH_DAL_FAMILY_DISPLAY_PRIOR	Beobachtete vollständige Oberfläche mit 1 rohen und 1 reader-exakten Vorkommen auf 1 exakten Folios; Kartenlinie GDT788.	Der SHIFT-Test schlägt beide Kontrollen nur in 2/10, der günstigere CORE-Test in 4/10 Reihen; kein reader-exakter gleichlokaler X|dal-Split und kein d|al-Split. Die Oberfläche kann ein gelernter Ganzname oder ein anderes Feld sein.	1	1	1	1	1	1	1	1	0	1	0	0	NONE	NONE	NONE	NONE	NONE	0	0	0	0	0	0	0
opcheodal	EXACT_SINGLETON_FALLBACK	Materialposten I	Material I, abgemessen	Mengen-/Wertfeld I	LEARNED_COMPLETE_WHOLE_WITH_DAL_FAMILY_DISPLAY_PRIOR	PORTABLE_DAL_REMAINDER_CANDIDATE	OPAQUE_LEARNED_WHOLE_CANDIDATE	MATERIAL|MEASURE|LEVEL_I_C0_FAMILY_PRIOR	24	C0_EXACT_SINGLETON_WHOLE	EDITORIAL_EVIDENCE_WEIGHT_NOT_FORMULA_NOT_PROBABILITY	READER_EXACT_COMPLETE_WHOLE_ONLY	GDT788	LEARNED_COMPLETE_WHOLE_WITH_DAL_FAMILY_DISPLAY_PRIOR	Beobachtete vollständige Oberfläche mit 1 rohen und 1 reader-exakten Vorkommen auf 1 exakten Folios; Kartenlinie GDT788.	Der SHIFT-Test schlägt beide Kontrollen nur in 2/10, der günstigere CORE-Test in 4/10 Reihen; kein reader-exakter gleichlokaler X|dal-Split und kein d|al-Split. Die Oberfläche kann ein gelernter Ganzname oder ein anderes Feld sein.	1	1	1	1	1	1	1	1	0	1	0	0	NONE	NONE	NONE	NONE	NONE	0	0	0	0	0	0	0
opshedal	RAW_ONLY_FALLBACK	Materialposten I	Material I, abgemessen	Mengen-/Wertfeld I	RAW_READER_WARNING_ONLY	PORTABLE_DAL_REMAINDER_CANDIDATE	OPAQUE_LEARNED_WHOLE_CANDIDATE	MATERIAL|MEASURE|LEVEL_I_C0_FAMILY_PRIOR	12	C0_RAW_READER_WARNING	EDITORIAL_EVIDENCE_WEIGHT_NOT_FORMULA_NOT_PROBABILITY	RAW_READER_WARNING_ONLY	GDT788	RAW_READER_WARNING_ONLY	Ein rohes Vorkommen der vollständigen Oberfläche; Kartenlinie GDT788; die Anzeige verhindert eine leere Arbeitsstelle.	Kein reader-exaktes vollständiges Wort; Segmentierung und Bedeutung bleiben offen. Keine getrennte Grenze, historische Wortidentität oder Renderer-Lizenz.	1	1	1	0	0	0	0	0	1	1	0	0	NONE	NONE	NONE	NONE	NONE	0	0	0	0	0	0	0
orchedal	RAW_ONLY_FALLBACK	Materialposten I	Material I, abgemessen	Mengen-/Wertfeld I	RAW_READER_WARNING_ONLY	PORTABLE_DAL_REMAINDER_CANDIDATE	OPAQUE_LEARNED_WHOLE_CANDIDATE	MATERIAL|MEASURE|LEVEL_I_C0_FAMILY_PRIOR	12	C0_RAW_READER_WARNING	EDITORIAL_EVIDENCE_WEIGHT_NOT_FORMULA_NOT_PROBABILITY	RAW_READER_WARNING_ONLY	GDT788	RAW_READER_WARNING_ONLY	Ein rohes Vorkommen der vollständigen Oberfläche; Kartenlinie GDT788; die Anzeige verhindert eine leere Arbeitsstelle.	Kein reader-exaktes vollständiges Wort; Segmentierung und Bedeutung bleiben offen. Keine getrennte Grenze, historische Wortidentität oder Renderer-Lizenz.	1	1	1	0	0	0	0	0	1	1	0	0	NONE	NONE	NONE	NONE	NONE	0	0	0	0	0	0	0
otaldal	EXACT_SINGLETON_FALLBACK	Materialposten I	Material I, abgemessen	Mengen-/Wertfeld I	LEARNED_COMPLETE_WHOLE_WITH_DAL_FAMILY_DISPLAY_PRIOR	PORTABLE_DAL_REMAINDER_CANDIDATE	OPAQUE_LEARNED_WHOLE_CANDIDATE	MATERIAL|MEASURE|LEVEL_I_C0_FAMILY_PRIOR	24	C0_EXACT_SINGLETON_WHOLE	EDITORIAL_EVIDENCE_WEIGHT_NOT_FORMULA_NOT_PROBABILITY	READER_EXACT_COMPLETE_WHOLE_ONLY	GDT788	LEARNED_COMPLETE_WHOLE_WITH_DAL_FAMILY_DISPLAY_PRIOR	Beobachtete vollständige Oberfläche mit 1 rohen und 1 reader-exakten Vorkommen auf 1 exakten Folios; Kartenlinie GDT788.	Der SHIFT-Test schlägt beide Kontrollen nur in 2/10, der günstigere CORE-Test in 4/10 Reihen; kein reader-exakter gleichlokaler X|dal-Split und kein d|al-Split. Die Oberfläche kann ein gelernter Ganzname oder ein anderes Feld sein.	1	1	1	1	1	1	1	1	0	1	0	0	NONE	NONE	NONE	NONE	NONE	0	0	0	0	0	0	0
otchdal	EXACT_SINGLETON_FALLBACK	Materialposten I	Material I, abgemessen	Mengen-/Wertfeld I	LEARNED_COMPLETE_WHOLE_WITH_DAL_FAMILY_DISPLAY_PRIOR	PORTABLE_DAL_REMAINDER_CANDIDATE	OPAQUE_LEARNED_WHOLE_CANDIDATE	MATERIAL|MEASURE|LEVEL_I_C0_FAMILY_PRIOR	24	C0_EXACT_SINGLETON_WHOLE	EDITORIAL_EVIDENCE_WEIGHT_NOT_FORMULA_NOT_PROBABILITY	READER_EXACT_COMPLETE_WHOLE_ONLY	GDT788	LEARNED_COMPLETE_WHOLE_WITH_DAL_FAMILY_DISPLAY_PRIOR	Beobachtete vollständige Oberfläche mit 2 rohen und 1 reader-exakten Vorkommen auf 1 exakten Folios; Kartenlinie GDT788.	Der SHIFT-Test schlägt beide Kontrollen nur in 2/10, der günstigere CORE-Test in 4/10 Reihen; kein reader-exakter gleichlokaler X|dal-Split und kein d|al-Split. Die Oberfläche kann ein gelernter Ganzname oder ein anderes Feld sein.	2	2	2	1	1	1	1	1	0	1	0	0	NONE	NONE	NONE	NONE	NONE	0	0	0	0	0	0	0
otdal	EXACT_SINGLETON_FALLBACK	Materialposten I	Material I, abgemessen	Mengen-/Wertfeld I	LEARNED_COMPLETE_WHOLE_WITH_DAL_FAMILY_DISPLAY_PRIOR	PORTABLE_DAL_REMAINDER_CANDIDATE	OPAQUE_LEARNED_WHOLE_CANDIDATE	MATERIAL|MEASURE|LEVEL_I_C0_FAMILY_PRIOR	24	C0_EXACT_SINGLETON_WHOLE	EDITORIAL_EVIDENCE_WEIGHT_NOT_FORMULA_NOT_PROBABILITY	READER_EXACT_COMPLETE_WHOLE_ONLY	GDT788	LEARNED_COMPLETE_WHOLE_WITH_DAL_FAMILY_DISPLAY_PRIOR	Beobachtete vollständige Oberfläche mit 1 rohen und 1 reader-exakten Vorkommen auf 1 exakten Folios; Kartenlinie GDT788.	Der SHIFT-Test schlägt beide Kontrollen nur in 2/10, der günstigere CORE-Test in 4/10 Reihen; kein reader-exakter gleichlokaler X|dal-Split und kein d|al-Split. Die Oberfläche kann ein gelernter Ganzname oder ein anderes Feld sein.	1	1	1	1	1	1	1	1	0	1	0	0	NONE	NONE	NONE	NONE	NONE	0	0	0	0	0	0	0
otedal	EXPLICIT_OVERRIDE	gekühltes Material I, abgemessen; Mittelstufe	abgekühlter Arzneiextrakt	Kälte-/Mittelstufenfeld I	FORM_SPECIFIC_COMPLETE_WHOLE_NO_COMPONENT_EXPORT	PORTABLE_DAL_REMAINDER_CANDIDATE	OPAQUE_LEARNED_WHOLE_CANDIDATE	MATERIAL|MEASURE|LEVEL_I_C0_FAMILY_PRIOR	38	C0_WHOLE_ANALOGY	EDITORIAL_EVIDENCE_WEIGHT_NOT_FORMULA_NOT_PROBABILITY	READER_EXACT_COMPLETE_WHOLE_ONLY	GDT734|GDT788	FORM_SPECIFIC_WHOLE_ANALOGY_NO_COMPONENT_EXPORT	Beobachtete vollständige Oberfläche mit 4 rohen und 3 reader-exakten Vorkommen auf 3 exakten Folios; Kartenlinie GDT734|GDT788.	Der SHIFT-Test schlägt beide Kontrollen nur in 2/10, der günstigere CORE-Test in 4/10 Reihen; kein reader-exakter gleichlokaler X|dal-Split und kein d|al-Split. Die Oberfläche kann ein gelernter Ganzname oder ein anderes Feld sein.	4	4	4	1	3	3	3	1	0	1	0	0	NONE	NONE	NONE	NONE	NONE	0	0	0	0	0	0	0
oteedal	EXPLICIT_OVERRIDE	gekühltes Material I, abgemessen; Endstufe	abgekühlte Fertigarznei	Kälte-/Endfeld I	FORM_SPECIFIC_COMPLETE_WHOLE_NO_COMPONENT_EXPORT	PORTABLE_DAL_REMAINDER_CANDIDATE	OPAQUE_LEARNED_WHOLE_CANDIDATE	MATERIAL|MEASURE|LEVEL_I_C0_FAMILY_PRIOR	34	C0_WHOLE_ANALOGY	EDITORIAL_EVIDENCE_WEIGHT_NOT_FORMULA_NOT_PROBABILITY	READER_EXACT_COMPLETE_WHOLE_ONLY	GDT734|GDT788	FORM_SPECIFIC_WHOLE_ANALOGY_NO_COMPONENT_EXPORT	Beobachtete vollständige Oberfläche mit 2 rohen und 2 reader-exakten Vorkommen auf 2 exakten Folios; Kartenlinie GDT734|GDT788.	Der SHIFT-Test schlägt beide Kontrollen nur in 2/10, der günstigere CORE-Test in 4/10 Reihen; kein reader-exakter gleichlokaler X|dal-Split und kein d|al-Split. Die Oberfläche kann ein gelernter Ganzname oder ein anderes Feld sein.	2	2	2	1	2	2	2	1	0	1	0	0	NONE	NONE	NONE	NONE	NONE	0	0	0	0	0	0	0
oteodal	EXPLICIT_OVERRIDE	gekühltes Ansatzmaterial I, abgemessen	kalter Arzneiextrakt	Kälte-/Ergebnisfeld I	FORM_SPECIFIC_COMPLETE_WHOLE_NO_COMPONENT_EXPORT	PORTABLE_DAL_REMAINDER_CANDIDATE	OPAQUE_LEARNED_WHOLE_CANDIDATE	MATERIAL|MEASURE|LEVEL_I_C0_FAMILY_PRIOR	32	C0_WHOLE_ANALOGY	EDITORIAL_EVIDENCE_WEIGHT_NOT_FORMULA_NOT_PROBABILITY	READER_EXACT_COMPLETE_WHOLE_ONLY	GDT734|GDT788	FORM_SPECIFIC_WHOLE_ANALOGY_NO_COMPONENT_EXPORT	Beobachtete vollständige Oberfläche mit 2 rohen und 2 reader-exakten Vorkommen auf 2 exakten Folios; Kartenlinie GDT734|GDT788.	Der SHIFT-Test schlägt beide Kontrollen nur in 2/10, der günstigere CORE-Test in 4/10 Reihen; kein reader-exakter gleichlokaler X|dal-Split und kein d|al-Split. Die Oberfläche kann ein gelernter Ganzname oder ein anderes Feld sein.	2	2	2	1	2	2	2	1	0	1	0	0	NONE	NONE	NONE	NONE	NONE	0	0	0	0	0	0	0
otodal	EXACT_SINGLETON_FALLBACK	Materialposten I	Material I, abgemessen	Mengen-/Wertfeld I	LEARNED_COMPLETE_WHOLE_WITH_DAL_FAMILY_DISPLAY_PRIOR	PORTABLE_DAL_REMAINDER_CANDIDATE	OPAQUE_LEARNED_WHOLE_CANDIDATE	MATERIAL|MEASURE|LEVEL_I_C0_FAMILY_PRIOR	24	C0_EXACT_SINGLETON_WHOLE	EDITORIAL_EVIDENCE_WEIGHT_NOT_FORMULA_NOT_PROBABILITY	READER_EXACT_COMPLETE_WHOLE_ONLY	GDT788	LEARNED_COMPLETE_WHOLE_WITH_DAL_FAMILY_DISPLAY_PRIOR	Beobachtete vollständige Oberfläche mit 1 rohen und 1 reader-exakten Vorkommen auf 1 exakten Folios; Kartenlinie GDT788.	Der SHIFT-Test schlägt beide Kontrollen nur in 2/10, der günstigere CORE-Test in 4/10 Reihen; kein reader-exakter gleichlokaler X|dal-Split und kein d|al-Split. Die Oberfläche kann ein gelernter Ganzname oder ein anderes Feld sein.	1	1	1	1	1	1	1	1	0	1	0	0	NONE	NONE	NONE	NONE	NONE	0	0	0	0	0	0	0
otolodal	EXACT_SINGLETON_FALLBACK	Materialposten I	Material I, abgemessen	Mengen-/Wertfeld I	LEARNED_COMPLETE_WHOLE_WITH_DAL_FAMILY_DISPLAY_PRIOR	PORTABLE_DAL_REMAINDER_CANDIDATE	OPAQUE_LEARNED_WHOLE_CANDIDATE	MATERIAL|MEASURE|LEVEL_I_C0_FAMILY_PRIOR	24	C0_EXACT_SINGLETON_WHOLE	EDITORIAL_EVIDENCE_WEIGHT_NOT_FORMULA_NOT_PROBABILITY	READER_EXACT_COMPLETE_WHOLE_ONLY	GDT788	LEARNED_COMPLETE_WHOLE_WITH_DAL_FAMILY_DISPLAY_PRIOR	Beobachtete vollständige Oberfläche mit 1 rohen und 1 reader-exakten Vorkommen auf 1 exakten Folios; Kartenlinie GDT788.	Der SHIFT-Test schlägt beide Kontrollen nur in 2/10, der günstigere CORE-Test in 4/10 Reihen; kein reader-exakter gleichlokaler X|dal-Split und kein d|al-Split. Die Oberfläche kann ein gelernter Ganzname oder ein anderes Feld sein.	1	1	1	1	1	1	1	1	0	1	0	0	NONE	NONE	NONE	NONE	NONE	0	0	0	0	0	0	0
otydal	EXPLICIT_OVERRIDE	gekühltes Material I, abgemessen; Endstufe	kalte Fertigzubereitung	Kälte-/Endfeld I	RAW_READER_WARNING_ONLY	PORTABLE_DAL_REMAINDER_CANDIDATE	OPAQUE_LEARNED_WHOLE_CANDIDATE	MATERIAL|MEASURE|LEVEL_I_C0_FAMILY_PRIOR	14	C0_RAW_READER_WARNING	EDITORIAL_EVIDENCE_WEIGHT_NOT_FORMULA_NOT_PROBABILITY	RAW_READER_WARNING_ONLY	GDT734|GDT788	RAW_READER_WARNING_ONLY	Ein rohes Vorkommen der vollständigen Oberfläche; Kartenlinie GDT734|GDT788; die Anzeige verhindert eine leere Arbeitsstelle.	Kein reader-exaktes vollständiges Wort; Segmentierung und Bedeutung bleiben offen. Keine getrennte Grenze, historische Wortidentität oder Renderer-Lizenz.	1	1	1	0	0	0	0	0	1	1	0	0	otydal#GLOBAL	kalten Ansatz auf Schlussstufe als Rohdroge I abmessen	4	INHERITED_UNCHANGED	NONE	0	0	0	0	0	0	0
pchdal	EXACT_SINGLETON_FALLBACK	Materialposten I	Material I, abgemessen	Mengen-/Wertfeld I	LEARNED_COMPLETE_WHOLE_WITH_DAL_FAMILY_DISPLAY_PRIOR	PORTABLE_DAL_REMAINDER_CANDIDATE	OPAQUE_LEARNED_WHOLE_CANDIDATE	MATERIAL|MEASURE|LEVEL_I_C0_FAMILY_PRIOR	24	C0_EXACT_SINGLETON_WHOLE	EDITORIAL_EVIDENCE_WEIGHT_NOT_FORMULA_NOT_PROBABILITY	READER_EXACT_COMPLETE_WHOLE_ONLY	GDT788	LEARNED_COMPLETE_WHOLE_WITH_DAL_FAMILY_DISPLAY_PRIOR	Beobachtete vollständige Oberfläche mit 1 rohen und 1 reader-exakten Vorkommen auf 1 exakten Folios; Kartenlinie GDT788.	Der SHIFT-Test schlägt beide Kontrollen nur in 2/10, der günstigere CORE-Test in 4/10 Reihen; kein reader-exakter gleichlokaler X|dal-Split und kein d|al-Split. Die Oberfläche kann ein gelernter Ganzname oder ein anderes Feld sein.	1	1	1	1	1	1	1	1	0	1	0	0	NONE	NONE	NONE	NONE	NONE	0	0	0	0	0	0	0
pchedal	EXPLICIT_OVERRIDE	trockenes Material I, abgemessen	abgeteilte Trockendrogenportion I	Trocken-/Mengenfeld I	FORM_SPECIFIC_COMPLETE_WHOLE_NO_COMPONENT_EXPORT	PORTABLE_DAL_REMAINDER_CANDIDATE	OPAQUE_LEARNED_WHOLE_CANDIDATE	MATERIAL|MEASURE|LEVEL_I_C0_FAMILY_PRIOR	42	C0_WHOLE_ANALOGY	EDITORIAL_EVIDENCE_WEIGHT_NOT_FORMULA_NOT_PROBABILITY	READER_EXACT_COMPLETE_WHOLE_ONLY	GDT734|GDT788	FORM_SPECIFIC_WHOLE_ANALOGY_NO_COMPONENT_EXPORT	Beobachtete vollständige Oberfläche mit 5 rohen und 4 reader-exakten Vorkommen auf 4 exakten Folios; Kartenlinie GDT734|GDT788.	Der SHIFT-Test schlägt beide Kontrollen nur in 2/10, der günstigere CORE-Test in 4/10 Reihen; kein reader-exakter gleichlokaler X|dal-Split und kein d|al-Split. Die Oberfläche kann ein gelernter Ganzname oder ein anderes Feld sein.	5	4	4	1	4	4	4	1	0	1	0	0	NONE	NONE	NONE	NONE	NONE	0	0	0	0	0	0	0
pcheodal	EXACT_SINGLETON_FALLBACK	Materialposten I	Material I, abgemessen	Mengen-/Wertfeld I	LEARNED_COMPLETE_WHOLE_WITH_DAL_FAMILY_DISPLAY_PRIOR	PORTABLE_DAL_REMAINDER_CANDIDATE	OPAQUE_LEARNED_WHOLE_CANDIDATE	MATERIAL|MEASURE|LEVEL_I_C0_FAMILY_PRIOR	24	C0_EXACT_SINGLETON_WHOLE	EDITORIAL_EVIDENCE_WEIGHT_NOT_FORMULA_NOT_PROBABILITY	READER_EXACT_COMPLETE_WHOLE_ONLY	GDT788	LEARNED_COMPLETE_WHOLE_WITH_DAL_FAMILY_DISPLAY_PRIOR	Beobachtete vollständige Oberfläche mit 1 rohen und 1 reader-exakten Vorkommen auf 1 exakten Folios; Kartenlinie GDT788.	Der SHIFT-Test schlägt beide Kontrollen nur in 2/10, der günstigere CORE-Test in 4/10 Reihen; kein reader-exakter gleichlokaler X|dal-Split und kein d|al-Split. Die Oberfläche kann ein gelernter Ganzname oder ein anderes Feld sein.	1	1	1	1	1	1	1	1	0	1	0	0	NONE	NONE	NONE	NONE	NONE	0	0	0	0	0	0	0
pchodal	EXACT_SINGLETON_FALLBACK	Materialposten I	Material I, abgemessen	Mengen-/Wertfeld I	LEARNED_COMPLETE_WHOLE_WITH_DAL_FAMILY_DISPLAY_PRIOR	PORTABLE_DAL_REMAINDER_CANDIDATE	OPAQUE_LEARNED_WHOLE_CANDIDATE	MATERIAL|MEASURE|LEVEL_I_C0_FAMILY_PRIOR	24	C0_EXACT_SINGLETON_WHOLE	EDITORIAL_EVIDENCE_WEIGHT_NOT_FORMULA_NOT_PROBABILITY	READER_EXACT_COMPLETE_WHOLE_ONLY	GDT788	LEARNED_COMPLETE_WHOLE_WITH_DAL_FAMILY_DISPLAY_PRIOR	Beobachtete vollständige Oberfläche mit 1 rohen und 1 reader-exakten Vorkommen auf 1 exakten Folios; Kartenlinie GDT788.	Der SHIFT-Test schlägt beide Kontrollen nur in 2/10, der günstigere CORE-Test in 4/10 Reihen; kein reader-exakter gleichlokaler X|dal-Split und kein d|al-Split. Die Oberfläche kann ein gelernter Ganzname oder ein anderes Feld sein.	1	1	1	1	1	1	1	1	0	1	0	0	NONE	NONE	NONE	NONE	NONE	0	0	0	0	0	0	0
pdal	EXACT_SINGLETON_FALLBACK	Materialposten I	Material I, abgemessen	Mengen-/Wertfeld I	LEARNED_COMPLETE_WHOLE_WITH_DAL_FAMILY_DISPLAY_PRIOR	PORTABLE_DAL_REMAINDER_CANDIDATE	OPAQUE_LEARNED_WHOLE_CANDIDATE	MATERIAL|MEASURE|LEVEL_I_C0_FAMILY_PRIOR	24	C0_EXACT_SINGLETON_WHOLE	EDITORIAL_EVIDENCE_WEIGHT_NOT_FORMULA_NOT_PROBABILITY	READER_EXACT_COMPLETE_WHOLE_ONLY	GDT788	LEARNED_COMPLETE_WHOLE_WITH_DAL_FAMILY_DISPLAY_PRIOR	Beobachtete vollständige Oberfläche mit 1 rohen und 1 reader-exakten Vorkommen auf 1 exakten Folios; Kartenlinie GDT788.	Der SHIFT-Test schlägt beide Kontrollen nur in 2/10, der günstigere CORE-Test in 4/10 Reihen; kein reader-exakter gleichlokaler X|dal-Split und kein d|al-Split. Die Oberfläche kann ein gelernter Ganzname oder ein anderes Feld sein.	1	1	1	1	1	1	1	1	0	1	0	0	NONE	NONE	NONE	NONE	NONE	0	0	0	0	0	0	0
polkeedal	EXACT_SINGLETON_FALLBACK	Materialposten I	Material I, abgemessen	Mengen-/Wertfeld I	LEARNED_COMPLETE_WHOLE_WITH_DAL_FAMILY_DISPLAY_PRIOR	PORTABLE_DAL_REMAINDER_CANDIDATE	OPAQUE_LEARNED_WHOLE_CANDIDATE	MATERIAL|MEASURE|LEVEL_I_C0_FAMILY_PRIOR	24	C0_EXACT_SINGLETON_WHOLE	EDITORIAL_EVIDENCE_WEIGHT_NOT_FORMULA_NOT_PROBABILITY	READER_EXACT_COMPLETE_WHOLE_ONLY	GDT788	LEARNED_COMPLETE_WHOLE_WITH_DAL_FAMILY_DISPLAY_PRIOR	Beobachtete vollständige Oberfläche mit 1 rohen und 1 reader-exakten Vorkommen auf 1 exakten Folios; Kartenlinie GDT788.	Der SHIFT-Test schlägt beide Kontrollen nur in 2/10, der günstigere CORE-Test in 4/10 Reihen; kein reader-exakter gleichlokaler X|dal-Split und kein d|al-Split. Die Oberfläche kann ein gelernter Ganzname oder ein anderes Feld sein.	1	1	1	1	1	1	1	1	0	1	0	0	NONE	NONE	NONE	NONE	NONE	0	0	0	0	0	0	0
polshdal	EXACT_SINGLETON_FALLBACK	Materialposten I	Material I, abgemessen	Mengen-/Wertfeld I	LEARNED_COMPLETE_WHOLE_WITH_DAL_FAMILY_DISPLAY_PRIOR	PORTABLE_DAL_REMAINDER_CANDIDATE	OPAQUE_LEARNED_WHOLE_CANDIDATE	MATERIAL|MEASURE|LEVEL_I_C0_FAMILY_PRIOR	24	C0_EXACT_SINGLETON_WHOLE	EDITORIAL_EVIDENCE_WEIGHT_NOT_FORMULA_NOT_PROBABILITY	READER_EXACT_COMPLETE_WHOLE_ONLY	GDT788	LEARNED_COMPLETE_WHOLE_WITH_DAL_FAMILY_DISPLAY_PRIOR	Beobachtete vollständige Oberfläche mit 1 rohen und 1 reader-exakten Vorkommen auf 1 exakten Folios; Kartenlinie GDT788.	Der SHIFT-Test schlägt beide Kontrollen nur in 2/10, der günstigere CORE-Test in 4/10 Reihen; kein reader-exakter gleichlokaler X|dal-Split und kein d|al-Split. Die Oberfläche kann ein gelernter Ganzname oder ein anderes Feld sein.	1	1	1	1	1	1	1	1	0	1	0	0	NONE	NONE	NONE	NONE	NONE	0	0	0	0	0	0	0
pshdal	EXACT_SINGLETON_FALLBACK	Materialposten I	Material I, abgemessen	Mengen-/Wertfeld I	LEARNED_COMPLETE_WHOLE_WITH_DAL_FAMILY_DISPLAY_PRIOR	PORTABLE_DAL_REMAINDER_CANDIDATE	OPAQUE_LEARNED_WHOLE_CANDIDATE	MATERIAL|MEASURE|LEVEL_I_C0_FAMILY_PRIOR	24	C0_EXACT_SINGLETON_WHOLE	EDITORIAL_EVIDENCE_WEIGHT_NOT_FORMULA_NOT_PROBABILITY	READER_EXACT_COMPLETE_WHOLE_ONLY	GDT788	LEARNED_COMPLETE_WHOLE_WITH_DAL_FAMILY_DISPLAY_PRIOR	Beobachtete vollständige Oberfläche mit 1 rohen und 1 reader-exakten Vorkommen auf 1 exakten Folios; Kartenlinie GDT788.	Der SHIFT-Test schlägt beide Kontrollen nur in 2/10, der günstigere CORE-Test in 4/10 Reihen; kein reader-exakter gleichlokaler X|dal-Split und kein d|al-Split. Die Oberfläche kann ein gelernter Ganzname oder ein anderes Feld sein.	1	1	1	1	1	1	1	1	0	1	0	0	NONE	NONE	NONE	NONE	NONE	0	0	0	0	0	0	0
pykydal	EXACT_SINGLETON_FALLBACK	Materialposten I	Material I, abgemessen	Mengen-/Wertfeld I	LEARNED_COMPLETE_WHOLE_WITH_DAL_FAMILY_DISPLAY_PRIOR	PORTABLE_DAL_REMAINDER_CANDIDATE	OPAQUE_LEARNED_WHOLE_CANDIDATE	MATERIAL|MEASURE|LEVEL_I_C0_FAMILY_PRIOR	24	C0_EXACT_SINGLETON_WHOLE	EDITORIAL_EVIDENCE_WEIGHT_NOT_FORMULA_NOT_PROBABILITY	READER_EXACT_COMPLETE_WHOLE_ONLY	GDT788	LEARNED_COMPLETE_WHOLE_WITH_DAL_FAMILY_DISPLAY_PRIOR	Beobachtete vollständige Oberfläche mit 1 rohen und 1 reader-exakten Vorkommen auf 1 exakten Folios; Kartenlinie GDT788.	Der SHIFT-Test schlägt beide Kontrollen nur in 2/10, der günstigere CORE-Test in 4/10 Reihen; kein reader-exakter gleichlokaler X|dal-Split und kein d|al-Split. Die Oberfläche kann ein gelernter Ganzname oder ein anderes Feld sein.	1	1	1	1	1	1	1	1	0	1	0	0	NONE	NONE	NONE	NONE	NONE	0	0	0	0	0	0	0
qchodal	EXACT_SINGLETON_FALLBACK	Materialposten I	Material I, abgemessen	Mengen-/Wertfeld I	LEARNED_COMPLETE_WHOLE_WITH_DAL_FAMILY_DISPLAY_PRIOR	PORTABLE_DAL_REMAINDER_CANDIDATE	OPAQUE_LEARNED_WHOLE_CANDIDATE	MATERIAL|MEASURE|LEVEL_I_C0_FAMILY_PRIOR	24	C0_EXACT_SINGLETON_WHOLE	EDITORIAL_EVIDENCE_WEIGHT_NOT_FORMULA_NOT_PROBABILITY	READER_EXACT_COMPLETE_WHOLE_ONLY	GDT788	LEARNED_COMPLETE_WHOLE_WITH_DAL_FAMILY_DISPLAY_PRIOR	Beobachtete vollständige Oberfläche mit 1 rohen und 1 reader-exakten Vorkommen auf 1 exakten Folios; Kartenlinie GDT788.	Der SHIFT-Test schlägt beide Kontrollen nur in 2/10, der günstigere CORE-Test in 4/10 Reihen; kein reader-exakter gleichlokaler X|dal-Split und kein d|al-Split. Die Oberfläche kann ein gelernter Ganzname oder ein anderes Feld sein.	1	1	1	1	1	1	1	1	0	1	0	0	NONE	NONE	NONE	NONE	NONE	0	0	0	0	0	0	0
qodal	EXPLICIT_OVERRIDE	abgemessener Materialposten I	Ansatzportion I	Mengen-/Wertfeld I	FORM_SPECIFIC_COMPLETE_WHOLE_NO_COMPONENT_EXPORT	PORTABLE_DAL_REMAINDER_CANDIDATE	OPAQUE_LEARNED_WHOLE_CANDIDATE	MATERIAL|MEASURE|LEVEL_I_C0_FAMILY_PRIOR	48	C0_INHERITED_WHOLE	EDITORIAL_EVIDENCE_WEIGHT_NOT_FORMULA_NOT_PROBABILITY	READER_EXACT_COMPLETE_WHOLE_ONLY	GDT655|GDT711|GDT712	RETAIN_AS_REPLACEABLE_WHOLE	Beobachtete vollständige Oberfläche mit 7 rohen und 6 reader-exakten Vorkommen auf 6 exakten Folios; Kartenlinie GDT655|GDT711|GDT712.	Der SHIFT-Test schlägt beide Kontrollen nur in 2/10, der günstigere CORE-Test in 4/10 Reihen; kein reader-exakter gleichlokaler X|dal-Split und kein d|al-Split. Die Oberfläche kann ein gelernter Ganzname oder ein anderes Feld sein.	7	6	6	1	6	6	6	1	0	1	0	0	qodal#GLOBAL	abgewogener Rohstoffposten I im Ansatz	53	INHERITED_UNCHANGED	NONE	0	0	0	0	0	0	0
qofchdal	RAW_ONLY_FALLBACK	Materialposten I	Material I, abgemessen	Mengen-/Wertfeld I	RAW_READER_WARNING_ONLY	PORTABLE_DAL_REMAINDER_CANDIDATE	OPAQUE_LEARNED_WHOLE_CANDIDATE	MATERIAL|MEASURE|LEVEL_I_C0_FAMILY_PRIOR	12	C0_RAW_READER_WARNING	EDITORIAL_EVIDENCE_WEIGHT_NOT_FORMULA_NOT_PROBABILITY	RAW_READER_WARNING_ONLY	GDT788	RAW_READER_WARNING_ONLY	Ein rohes Vorkommen der vollständigen Oberfläche; Kartenlinie GDT788; die Anzeige verhindert eine leere Arbeitsstelle.	Kein reader-exaktes vollständiges Wort; Segmentierung und Bedeutung bleiben offen. Keine getrennte Grenze, historische Wortidentität oder Renderer-Lizenz.	1	1	1	0	0	0	0	0	1	1	0	0	NONE	NONE	NONE	NONE	NONE	0	0	0	0	0	0	0
qokchodal	RAW_ONLY_FALLBACK	Materialposten I	Material I, abgemessen	Mengen-/Wertfeld I	RAW_READER_WARNING_ONLY	PORTABLE_DAL_REMAINDER_CANDIDATE	OPAQUE_LEARNED_WHOLE_CANDIDATE	MATERIAL|MEASURE|LEVEL_I_C0_FAMILY_PRIOR	12	C0_RAW_READER_WARNING	EDITORIAL_EVIDENCE_WEIGHT_NOT_FORMULA_NOT_PROBABILITY	RAW_READER_WARNING_ONLY	GDT788	RAW_READER_WARNING_ONLY	Ein rohes Vorkommen der vollständigen Oberfläche; Kartenlinie GDT788; die Anzeige verhindert eine leere Arbeitsstelle.	Kein reader-exaktes vollständiges Wort; Segmentierung und Bedeutung bleiben offen. Keine getrennte Grenze, historische Wortidentität oder Renderer-Lizenz.	1	1	1	0	0	0	0	0	1	1	0	0	NONE	NONE	NONE	NONE	NONE	0	0	0	0	0	0	0
qokedal	EXPLICIT_OVERRIDE	erhitztes Ansatzmaterial I, abgemessen	gekochte Arzneimischung	Wärme-/Wertfeld I	FORM_SPECIFIC_COMPLETE_WHOLE_NO_COMPONENT_EXPORT	PORTABLE_DAL_REMAINDER_CANDIDATE	OPAQUE_LEARNED_WHOLE_CANDIDATE	MATERIAL|MEASURE|LEVEL_I_C0_FAMILY_PRIOR	34	C0_WHOLE_ANALOGY	EDITORIAL_EVIDENCE_WEIGHT_NOT_FORMULA_NOT_PROBABILITY	READER_EXACT_COMPLETE_WHOLE_ONLY	GDT734|GDT788	FORM_SPECIFIC_WHOLE_ANALOGY_NO_COMPONENT_EXPORT	Beobachtete vollständige Oberfläche mit 3 rohen und 2 reader-exakten Vorkommen auf 2 exakten Folios; Kartenlinie GDT734|GDT788.	Der SHIFT-Test schlägt beide Kontrollen nur in 2/10, der günstigere CORE-Test in 4/10 Reihen; kein reader-exakter gleichlokaler X|dal-Split und kein d|al-Split. Die Oberfläche kann ein gelernter Ganzname oder ein anderes Feld sein.	3	3	3	1	2	2	2	1	0	1	0	0	NONE	NONE	NONE	NONE	NONE	0	0	0	0	0	0	0
qokeedal	EXPLICIT_OVERRIDE	erhitztes Material I, abgemessen; Endstufe	eingekochte Arzneizubereitung	Wärme-/Endstufenfeld I	FORM_SPECIFIC_COMPLETE_WHOLE_NO_COMPONENT_EXPORT	PORTABLE_DAL_REMAINDER_CANDIDATE	OPAQUE_LEARNED_WHOLE_CANDIDATE	MATERIAL|MEASURE|LEVEL_I_C0_FAMILY_PRIOR	40	C0_WHOLE_ANALOGY	EDITORIAL_EVIDENCE_WEIGHT_NOT_FORMULA_NOT_PROBABILITY	READER_EXACT_COMPLETE_WHOLE_ONLY	GDT734|GDT788	FORM_SPECIFIC_WHOLE_ANALOGY_NO_COMPONENT_EXPORT	Beobachtete vollständige Oberfläche mit 3 rohen und 3 reader-exakten Vorkommen auf 3 exakten Folios; Kartenlinie GDT734|GDT788.	Der SHIFT-Test schlägt beide Kontrollen nur in 2/10, der günstigere CORE-Test in 4/10 Reihen; kein reader-exakter gleichlokaler X|dal-Split und kein d|al-Split. Die Oberfläche kann ein gelernter Ganzname oder ein anderes Feld sein.	3	3	3	1	3	3	3	1	0	1	0	0	NONE	NONE	NONE	NONE	NONE	0	0	0	0	0	0	0
qokeeodal	RAW_ONLY_FALLBACK	Materialposten I	Material I, abgemessen	Mengen-/Wertfeld I	RAW_READER_WARNING_ONLY	PORTABLE_DAL_REMAINDER_CANDIDATE	OPAQUE_LEARNED_WHOLE_CANDIDATE	MATERIAL|MEASURE|LEVEL_I_C0_FAMILY_PRIOR	12	C0_RAW_READER_WARNING	EDITORIAL_EVIDENCE_WEIGHT_NOT_FORMULA_NOT_PROBABILITY	RAW_READER_WARNING_ONLY	GDT788	RAW_READER_WARNING_ONLY	Ein rohes Vorkommen der vollständigen Oberfläche; Kartenlinie GDT788; die Anzeige verhindert eine leere Arbeitsstelle.	Kein reader-exaktes vollständiges Wort; Segmentierung und Bedeutung bleiben offen. Keine getrennte Grenze, historische Wortidentität oder Renderer-Lizenz.	1	1	1	0	0	0	0	0	1	1	0	0	NONE	NONE	NONE	NONE	NONE	0	0	0	0	0	0	0
qopchedal	EXACT_SINGLETON_FALLBACK	Materialposten I	Material I, abgemessen	Mengen-/Wertfeld I	LEARNED_COMPLETE_WHOLE_WITH_DAL_FAMILY_DISPLAY_PRIOR	PORTABLE_DAL_REMAINDER_CANDIDATE	OPAQUE_LEARNED_WHOLE_CANDIDATE	MATERIAL|MEASURE|LEVEL_I_C0_FAMILY_PRIOR	24	C0_EXACT_SINGLETON_WHOLE	EDITORIAL_EVIDENCE_WEIGHT_NOT_FORMULA_NOT_PROBABILITY	READER_EXACT_COMPLETE_WHOLE_ONLY	GDT788	LEARNED_COMPLETE_WHOLE_WITH_DAL_FAMILY_DISPLAY_PRIOR	Beobachtete vollständige Oberfläche mit 1 rohen und 1 reader-exakten Vorkommen auf 1 exakten Folios; Kartenlinie GDT788.	Der SHIFT-Test schlägt beide Kontrollen nur in 2/10, der günstigere CORE-Test in 4/10 Reihen; kein reader-exakter gleichlokaler X|dal-Split und kein d|al-Split. Die Oberfläche kann ein gelernter Ganzname oder ein anderes Feld sein.	1	1	1	1	1	1	1	1	0	1	0	0	NONE	NONE	NONE	NONE	NONE	0	0	0	0	0	0	0
qotchdal	RAW_ONLY_FALLBACK	Materialposten I	Material I, abgemessen	Mengen-/Wertfeld I	RAW_READER_WARNING_ONLY	PORTABLE_DAL_REMAINDER_CANDIDATE	OPAQUE_LEARNED_WHOLE_CANDIDATE	MATERIAL|MEASURE|LEVEL_I_C0_FAMILY_PRIOR	12	C0_RAW_READER_WARNING	EDITORIAL_EVIDENCE_WEIGHT_NOT_FORMULA_NOT_PROBABILITY	RAW_READER_WARNING_ONLY	GDT788	RAW_READER_WARNING_ONLY	Ein rohes Vorkommen der vollständigen Oberfläche; Kartenlinie GDT788; die Anzeige verhindert eine leere Arbeitsstelle.	Kein reader-exaktes vollständiges Wort; Segmentierung und Bedeutung bleiben offen. Keine getrennte Grenze, historische Wortidentität oder Renderer-Lizenz.	1	1	1	0	0	0	0	0	1	1	0	0	NONE	NONE	NONE	NONE	NONE	0	0	0	0	0	0	0
qotedal	EXPLICIT_OVERRIDE	gekühltes Material I, abgemessen; Mittelstufe	abgekühlte Zubereitung	Kälte-/Mittelstufenfeld I	FORM_SPECIFIC_COMPLETE_WHOLE_NO_COMPONENT_EXPORT	PORTABLE_DAL_REMAINDER_CANDIDATE	OPAQUE_LEARNED_WHOLE_CANDIDATE	MATERIAL|MEASURE|LEVEL_I_C0_FAMILY_PRIOR	28	C0_REPAIRED_WHOLE	EDITORIAL_EVIDENCE_WEIGHT_NOT_FORMULA_NOT_PROBABILITY	READER_EXACT_COMPLETE_WHOLE_ONLY	GDT734|GDT754	REPAIRED_COMPLETE_WHOLE_C0	Beobachtete vollständige Oberfläche mit 3 rohen und 1 reader-exakten Vorkommen auf 1 exakten Folios; Kartenlinie GDT734|GDT754.	Der SHIFT-Test schlägt beide Kontrollen nur in 2/10, der günstigere CORE-Test in 4/10 Reihen; kein reader-exakter gleichlokaler X|dal-Split und kein d|al-Split. Die Oberfläche kann ein gelernter Ganzname oder ein anderes Feld sein.	3	3	3	1	1	1	1	1	0	1	0	0	qotedal#GLOBAL	kühle bis zur Mittelstufe und miss Rohdroge I ab	56	INHERITED_UNCHANGED	NONE	0	0	0	0	0	0	0
saldal	EXPLICIT_OVERRIDE	abgemessene Rohdroge	benannte abgemessene Drogenform	abgemessenes Rohsalz	FORM_SPECIFIC_COMPLETE_WHOLE_NO_COMPONENT_EXPORT	PORTABLE_DAL_REMAINDER_CANDIDATE	OPAQUE_LEARNED_WHOLE_CANDIDATE	MATERIAL|MEASURE|LEVEL_I_C0_FAMILY_PRIOR	60	C1_FORM_SPECIFIC_WHOLE	EDITORIAL_EVIDENCE_WEIGHT_NOT_FORMULA_NOT_PROBABILITY	READER_EXACT_COMPLETE_WHOLE_ONLY	GDT786	RETAIN_GDT786_WHOLE_ONLY	Beobachtete vollständige Oberfläche mit 1 rohen und 1 reader-exakten Vorkommen auf 1 exakten Folios; Kartenlinie GDT786.	Der SHIFT-Test schlägt beide Kontrollen nur in 2/10, der günstigere CORE-Test in 4/10 Reihen; kein reader-exakter gleichlokaler X|dal-Split und kein d|al-Split. Die Oberfläche kann ein gelernter Ganzname oder ein anderes Feld sein.	1	1	1	1	1	1	1	1	0	1	0	0	NONE	NONE	NONE	NONE	abgemessene Rohdroge	0	0	0	0	0	0	0
sasoldal	RAW_ONLY_FALLBACK	Materialposten I	Material I, abgemessen	Mengen-/Wertfeld I	RAW_READER_WARNING_ONLY	PORTABLE_DAL_REMAINDER_CANDIDATE	OPAQUE_LEARNED_WHOLE_CANDIDATE	MATERIAL|MEASURE|LEVEL_I_C0_FAMILY_PRIOR	12	C0_RAW_READER_WARNING	EDITORIAL_EVIDENCE_WEIGHT_NOT_FORMULA_NOT_PROBABILITY	RAW_READER_WARNING_ONLY	GDT788	RAW_READER_WARNING_ONLY	Ein rohes Vorkommen der vollständigen Oberfläche; Kartenlinie GDT788; die Anzeige verhindert eine leere Arbeitsstelle.	Kein reader-exaktes vollständiges Wort; Segmentierung und Bedeutung bleiben offen. Keine getrennte Grenze, historische Wortidentität oder Renderer-Lizenz.	1	1	1	0	0	0	0	0	1	1	0	0	NONE	NONE	NONE	NONE	NONE	0	0	0	0	0	0	0
sdal	RAW_ONLY_FALLBACK	Materialposten I	Material I, abgemessen	Mengen-/Wertfeld I	RAW_READER_WARNING_ONLY	PORTABLE_DAL_REMAINDER_CANDIDATE	OPAQUE_LEARNED_WHOLE_CANDIDATE	MATERIAL|MEASURE|LEVEL_I_C0_FAMILY_PRIOR	12	C0_RAW_READER_WARNING	EDITORIAL_EVIDENCE_WEIGHT_NOT_FORMULA_NOT_PROBABILITY	RAW_READER_WARNING_ONLY	GDT788	RAW_READER_WARNING_ONLY	Ein rohes Vorkommen der vollständigen Oberfläche; Kartenlinie GDT788; die Anzeige verhindert eine leere Arbeitsstelle.	Kein reader-exaktes vollständiges Wort; Segmentierung und Bedeutung bleiben offen. Keine getrennte Grenze, historische Wortidentität oder Renderer-Lizenz.	1	1	1	0	0	0	0	0	1	1	0	0	NONE	NONE	NONE	NONE	NONE	0	0	0	0	0	0	0
shdal	EXPLICIT_OVERRIDE	feuchtes Material I, abgemessen; Anfangsstufe	eingeweichter Drogenposten	Feuchtefeld der Anfangsstufe	FORM_SPECIFIC_COMPLETE_WHOLE_NO_COMPONENT_EXPORT	PORTABLE_DAL_REMAINDER_CANDIDATE	OPAQUE_LEARNED_WHOLE_CANDIDATE	MATERIAL|MEASURE|LEVEL_I_C0_FAMILY_PRIOR	46	C1_AXIS_C0_CARRIER_WHOLE	EDITORIAL_EVIDENCE_WEIGHT_NOT_FORMULA_NOT_PROBABILITY	READER_EXACT_COMPLETE_WHOLE_ONLY	GDT655|GDT711|GDT712	RETAIN_FORM_SPECIFIC_WHOLE_NO_COMPONENT_EXPORT	Beobachtete vollständige Oberfläche mit 4 rohen und 3 reader-exakten Vorkommen auf 3 exakten Folios; Kartenlinie GDT655|GDT711|GDT712.	Der SHIFT-Test schlägt beide Kontrollen nur in 2/10, der günstigere CORE-Test in 4/10 Reihen; kein reader-exakter gleichlokaler X|dal-Split und kein d|al-Split. Die Oberfläche kann ein gelernter Ganzname oder ein anderes Feld sein.	4	4	4	1	3	3	3	1	0	1	0	0	shdal#1	feuchtes, abgemessenes Material I, Anfangsstufe	46	INHERITED_UNCHANGED	NONE	0	0	0	0	0	0	0
shedal	EXPLICIT_OVERRIDE	feuchtes Material I, abgemessen; Mittelstufe	mazerierter Drogenposten	Feuchtefeld der Mittelstufe	FORM_SPECIFIC_COMPLETE_WHOLE_NO_COMPONENT_EXPORT	PORTABLE_DAL_REMAINDER_CANDIDATE	OPAQUE_LEARNED_WHOLE_CANDIDATE	MATERIAL|MEASURE|LEVEL_I_C0_FAMILY_PRIOR	46	C1_AXIS_C0_CARRIER_WHOLE	EDITORIAL_EVIDENCE_WEIGHT_NOT_FORMULA_NOT_PROBABILITY	READER_EXACT_COMPLETE_WHOLE_ONLY	GDT655|GDT711|GDT712	RETAIN_FORM_SPECIFIC_WHOLE_NO_COMPONENT_EXPORT	Beobachtete vollständige Oberfläche mit 11 rohen und 7 reader-exakten Vorkommen auf 3 exakten Folios; Kartenlinie GDT655|GDT711|GDT712.	Der SHIFT-Test schlägt beide Kontrollen nur in 2/10, der günstigere CORE-Test in 4/10 Reihen; kein reader-exakter gleichlokaler X|dal-Split und kein d|al-Split. Die Oberfläche kann ein gelernter Ganzname oder ein anderes Feld sein.	11	7	4	1	7	5	3	1	0	1	0	0	shedal#1	feuchtes, abgemessenes Material I, Mittelstufe	34	INHERITED_UNCHANGED	NONE	0	0	0	0	0	0	0
sheedal	RAW_ONLY_FALLBACK	Materialposten I	Material I, abgemessen	Mengen-/Wertfeld I	RAW_READER_WARNING_ONLY	PORTABLE_DAL_REMAINDER_CANDIDATE	OPAQUE_LEARNED_WHOLE_CANDIDATE	MATERIAL|MEASURE|LEVEL_I_C0_FAMILY_PRIOR	12	C0_RAW_READER_WARNING	EDITORIAL_EVIDENCE_WEIGHT_NOT_FORMULA_NOT_PROBABILITY	RAW_READER_WARNING_ONLY	GDT788	RAW_READER_WARNING_ONLY	Ein rohes Vorkommen der vollständigen Oberfläche; Kartenlinie GDT788; die Anzeige verhindert eine leere Arbeitsstelle.	Kein reader-exaktes vollständiges Wort; Segmentierung und Bedeutung bleiben offen. Keine getrennte Grenze, historische Wortidentität oder Renderer-Lizenz.	1	1	1	0	0	0	0	0	1	1	0	0	NONE	NONE	NONE	NONE	NONE	0	0	0	0	0	0	0
sheodal	EXPLICIT_OVERRIDE	feuchtes Ansatzmaterial I, abgemessen	mazerierte Arzneizubereitung	Feuchte-/Mengenfeld I	FORM_SPECIFIC_COMPLETE_WHOLE_NO_COMPONENT_EXPORT	PORTABLE_DAL_REMAINDER_CANDIDATE	OPAQUE_LEARNED_WHOLE_CANDIDATE	MATERIAL|MEASURE|LEVEL_I_C0_FAMILY_PRIOR	38	C0_WHOLE_ANALOGY	EDITORIAL_EVIDENCE_WEIGHT_NOT_FORMULA_NOT_PROBABILITY	READER_EXACT_COMPLETE_WHOLE_ONLY	GDT734|GDT788	FORM_SPECIFIC_WHOLE_ANALOGY_NO_COMPONENT_EXPORT	Beobachtete vollständige Oberfläche mit 3 rohen und 3 reader-exakten Vorkommen auf 3 exakten Folios; Kartenlinie GDT734|GDT788.	Der SHIFT-Test schlägt beide Kontrollen nur in 2/10, der günstigere CORE-Test in 4/10 Reihen; kein reader-exakter gleichlokaler X|dal-Split und kein d|al-Split. Die Oberfläche kann ein gelernter Ganzname oder ein anderes Feld sein.	3	3	3	1	3	3	3	1	0	1	0	0	NONE	NONE	NONE	NONE	NONE	0	0	0	0	0	0	0
shodal	EXACT_SINGLETON_FALLBACK	Materialposten I	Material I, abgemessen	Mengen-/Wertfeld I	LEARNED_COMPLETE_WHOLE_WITH_DAL_FAMILY_DISPLAY_PRIOR	PORTABLE_DAL_REMAINDER_CANDIDATE	OPAQUE_LEARNED_WHOLE_CANDIDATE	MATERIAL|MEASURE|LEVEL_I_C0_FAMILY_PRIOR	24	C0_EXACT_SINGLETON_WHOLE	EDITORIAL_EVIDENCE_WEIGHT_NOT_FORMULA_NOT_PROBABILITY	READER_EXACT_COMPLETE_WHOLE_ONLY	GDT788	LEARNED_COMPLETE_WHOLE_WITH_DAL_FAMILY_DISPLAY_PRIOR	Beobachtete vollständige Oberfläche mit 1 rohen und 1 reader-exakten Vorkommen auf 1 exakten Folios; Kartenlinie GDT788.	Der SHIFT-Test schlägt beide Kontrollen nur in 2/10, der günstigere CORE-Test in 4/10 Reihen; kein reader-exakter gleichlokaler X|dal-Split und kein d|al-Split. Die Oberfläche kann ein gelernter Ganzname oder ein anderes Feld sein.	1	1	1	1	1	1	1	1	0	1	0	0	NONE	NONE	NONE	NONE	NONE	0	0	0	0	0	0	0
shydal	EXACT_SINGLETON_FALLBACK	Materialposten I	Material I, abgemessen	Mengen-/Wertfeld I	LEARNED_COMPLETE_WHOLE_WITH_DAL_FAMILY_DISPLAY_PRIOR	PORTABLE_DAL_REMAINDER_CANDIDATE	OPAQUE_LEARNED_WHOLE_CANDIDATE	MATERIAL|MEASURE|LEVEL_I_C0_FAMILY_PRIOR	24	C0_EXACT_SINGLETON_WHOLE	EDITORIAL_EVIDENCE_WEIGHT_NOT_FORMULA_NOT_PROBABILITY	READER_EXACT_COMPLETE_WHOLE_ONLY	GDT788	LEARNED_COMPLETE_WHOLE_WITH_DAL_FAMILY_DISPLAY_PRIOR	Beobachtete vollständige Oberfläche mit 1 rohen und 1 reader-exakten Vorkommen auf 1 exakten Folios; Kartenlinie GDT788.	Der SHIFT-Test schlägt beide Kontrollen nur in 2/10, der günstigere CORE-Test in 4/10 Reihen; kein reader-exakter gleichlokaler X|dal-Split und kein d|al-Split. Die Oberfläche kann ein gelernter Ganzname oder ein anderes Feld sein.	1	1	1	1	1	1	1	1	0	1	0	0	NONE	NONE	NONE	NONE	NONE	0	0	0	0	0	0	0
sodal	EXPLICIT_OVERRIDE	abgemessener Materialansatz I	aufbereitete Materialcharge I	Materialportion I	FORM_SPECIFIC_COMPLETE_WHOLE_NO_COMPONENT_EXPORT	PORTABLE_DAL_REMAINDER_CANDIDATE	OPAQUE_LEARNED_WHOLE_CANDIDATE	MATERIAL|MEASURE|LEVEL_I_C0_FAMILY_PRIOR	28	C0_REPAIRED_WHOLE	EDITORIAL_EVIDENCE_WEIGHT_NOT_FORMULA_NOT_PROBABILITY	READER_EXACT_COMPLETE_WHOLE_ONLY	GDT655|GDT711|GDT712	REPAIRED_COMPLETE_WHOLE_C0	Beobachtete vollständige Oberfläche mit 2 rohen und 1 reader-exakten Vorkommen auf 1 exakten Folios; Kartenlinie GDT655|GDT711|GDT712.	Der SHIFT-Test schlägt beide Kontrollen nur in 2/10, der günstigere CORE-Test in 4/10 Reihen; kein reader-exakter gleichlokaler X|dal-Split und kein d|al-Split. Die Oberfläche kann ein gelernter Ganzname oder ein anderes Feld sein.	2	2	2	1	1	1	1	1	0	1	0	0	sodal#GLOBAL	abgewogener Samenposten I im Ansatz	40	INHERITED_UNCHANGED	NONE	0	0	0	0	0	0	0
ssheedal	EXACT_SINGLETON_FALLBACK	Materialposten I	Material I, abgemessen	Mengen-/Wertfeld I	LEARNED_COMPLETE_WHOLE_WITH_DAL_FAMILY_DISPLAY_PRIOR	PORTABLE_DAL_REMAINDER_CANDIDATE	OPAQUE_LEARNED_WHOLE_CANDIDATE	MATERIAL|MEASURE|LEVEL_I_C0_FAMILY_PRIOR	24	C0_EXACT_SINGLETON_WHOLE	EDITORIAL_EVIDENCE_WEIGHT_NOT_FORMULA_NOT_PROBABILITY	READER_EXACT_COMPLETE_WHOLE_ONLY	GDT788	LEARNED_COMPLETE_WHOLE_WITH_DAL_FAMILY_DISPLAY_PRIOR	Beobachtete vollständige Oberfläche mit 1 rohen und 1 reader-exakten Vorkommen auf 1 exakten Folios; Kartenlinie GDT788.	Der SHIFT-Test schlägt beide Kontrollen nur in 2/10, der günstigere CORE-Test in 4/10 Reihen; kein reader-exakter gleichlokaler X|dal-Split und kein d|al-Split. Die Oberfläche kann ein gelernter Ganzname oder ein anderes Feld sein.	1	1	1	1	1	1	1	1	0	1	0	0	NONE	NONE	NONE	NONE	NONE	0	0	0	0	0	0	0
tchedal	EXACT_SINGLETON_FALLBACK	Materialposten I	Material I, abgemessen	Mengen-/Wertfeld I	LEARNED_COMPLETE_WHOLE_WITH_DAL_FAMILY_DISPLAY_PRIOR	PORTABLE_DAL_REMAINDER_CANDIDATE	OPAQUE_LEARNED_WHOLE_CANDIDATE	MATERIAL|MEASURE|LEVEL_I_C0_FAMILY_PRIOR	24	C0_EXACT_SINGLETON_WHOLE	EDITORIAL_EVIDENCE_WEIGHT_NOT_FORMULA_NOT_PROBABILITY	READER_EXACT_COMPLETE_WHOLE_ONLY	GDT788	LEARNED_COMPLETE_WHOLE_WITH_DAL_FAMILY_DISPLAY_PRIOR	Beobachtete vollständige Oberfläche mit 1 rohen und 1 reader-exakten Vorkommen auf 1 exakten Folios; Kartenlinie GDT788.	Der SHIFT-Test schlägt beide Kontrollen nur in 2/10, der günstigere CORE-Test in 4/10 Reihen; kein reader-exakter gleichlokaler X|dal-Split und kein d|al-Split. Die Oberfläche kann ein gelernter Ganzname oder ein anderes Feld sein.	1	1	1	1	1	1	1	1	0	1	0	0	NONE	NONE	NONE	NONE	NONE	0	0	0	0	0	0	0
tcheodal	EXPLICIT_OVERRIDE	gekühltes Trockenmaterial I, abgemessen	getrocknete Fertigzubereitung	Kälte-/Trockenfeld I	FORM_SPECIFIC_COMPLETE_WHOLE_NO_COMPONENT_EXPORT	PORTABLE_DAL_REMAINDER_CANDIDATE	OPAQUE_LEARNED_WHOLE_CANDIDATE	MATERIAL|MEASURE|LEVEL_I_C0_FAMILY_PRIOR	22	C0_REPAIRED_WHOLE	EDITORIAL_EVIDENCE_WEIGHT_NOT_FORMULA_NOT_PROBABILITY	READER_EXACT_COMPLETE_WHOLE_ONLY	GDT734|GDT754	REPAIRED_COMPLETE_WHOLE_C0	Beobachtete vollständige Oberfläche mit 1 rohen und 1 reader-exakten Vorkommen auf 1 exakten Folios; Kartenlinie GDT734|GDT754.	Der SHIFT-Test schlägt beide Kontrollen nur in 2/10, der günstigere CORE-Test in 4/10 Reihen; kein reader-exakter gleichlokaler X|dal-Split und kein d|al-Split. Die Oberfläche kann ein gelernter Ganzname oder ein anderes Feld sein.	1	1	1	1	1	1	1	1	0	1	0	0	tcheodal#GLOBAL	abkühlen, bis zur Mittelstufe trocknen, ansetzen und Rohdroge I abmessen	4	INHERITED_UNCHANGED	NONE	0	0	0	0	0	0	0
tedal	RAW_ONLY_FALLBACK	Materialposten I	Material I, abgemessen	Mengen-/Wertfeld I	RAW_READER_WARNING_ONLY	PORTABLE_DAL_REMAINDER_CANDIDATE	OPAQUE_LEARNED_WHOLE_CANDIDATE	MATERIAL|MEASURE|LEVEL_I_C0_FAMILY_PRIOR	12	C0_RAW_READER_WARNING	EDITORIAL_EVIDENCE_WEIGHT_NOT_FORMULA_NOT_PROBABILITY	RAW_READER_WARNING_ONLY	GDT788	RAW_READER_WARNING_ONLY	Ein rohes Vorkommen der vollständigen Oberfläche; Kartenlinie GDT788; die Anzeige verhindert eine leere Arbeitsstelle.	Kein reader-exaktes vollständiges Wort; Segmentierung und Bedeutung bleiben offen. Keine getrennte Grenze, historische Wortidentität oder Renderer-Lizenz.	1	1	1	0	0	0	0	0	1	1	0	0	NONE	NONE	NONE	NONE	NONE	0	0	0	0	0	0	0
teedal	EXACT_SINGLETON_FALLBACK	Materialposten I	Material I, abgemessen	Mengen-/Wertfeld I	LEARNED_COMPLETE_WHOLE_WITH_DAL_FAMILY_DISPLAY_PRIOR	PORTABLE_DAL_REMAINDER_CANDIDATE	OPAQUE_LEARNED_WHOLE_CANDIDATE	MATERIAL|MEASURE|LEVEL_I_C0_FAMILY_PRIOR	24	C0_EXACT_SINGLETON_WHOLE	EDITORIAL_EVIDENCE_WEIGHT_NOT_FORMULA_NOT_PROBABILITY	READER_EXACT_COMPLETE_WHOLE_ONLY	GDT788	LEARNED_COMPLETE_WHOLE_WITH_DAL_FAMILY_DISPLAY_PRIOR	Beobachtete vollständige Oberfläche mit 2 rohen und 1 reader-exakten Vorkommen auf 1 exakten Folios; Kartenlinie GDT788.	Der SHIFT-Test schlägt beide Kontrollen nur in 2/10, der günstigere CORE-Test in 4/10 Reihen; kein reader-exakter gleichlokaler X|dal-Split und kein d|al-Split. Die Oberfläche kann ein gelernter Ganzname oder ein anderes Feld sein.	2	2	2	1	1	1	1	1	0	1	0	0	NONE	NONE	NONE	NONE	NONE	0	0	0	0	0	0	0
teeodal	RAW_ONLY_FALLBACK	Materialposten I	Material I, abgemessen	Mengen-/Wertfeld I	RAW_READER_WARNING_ONLY	PORTABLE_DAL_REMAINDER_CANDIDATE	OPAQUE_LEARNED_WHOLE_CANDIDATE	MATERIAL|MEASURE|LEVEL_I_C0_FAMILY_PRIOR	12	C0_RAW_READER_WARNING	EDITORIAL_EVIDENCE_WEIGHT_NOT_FORMULA_NOT_PROBABILITY	RAW_READER_WARNING_ONLY	GDT788	RAW_READER_WARNING_ONLY	Ein rohes Vorkommen der vollständigen Oberfläche; Kartenlinie GDT788; die Anzeige verhindert eine leere Arbeitsstelle.	Kein reader-exaktes vollständiges Wort; Segmentierung und Bedeutung bleiben offen. Keine getrennte Grenze, historische Wortidentität oder Renderer-Lizenz.	1	1	1	0	0	0	0	0	1	1	0	0	NONE	NONE	NONE	NONE	NONE	0	0	0	0	0	0	0
teodal	EXPLICIT_OVERRIDE	gekühltes Ansatzmaterial I, abgemessen	abgekühlter Arzneiextrakt	Kälte-/Ergebnisfeld I	FORM_SPECIFIC_COMPLETE_WHOLE_NO_COMPONENT_EXPORT	PORTABLE_DAL_REMAINDER_CANDIDATE	OPAQUE_LEARNED_WHOLE_CANDIDATE	MATERIAL|MEASURE|LEVEL_I_C0_FAMILY_PRIOR	32	C0_WHOLE_ANALOGY	EDITORIAL_EVIDENCE_WEIGHT_NOT_FORMULA_NOT_PROBABILITY	READER_EXACT_COMPLETE_WHOLE_ONLY	GDT734|GDT788	FORM_SPECIFIC_WHOLE_ANALOGY_NO_COMPONENT_EXPORT	Beobachtete vollständige Oberfläche mit 2 rohen und 2 reader-exakten Vorkommen auf 2 exakten Folios; Kartenlinie GDT734|GDT788.	Der SHIFT-Test schlägt beide Kontrollen nur in 2/10, der günstigere CORE-Test in 4/10 Reihen; kein reader-exakter gleichlokaler X|dal-Split und kein d|al-Split. Die Oberfläche kann ein gelernter Ganzname oder ein anderes Feld sein.	2	2	2	1	2	2	2	1	0	1	0	0	NONE	NONE	NONE	NONE	NONE	0	0	0	0	0	0	0
todal	EXPLICIT_OVERRIDE	gekühltes Material I, abgemessen	abgekühlte Zubereitung I	Kälte-/Wertfeld I	FORM_SPECIFIC_COMPLETE_WHOLE_NO_COMPONENT_EXPORT	PORTABLE_DAL_REMAINDER_CANDIDATE	OPAQUE_LEARNED_WHOLE_CANDIDATE	MATERIAL|MEASURE|LEVEL_I_C0_FAMILY_PRIOR	36	C0_WHOLE_ANALOGY	EDITORIAL_EVIDENCE_WEIGHT_NOT_FORMULA_NOT_PROBABILITY	READER_EXACT_COMPLETE_WHOLE_ONLY	GDT734|GDT788	FORM_SPECIFIC_WHOLE_ANALOGY_NO_COMPONENT_EXPORT	Beobachtete vollständige Oberfläche mit 3 rohen und 3 reader-exakten Vorkommen auf 2 exakten Folios; Kartenlinie GDT734|GDT788.	Der SHIFT-Test schlägt beide Kontrollen nur in 2/10, der günstigere CORE-Test in 4/10 Reihen; kein reader-exakter gleichlokaler X|dal-Split und kein d|al-Split. Die Oberfläche kann ein gelernter Ganzname oder ein anderes Feld sein.	3	3	2	1	3	3	2	1	0	1	0	0	NONE	NONE	NONE	NONE	NONE	0	0	0	0	0	0	0
toldal	EXACT_SINGLETON_FALLBACK	Materialposten I	Material I, abgemessen	Mengen-/Wertfeld I	LEARNED_COMPLETE_WHOLE_WITH_DAL_FAMILY_DISPLAY_PRIOR	PORTABLE_DAL_REMAINDER_CANDIDATE	OPAQUE_LEARNED_WHOLE_CANDIDATE	MATERIAL|MEASURE|LEVEL_I_C0_FAMILY_PRIOR	24	C0_EXACT_SINGLETON_WHOLE	EDITORIAL_EVIDENCE_WEIGHT_NOT_FORMULA_NOT_PROBABILITY	READER_EXACT_COMPLETE_WHOLE_ONLY	GDT788	LEARNED_COMPLETE_WHOLE_WITH_DAL_FAMILY_DISPLAY_PRIOR	Beobachtete vollständige Oberfläche mit 1 rohen und 1 reader-exakten Vorkommen auf 1 exakten Folios; Kartenlinie GDT788.	Der SHIFT-Test schlägt beide Kontrollen nur in 2/10, der günstigere CORE-Test in 4/10 Reihen; kein reader-exakter gleichlokaler X|dal-Split und kein d|al-Split. Die Oberfläche kann ein gelernter Ganzname oder ein anderes Feld sein.	1	1	1	1	1	1	1	1	0	1	0	0	NONE	NONE	NONE	NONE	NONE	0	0	0	0	0	0	0
tshdal	RAW_ONLY_FALLBACK	Materialposten I	Material I, abgemessen	Mengen-/Wertfeld I	RAW_READER_WARNING_ONLY	PORTABLE_DAL_REMAINDER_CANDIDATE	OPAQUE_LEARNED_WHOLE_CANDIDATE	MATERIAL|MEASURE|LEVEL_I_C0_FAMILY_PRIOR	12	C0_RAW_READER_WARNING	EDITORIAL_EVIDENCE_WEIGHT_NOT_FORMULA_NOT_PROBABILITY	RAW_READER_WARNING_ONLY	GDT788	RAW_READER_WARNING_ONLY	Ein rohes Vorkommen der vollständigen Oberfläche; Kartenlinie GDT788; die Anzeige verhindert eine leere Arbeitsstelle.	Kein reader-exaktes vollständiges Wort; Segmentierung und Bedeutung bleiben offen. Keine getrennte Grenze, historische Wortidentität oder Renderer-Lizenz.	1	1	1	0	0	0	0	0	1	1	0	0	NONE	NONE	NONE	NONE	NONE	0	0	0	0	0	0	0
tshedal	EXACT_SINGLETON_FALLBACK	Materialposten I	Material I, abgemessen	Mengen-/Wertfeld I	LEARNED_COMPLETE_WHOLE_WITH_DAL_FAMILY_DISPLAY_PRIOR	PORTABLE_DAL_REMAINDER_CANDIDATE	OPAQUE_LEARNED_WHOLE_CANDIDATE	MATERIAL|MEASURE|LEVEL_I_C0_FAMILY_PRIOR	24	C0_EXACT_SINGLETON_WHOLE	EDITORIAL_EVIDENCE_WEIGHT_NOT_FORMULA_NOT_PROBABILITY	READER_EXACT_COMPLETE_WHOLE_ONLY	GDT788	LEARNED_COMPLETE_WHOLE_WITH_DAL_FAMILY_DISPLAY_PRIOR	Beobachtete vollständige Oberfläche mit 1 rohen und 1 reader-exakten Vorkommen auf 1 exakten Folios; Kartenlinie GDT788.	Der SHIFT-Test schlägt beide Kontrollen nur in 2/10, der günstigere CORE-Test in 4/10 Reihen; kein reader-exakter gleichlokaler X|dal-Split und kein d|al-Split. Die Oberfläche kann ein gelernter Ganzname oder ein anderes Feld sein.	1	1	1	1	1	1	1	1	0	1	0	0	NONE	NONE	NONE	NONE	NONE	0	0	0	0	0	0	0
ychedal	EXACT_SINGLETON_FALLBACK	Materialposten I	Material I, abgemessen	Mengen-/Wertfeld I	LEARNED_COMPLETE_WHOLE_WITH_DAL_FAMILY_DISPLAY_PRIOR	PORTABLE_DAL_REMAINDER_CANDIDATE	OPAQUE_LEARNED_WHOLE_CANDIDATE	MATERIAL|MEASURE|LEVEL_I_C0_FAMILY_PRIOR	24	C0_EXACT_SINGLETON_WHOLE	EDITORIAL_EVIDENCE_WEIGHT_NOT_FORMULA_NOT_PROBABILITY	READER_EXACT_COMPLETE_WHOLE_ONLY	GDT788	LEARNED_COMPLETE_WHOLE_WITH_DAL_FAMILY_DISPLAY_PRIOR	Beobachtete vollständige Oberfläche mit 2 rohen und 1 reader-exakten Vorkommen auf 1 exakten Folios; Kartenlinie GDT788.	Der SHIFT-Test schlägt beide Kontrollen nur in 2/10, der günstigere CORE-Test in 4/10 Reihen; kein reader-exakter gleichlokaler X|dal-Split und kein d|al-Split. Die Oberfläche kann ein gelernter Ganzname oder ein anderes Feld sein.	2	2	2	1	1	1	1	1	0	1	0	0	NONE	NONE	NONE	NONE	NONE	0	0	0	0	0	0	0
ydal	EXPLICIT_OVERRIDE	Materialposten I, Grundform, abgemessen	Drogenposten in Grundform	Material-/Formfeld I	FORM_SPECIFIC_COMPLETE_WHOLE_NO_COMPONENT_EXPORT	PORTABLE_DAL_REMAINDER_CANDIDATE	OPAQUE_LEARNED_WHOLE_CANDIDATE	MATERIAL|MEASURE|LEVEL_I_C0_FAMILY_PRIOR	34	C0_WHOLE_ANALOGY	EDITORIAL_EVIDENCE_WEIGHT_NOT_FORMULA_NOT_PROBABILITY	READER_EXACT_COMPLETE_WHOLE_ONLY	GDT734|GDT788	FORM_SPECIFIC_WHOLE_ANALOGY_NO_COMPONENT_EXPORT	Beobachtete vollständige Oberfläche mit 2 rohen und 2 reader-exakten Vorkommen auf 2 exakten Folios; Kartenlinie GDT734|GDT788.	Der SHIFT-Test schlägt beide Kontrollen nur in 2/10, der günstigere CORE-Test in 4/10 Reihen; kein reader-exakter gleichlokaler X|dal-Split und kein d|al-Split. Die Oberfläche kann ein gelernter Ganzname oder ein anderes Feld sein.	2	2	2	1	2	2	2	1	0	1	0	0	NONE	NONE	NONE	NONE	NONE	0	0	0	0	0	0	0
ykeedal	RAW_ONLY_FALLBACK	Materialposten I	Material I, abgemessen	Mengen-/Wertfeld I	RAW_READER_WARNING_ONLY	PORTABLE_DAL_REMAINDER_CANDIDATE	OPAQUE_LEARNED_WHOLE_CANDIDATE	MATERIAL|MEASURE|LEVEL_I_C0_FAMILY_PRIOR	12	C0_RAW_READER_WARNING	EDITORIAL_EVIDENCE_WEIGHT_NOT_FORMULA_NOT_PROBABILITY	RAW_READER_WARNING_ONLY	GDT788	RAW_READER_WARNING_ONLY	Ein rohes Vorkommen der vollständigen Oberfläche; Kartenlinie GDT788; die Anzeige verhindert eine leere Arbeitsstelle.	Kein reader-exaktes vollständiges Wort; Segmentierung und Bedeutung bleiben offen. Keine getrennte Grenze, historische Wortidentität oder Renderer-Lizenz.	1	1	1	0	0	0	0	0	1	1	0	0	NONE	NONE	NONE	NONE	NONE	0	0	0	0	0	0	0
yshdal	EXACT_SINGLETON_FALLBACK	Materialposten I	Material I, abgemessen	Mengen-/Wertfeld I	LEARNED_COMPLETE_WHOLE_WITH_DAL_FAMILY_DISPLAY_PRIOR	PORTABLE_DAL_REMAINDER_CANDIDATE	OPAQUE_LEARNED_WHOLE_CANDIDATE	MATERIAL|MEASURE|LEVEL_I_C0_FAMILY_PRIOR	24	C0_EXACT_SINGLETON_WHOLE	EDITORIAL_EVIDENCE_WEIGHT_NOT_FORMULA_NOT_PROBABILITY	READER_EXACT_COMPLETE_WHOLE_ONLY	GDT788	LEARNED_COMPLETE_WHOLE_WITH_DAL_FAMILY_DISPLAY_PRIOR	Beobachtete vollständige Oberfläche mit 1 rohen und 1 reader-exakten Vorkommen auf 1 exakten Folios; Kartenlinie GDT788.	Der SHIFT-Test schlägt beide Kontrollen nur in 2/10, der günstigere CORE-Test in 4/10 Reihen; kein reader-exakter gleichlokaler X|dal-Split und kein d|al-Split. Die Oberfläche kann ein gelernter Ganzname oder ein anderes Feld sein.	1	1	1	1	1	1	1	1	0	1	0	0	NONE	NONE	NONE	NONE	NONE	0	0	0	0	0	0	0
ytchedal	EXACT_SINGLETON_FALLBACK	Materialposten I	Material I, abgemessen	Mengen-/Wertfeld I	LEARNED_COMPLETE_WHOLE_WITH_DAL_FAMILY_DISPLAY_PRIOR	PORTABLE_DAL_REMAINDER_CANDIDATE	OPAQUE_LEARNED_WHOLE_CANDIDATE	MATERIAL|MEASURE|LEVEL_I_C0_FAMILY_PRIOR	24	C0_EXACT_SINGLETON_WHOLE	EDITORIAL_EVIDENCE_WEIGHT_NOT_FORMULA_NOT_PROBABILITY	READER_EXACT_COMPLETE_WHOLE_ONLY	GDT788	LEARNED_COMPLETE_WHOLE_WITH_DAL_FAMILY_DISPLAY_PRIOR	Beobachtete vollständige Oberfläche mit 1 rohen und 1 reader-exakten Vorkommen auf 1 exakten Folios; Kartenlinie GDT788.	Der SHIFT-Test schlägt beide Kontrollen nur in 2/10, der günstigere CORE-Test in 4/10 Reihen; kein reader-exakter gleichlokaler X|dal-Split und kein d|al-Split. Die Oberfläche kann ein gelernter Ganzname oder ein anderes Feld sein.	1	1	1	1	1	1	1	1	0	1	0	0	NONE	NONE	NONE	NONE	NONE	0	0	0	0	0	0	0
