page	locus	record	event_index	surface	joint_tuple_id	page_host	formal_formula	atomic_working_value_German	atomic_status	complete_default_German
f10r	f10r.2	1	1	dchey	65f320e75510b2f38182	chey	UNKNOWN_HOST[CHEY]	ANTEIL	WEAK_CONTENT_LEAD	Nimm die faserige untere Wurzel
f10r	f10r.2	1	2	cthoor	dedc383b600397a301ee	cthoor	UNKNOWN_HOST[CTHOOR]	UNBEKANNT	OPAQUE_WHOLE_CARD	wasche sie in fließendem Wasser
f10r	f10r.2	1	3	char	4d4559019a961b834aa1	ar	UNKNOWN_HOST[AR]	UNBEKANNT	OPAQUE_WHOLE_CARD	Daraus, aus demselben Ansatz
f10r	f10r.2	1	4	chty	80ebbbbf238eee9f0aef	ty	UNKNOWN_HOST[TY]	UNBEKANNT	OPAQUE_WHOLE_CARD	Gleichmäßig bearbeiten
f10r	f10r.2	1	5	os	df1098831679a8ad1b39	os	UNKNOWN_HOST[OS]	UNBEKANNT	OPAQUE_WHOLE_CARD	zerstoße sie zu grobem Pulver
f10r	f10r.2	1	6	chair	12efe866f335461823a6	air	UNKNOWN_HOST[AIR]	UNBEKANNT	OPAQUE_WHOLE_CARD	gib Rotwein hinzu
f10r	f10r.2	1	7	otytchol	62ff059766b21c7de083	otytchol	UNKNOWN_HOST[OTYTCHOL]	UNBEKANNT	OPAQUE_WHOLE_CARD	trinke es bei Magenschmerz
f10r	f10r.2	1	8	oky	276a7c2d74d1143446f4	oky	UNKNOWN_HOST[OKY]	NUTZEN	WEAK_WHOLE_CARD_MNEMONIC	Die aktive Portion verwenden
f10r	f10r.2	1	9	daiin	2f1c5e56e8f0ff459065	aiin	UNKNOWN_HOST[AIIN]	MASS	WEAK_WHOLE_CARD_MNEMONIC	Ein vorgeschriebenes Maß
f10r	f10r.2	1	10	etyd	a6939862e33ece5a0483	etyd	UNKNOWN_HOST[ETYD]	UNBEKANNT	OPAQUE_WHOLE_CARD	bewahre die übrige Wurzel trocken auf
f10r	f10r.5	1	1	qokchy	9ad66e67803a12e745de	okchy	UNKNOWN_HOST[OKCHY]	UNBEKANNT	OPAQUE_WHOLE_CARD	gebrauche die frisch bereitete Arznei
f10r	f10r.5	1	2	qotchol	e8a6105b5c3a6220b440	chol	FRAME_OT(UNKNOWN_HOST[CHOL])	UNBEKANNT	OPAQUE_WHOLE_CARD	wende sie warm an
f10r	f10r.5	1	3	chol	dcda95c81a5460feb191	l	FRAME_O(LINK)	VERKNÜPFEN	FORMAL_OPERATOR	Mit der vorigen Zubereitung weiter
f10r	f10r.5	1	4	cthy	e0b630cb1b5df5e7105b	cthy	UNKNOWN_HOST[CTHY]	BEREIT	WEAK_WHOLE_CARD_MNEMONIC	Sobald die Zubereitung gebrauchsfertig ist
f10r	f10r.6	2	1	ycheor	7249edc4df3419c26999	ycheor	UNKNOWN_HOST[YCHEOR]	UNBEKANNT	OPAQUE_WHOLE_CARD	sie wächst auf feuchtem Wiesengrund
f10r	f10r.6	2	2	cthy	e0b630cb1b5df5e7105b	cthy	UNKNOWN_HOST[CTHY]	BEREIT	WEAK_WHOLE_CARD_MNEMONIC	Sobald die Zubereitung gebrauchsfertig ist
f10r	f10r.6	2	3	chor	7a4bb8136330ee4e6e56	or	UNKNOWN_HOST[OR]	ANSATZ	WEAK_CONTENT_LEAD	Die bereitete Arbeitsflüssigkeit
f10r	f10r.6	2	4	cthaiin	f3c23f42baf625639e1e	cth	UNKNOWN_HOST[CTH] + <ARG_AIIN>	UNBEKANNT	OPAQUE_WHOLE_CARD	gib den ausgepressten Saft hinzu
f10r	f10r.6	2	5	qoctholy	af816c04e65874a0f2fa	octholy	UNKNOWN_HOST[OCTHOLY]	UNBEKANNT	OPAQUE_WHOLE_CARD	koche es sanft
f10r	f10r.6	2	6	dy	b921a237be883a820352	y	UNKNOWN_HOST[Y]	UNBEKANNT	OPAQUE_WHOLE_CARD	Diese aktive Portion
f10r	f10r.6	2	7	chy	b921a237be883a820352	y	UNKNOWN_HOST[Y]	UNBEKANNT	OPAQUE_WHOLE_CARD	Diese aktive Portion
f10r	f10r.6	2	8	taiin	2f1c5e56e8f0ff459065	aiin	UNKNOWN_HOST[AIIN]	MASS	WEAK_WHOLE_CARD_MNEMONIC	Ein vorgeschriebenes Maß
f10r	f10r.6	2	9	shy	b921a237be883a820352	y	UNKNOWN_HOST[Y]	UNBEKANNT	OPAQUE_WHOLE_CARD	Diese aktive Portion
f10r	f10r.8	2	1	qotchor	10488b911aae52b3b334	chor	FRAME_OT(UNKNOWN_HOST[CHOR])	UNBEKANNT	WITHDRAWN	vor der Blüte gesammelt
f10r	f10r.8	2	2	chor	7a4bb8136330ee4e6e56	or	UNKNOWN_HOST[OR]	ANSATZ	WEAK_CONTENT_LEAD	Die bereitete Arbeitsflüssigkeit
f10r	f10r.8	2	3	otol	497cbd9c7401810ff56b	ol	FRAME_OT(UNKNOWN_HOST[OL])	UNBEKANNT	OPAQUE_WHOLE_CARD	eine Handvoll
f10r	f10r.8	2	4	chol	dcda95c81a5460feb191	l	FRAME_O(LINK)	VERKNÜPFEN	FORMAL_OPERATOR	Mit der vorigen Zubereitung weiter
f10r	f10r.8	2	5	cholor	dec401773c1f0347793d	olor	UNKNOWN_HOST[OLOR]	VORIGES	WEAK_WHOLE_CARD_MNEMONIC	Aus dem vorigen Ansatz entnehmen
f10r	f10r.8	2	6	chol	dcda95c81a5460feb191	l	FRAME_O(LINK)	VERKNÜPFEN	FORMAL_OPERATOR	Mit der vorigen Zubereitung weiter
f10r	f10r.8	2	7	daiin	2f1c5e56e8f0ff459065	aiin	UNKNOWN_HOST[AIIN]	MASS	WEAK_WHOLE_CARD_MNEMONIC	Ein vorgeschriebenes Maß
f10r	f10r.8	2	8	dar	4d4559019a961b834aa1	ar	UNKNOWN_HOST[AR]	UNBEKANNT	OPAQUE_WHOLE_CARD	Daraus, aus demselben Ansatz
f10r	f10r.9	2	1	oykchor	27d97af8c96eb056c2e6	oykchor	UNKNOWN_HOST[OYKCHOR]	UNBEKANNT	OPAQUE_WHOLE_CARD	wenn sich die Blüte geöffnet hat
f10r	f10r.9	2	2	shor	7a4bb8136330ee4e6e56	or	UNKNOWN_HOST[OR]	ANSATZ	WEAK_CONTENT_LEAD	Die bereitete Arbeitsflüssigkeit
f10r	f10r.9	2	3	chor	7a4bb8136330ee4e6e56	or	UNKNOWN_HOST[OR]	ANSATZ	WEAK_CONTENT_LEAD	Die bereitete Arbeitsflüssigkeit
f10r	f10r.9	2	4	chy	b921a237be883a820352	y	UNKNOWN_HOST[Y]	UNBEKANNT	OPAQUE_WHOLE_CARD	Diese aktive Portion
f10r	f10r.9	2	5	kaiiin	409de02322e7b2ca0c62	kaiiin	UNKNOWN_HOST[KAIIIN]	UNBEKANNT	OPAQUE_WHOLE_CARD	bis ein bitterer Geschmack bleibt
f10r	f10r.9	2	6	dy	b921a237be883a820352	y	UNKNOWN_HOST[Y]	UNBEKANNT	OPAQUE_WHOLE_CARD	Diese aktive Portion
f10r	f10r.9	2	7	chodaiin	834825c61d048a6b5628	d	FRAME_O(UNKNOWN_HOST[D] + <ARG_AIIN>)	UNBEKANNT	OPAQUE_WHOLE_CARD	bewahre diesen Anteil unter Öl
f11r	f11r.1	1	1	tshol	953ad19b79517fc8a211	shol	UNKNOWN_HOST[SHOL]	UNBEKANNT	OPAQUE_WHOLE_CARD	sammle die Wurzel im Frühjahr
f11r	f11r.1	1	2	schoal	428a5e3662aa57b4b256	cho	UNKNOWN_HOST[CHO] + <ARG_AL>	UNBEKANNT	WITHDRAWN	vom schattigen Waldort
f11r	f11r.1	1	3	cfhy	bdad9f9ea8b80f141496	cfhy	UNKNOWN_HOST[CFHY]	UNBEKANNT	OPAQUE_WHOLE_CARD	bevor sich die Blütenkrone öffnet
f11r	f11r.1	1	4	shfydaiin	a8af08e69edab8e54f15	fyd	UNKNOWN_HOST[FYD] + <ARG_AIIN>	UNBEKANNT	OPAQUE_WHOLE_CARD	presse die gequetschte Wurzel durch ein Tuch
f11r	f11r.1	1	5	cphy	deb377381ceaf55ea310	cphy	UNKNOWN_HOST[CPHY]	UNBEKANNT	OPAQUE_WHOLE_CARD	seihe die Flüssigkeit ein zweites Mal
f11r	f11r.1	1	6	shey	b5df9126607030b95175	ey	UNKNOWN_HOST[EY]	FERTIG	WEAK_WHOLE_CARD_MNEMONIC	Bis die Flüssigkeit klar abläuft
f11r	f11r.1	1	7	tchody	2e2027b1951d79911e24	cho	CLOSE(UNKNOWN_HOST[CHO])	UNBEKANNT	WITHDRAWN	lasse die geseihte Flüssigkeit offen abkühlen
f11r	f11r.1	1	8	shoyty	577c03a928d674d420d7	oyty	UNKNOWN_HOST[OYTY]	UNBEKANNT	OPAQUE_WHOLE_CARD	behalte die Blütenkrone zurück
f11r	f11r.4	1	1	dchol	d665560c8ff80799a82c	chol	UNKNOWN_HOST[CHOL]	UNBEKANNT	OPAQUE_WHOLE_CARD	von diesem abgebildeten Simplex
f11r	f11r.4	1	2	chy	b921a237be883a820352	y	UNKNOWN_HOST[Y]	UNBEKANNT	OPAQUE_WHOLE_CARD	Diese aktive Portion
f11r	f11r.4	1	3	kchy	b2812c8283c3a62438bd	kchy	UNKNOWN_HOST[KCHY]	UNBEKANNT	OPAQUE_WHOLE_CARD	binde es auf die geschwollene Stelle
f11r	f11r.4	1	4	dy	b921a237be883a820352	y	UNKNOWN_HOST[Y]	UNBEKANNT	OPAQUE_WHOLE_CARD	Diese aktive Portion
f11r	f11r.4	1	5	daiin	2f1c5e56e8f0ff459065	aiin	UNKNOWN_HOST[AIIN]	MASS	WEAK_WHOLE_CARD_MNEMONIC	Ein vorgeschriebenes Maß
f11r	f11r.7	1	1	qotchy	a48efd6c4491a046ba78	chy	FRAME_OT(UNKNOWN_HOST[CHY])	UNBEKANNT	OPAQUE_WHOLE_CARD	bereite aus den Blättern einen warmen Umschlag
f11r	f11r.7	1	2	okchol	322281bd391aa621f568	okchol	UNKNOWN_HOST[OKCHOL]	UNBEKANNT	OPAQUE_WHOLE_CARD	lege ihn warm auf
f11r	f11r.7	1	3	cthy	e0b630cb1b5df5e7105b	cthy	UNKNOWN_HOST[CTHY]	BEREIT	WEAK_WHOLE_CARD_MNEMONIC	Sobald die Zubereitung gebrauchsfertig ist
f11r	f11r.7	1	4	dy	b921a237be883a820352	y	UNKNOWN_HOST[Y]	UNBEKANNT	OPAQUE_WHOLE_CARD	Diese aktive Portion
f55v	f55v.5	1	1	qokaiin	b5fcea1eaed06b2f2291	ok	SET(<ARG_AIIN>)	SETZEN	FORMAL_OPERATOR	beginne den nächsten abgemessenen Posten
f55v	f55v.5	1	2	chaiin	2f1c5e56e8f0ff459065	aiin	UNKNOWN_HOST[AIIN]	MASS	WEAK_WHOLE_CARD_MNEMONIC	Ein vorgeschriebenes Maß
f55v	f55v.5	1	3	ykain	403c1592f918c8f23b88	yk	UNKNOWN_HOST[YK] + <ARG_AIN>	UNBEKANNT	OPAQUE_WHOLE_CARD	koche das breite Blatt sanft
f55v	f55v.5	1	4	ykan	d929a14ec45749b2e805	ykan	UNKNOWN_HOST[YKAN]	UNBEKANNT	OPAQUE_WHOLE_CARD	in Weißwein
f55v	f55v.5	1	5	ody	97cc9ac109148723c472	o	CLOSE(UNKNOWN_HOST[O])	UNBEKANNT	OPAQUE_WHOLE_CARD	lasse es ziehen, bis die Flüssigkeit klar ist
f55v	f55v.5	1	6	daiin	2f1c5e56e8f0ff459065	aiin	UNKNOWN_HOST[AIIN]	MASS	WEAK_WHOLE_CARD_MNEMONIC	Ein vorgeschriebenes Maß
f55v	f55v.5	1	7	chedy	6f7ff8287eddf4da9fdb	y	VARIANT_D(UNKNOWN_HOST[Y])	UNBEKANNT	OPAQUE_WHOLE_CARD	rühre, bis alles gleichmäßig vermischt ist
f55v	f55v.5	1	8	talam	e026af581c99322fbd46	ala	CLOSE_B3(UNKNOWN_HOST[ALA])	UNBEKANNT	OPAQUE_WHOLE_CARD	wasche die wunde Stelle einmal
f55v	f55v.11	1	1	ykaiin	f7dc90b2c31fd341f0a4	yk	UNKNOWN_HOST[YK] + <ARG_AIIN>	UNBEKANNT	OPAQUE_WHOLE_CARD	für den zweiten Arzneigebrauch
f55v	f55v.11	1	2	cheoar	807591efc3d3f7ddbfab	o	UNKNOWN_HOST[O] + <ARG_AR>	UNBEKANNT	OPAQUE_WHOLE_CARD	gib Weißwein hinzu
f55v	f55v.11	1	3	cheeky	2c1a5fd92b9e3c762242	eky	UNKNOWN_HOST[EKY]	UNBEKANNT	OPAQUE_WHOLE_CARD	solange es noch warm ist
f55v	f55v.11	1	4	oldy	1b1ffdd869fb1429ad03	l	CLOSE(FRAME_O(LINK))	VERKNÜPFEN	FORMAL_OPERATOR	koche sanft und beende diesen Arbeitsschritt
f55v	f55v.11	1	5	aiin	2f1c5e56e8f0ff459065	aiin	UNKNOWN_HOST[AIIN]	MASS	WEAK_WHOLE_CARD_MNEMONIC	Ein vorgeschriebenes Maß
f55v	f55v.11	1	6	okal	308e8ea2d5d190c498e8	ok	SET(<ARG_AL>)	SETZEN	FORMAL_OPERATOR	mische beide Anteile zusammen
f55v	f55v.11	1	7	oltchy	204b04837409088c48f9	oltchy	UNKNOWN_HOST[OLTCHY]	UNBEKANNT	OPAQUE_WHOLE_CARD	bewahre es in einem bedeckten Gefäß
f55v	f55v.11	1	8	or	7a4bb8136330ee4e6e56	or	UNKNOWN_HOST[OR]	ANSATZ	WEAK_CONTENT_LEAD	Die bereitete Arbeitsflüssigkeit
f55v	f55v.11	1	9	y	b921a237be883a820352	y	UNKNOWN_HOST[Y]	UNBEKANNT	OPAQUE_WHOLE_CARD	Diese aktive Portion
f55v	f55v.11	1	10	orain	6afeb5c9ab9f6cbdea0d	or	UNKNOWN_HOST[OR] + <ARG_AIN>	ANSATZ	WEAK_CONTENT_LEAD	gebrauche die fertige Flüssigkeit frisch
f56r	f56r.5	1	1	chochor	b9d7b6d68209a9019e7a	chor	FRAME_O(UNKNOWN_HOST[CHOR])	UNBEKANNT	WITHDRAWN	sammle die Pflanze im Frühjahr
f56r	f56r.5	1	2	cho	2cc054357a929df85f64	o	UNKNOWN_HOST[O]	UNBEKANNT	OPAQUE_WHOLE_CARD	nimm danach den folgenden Zusatz oder Pflanzenteil
f56r	f56r.5	1	3	chodaly	0ec6a45e2950e8e7061d	odaly	UNKNOWN_HOST[ODALY]	UNBEKANNT	OPAQUE_WHOLE_CARD	die dünne untere Wurzel
f56r	f56r.5	1	4	daiin	2f1c5e56e8f0ff459065	aiin	UNKNOWN_HOST[AIIN]	MASS	WEAK_WHOLE_CARD_MNEMONIC	Ein vorgeschriebenes Maß
f56r	f56r.7	1	1	sho	2cc054357a929df85f64	o	UNKNOWN_HOST[O]	UNBEKANNT	OPAQUE_WHOLE_CARD	nimm danach den folgenden Zusatz oder Pflanzenteil
f56r	f56r.7	1	2	kchol	893c570f3fa3fce99711	kchol	UNKNOWN_HOST[KCHOL]	UNBEKANNT	OPAQUE_WHOLE_CARD	lasse es in Weißwein ziehen
f56r	f56r.7	1	3	otchor	10488b911aae52b3b334	chor	FRAME_OT(UNKNOWN_HOST[CHOR])	UNBEKANNT	WITHDRAWN	vor der Blüte gesammelt
f56r	f56r.7	1	4	choky	276a7c2d74d1143446f4	oky	UNKNOWN_HOST[OKY]	NUTZEN	WEAK_WHOLE_CARD_MNEMONIC	Die aktive Portion verwenden
f56r	f56r.7	1	5	dal	dd0ecaf5e27d81befffc	al	UNKNOWN_HOST[AL]	ZU	WEAK_RELATION_LEAD	An die bezeichnete Zielstelle führen
f56r	f56r.8	1	1	schol	d665560c8ff80799a82c	chol	UNKNOWN_HOST[CHOL]	UNBEKANNT	OPAQUE_WHOLE_CARD	von diesem abgebildeten Simplex
f56r	f56r.8	1	2	choy	c10aec6d4dd877ec8bd8	y	FRAME_O(UNKNOWN_HOST[Y])	UNBEKANNT	OPAQUE_WHOLE_CARD	die auf feuchter schattiger Heide wächst
f56r	f56r.8	1	3	choky	276a7c2d74d1143446f4	oky	UNKNOWN_HOST[OKY]	NUTZEN	WEAK_WHOLE_CARD_MNEMONIC	Die aktive Portion verwenden
f56r	f56r.8	1	4	cheeckhody	95987d6f198d6d247511	eckho	CLOSE(UNKNOWN_HOST[ECKHO])	UNBEKANNT	OPAQUE_WHOLE_CARD	lasse das Pflaster unbedeckt trocknen
f56r	f56r.12	1	1	sh	ad3581d3144f69a5912d	h	UNKNOWN_HOST[H]	UNBEKANNT	OPAQUE_WHOLE_CARD	ihren kleinen Samen- oder Knospenkopf
f56r	f56r.12	1	2	cho	2cc054357a929df85f64	o	UNKNOWN_HOST[O]	UNBEKANNT	OPAQUE_WHOLE_CARD	nimm danach den folgenden Zusatz oder Pflanzenteil
f56r	f56r.12	1	3	kchey	b74e9e65637b7c8538dd	kchey	UNKNOWN_HOST[KCHEY]	UNBEKANNT	OPAQUE_WHOLE_CARD	das getrocknete schmale Blatt
f56r	f56r.12	1	4	qokokchy	1322bc176443fc2a8a86	okokchy	UNKNOWN_HOST[OKOKCHY]	UNBEKANNT	OPAQUE_WHOLE_CARD	trockne es im Schatten
f56r	f56r.13	1	1	okchy	9ad66e67803a12e745de	okchy	UNKNOWN_HOST[OKCHY]	UNBEKANNT	OPAQUE_WHOLE_CARD	gebrauche die frisch bereitete Arznei
f56r	f56r.13	1	2	chokcheo	087a47b5423438cd6b6a	okcheo	UNKNOWN_HOST[OKCHEO]	UNBEKANNT	OPAQUE_WHOLE_CARD	trinke es bei Magenschmerz
f56r	f56r.13	1	3	kchal	75a523fcf039b006f97b	kch	UNKNOWN_HOST[KCH] + <ARG_AL>	UNBEKANNT	OPAQUE_WHOLE_CARD	bewahre den Rest trocken im Schatten
f56r	f56r.18	1	1	sho	2cc054357a929df85f64	o	UNKNOWN_HOST[O]	UNBEKANNT	OPAQUE_WHOLE_CARD	nimm danach den folgenden Zusatz oder Pflanzenteil
f56r	f56r.18	1	2	chokchy	9ad66e67803a12e745de	okchy	UNKNOWN_HOST[OKCHY]	UNBEKANNT	OPAQUE_WHOLE_CARD	gebrauche die frisch bereitete Arznei
f56r	f56r.18	1	3	kchoar	c71c72da4e09e0833392	kcho	UNKNOWN_HOST[KCHO] + <ARG_AR>	UNBEKANNT	OPAQUE_WHOLE_CARD	mische es mit Honig
f56r	f56r.18	1	4	sotodan	61a075bc54793c1c781f	otodan	UNKNOWN_HOST[OTODAN]	UNBEKANNT	OPAQUE_WHOLE_CARD	gebrauche es frisch vermischt
f56r	f56r.19	1	1	otchey	faf321940aed922846a9	chey	FRAME_OT(UNKNOWN_HOST[CHEY])	ANTEIL	WEAK_CONTENT_LEAD	Nimm den bezeichneten Anteil
f56r	f56r.19	1	2	keol	9bb7122b386ebbc6138f	keol	UNKNOWN_HOST[KEOL]	UNBEKANNT	OPAQUE_WHOLE_CARD	die helle geöffnete Blüte
f56r	f56r.19	1	3	daiin	2f1c5e56e8f0ff459065	aiin	UNKNOWN_HOST[AIIN]	MASS	WEAK_WHOLE_CARD_MNEMONIC	Ein vorgeschriebenes Maß
f81v	f81v.2	1	1	qokedy	7db18b2f0fb7ed0fcfd3	oke	CLOSE(UNKNOWN_HOST[OKE])	SPÜLEN	WEAK_WHOLE_CARD_MNEMONIC	spüle die bezeichnete Stelle einmal und beende den Schritt
f81v	f81v.2	1	2	okaiin	b5fcea1eaed06b2f2291	ok	SET(<ARG_AIIN>)	SETZEN	FORMAL_OPERATOR	beginne den nächsten abgemessenen Posten
f81v	f81v.2	1	3	kair	22fb87a5a83e5c3fb510	k	UNKNOWN_HOST[K] + <ARG_AIR>	UNBEKANNT	OPAQUE_WHOLE_CARD	der zurücklaufende Strom
f81v	f81v.2	1	4	okal	308e8ea2d5d190c498e8	ok	SET(<ARG_AL>)	SETZEN	FORMAL_OPERATOR	mische beide Anteile zusammen
f81v	f81v.2	1	5	sar	4d4559019a961b834aa1	ar	UNKNOWN_HOST[AR]	UNBEKANNT	OPAQUE_WHOLE_CARD	Daraus, aus demselben Ansatz
f81v	f81v.2	1	6	ol	dcda95c81a5460feb191	l	FRAME_O(LINK)	VERKNÜPFEN	FORMAL_OPERATOR	Mit der vorigen Zubereitung weiter
f81v	f81v.2	1	7	kain	9da1b6ac2c929daea697	k	UNKNOWN_HOST[K] + <ARG_AIN>	UNBEKANNT	OPAQUE_WHOLE_CARD	ein abgemessener Anteil
f81v	f81v.2	1	8	olkain	94df4847b7b16c98394a	olk	UNKNOWN_HOST[OLK] + <ARG_AIN>	UNBEKANNT	OPAQUE_WHOLE_CARD	das untere Becken
f81v	f81v.2	1	9	al	dd0ecaf5e27d81befffc	al	UNKNOWN_HOST[AL]	ZU	WEAK_RELATION_LEAD	An die bezeichnete Zielstelle führen
f81v	f81v.2	1	10	ol	dcda95c81a5460feb191	l	FRAME_O(LINK)	VERKNÜPFEN	FORMAL_OPERATOR	Mit der vorigen Zubereitung weiter
f81v	f81v.2	1	11	rol	1496a731803a9f48d2e1	rol	UNKNOWN_HOST[ROL]	UNBEKANNT	OPAQUE_WHOLE_CARD	bevor es abkühlt
f81v	f81v.2	1	12	dl	0f18de177ed7c878bf95	l	LINK	VERKNÜPFEN	FORMAL_OPERATOR	das bereitete Öl
f81v	f81v.7	1	1	olor	dec401773c1f0347793d	olor	UNKNOWN_HOST[OLOR]	VORIGES	WEAK_WHOLE_CARD_MNEMONIC	Aus dem vorigen Ansatz entnehmen
f81v	f81v.7	1	2	ol	dcda95c81a5460feb191	l	FRAME_O(LINK)	VERKNÜPFEN	FORMAL_OPERATOR	Mit der vorigen Zubereitung weiter
f81v	f81v.7	1	3	sheckhal	4eab1841ed655c20a348	eckh	UNKNOWN_HOST[ECKH] + <ARG_AL>	UNBEKANNT	OPAQUE_WHOLE_CARD	eine mäßige Menge
f81v	f81v.7	1	4	daiin	2f1c5e56e8f0ff459065	aiin	UNKNOWN_HOST[AIIN]	MASS	WEAK_WHOLE_CARD_MNEMONIC	Ein vorgeschriebenes Maß
f81v	f81v.7	1	5	qokeedal	93f69c38fdedee1598e9	okeed	UNKNOWN_HOST[OKEED] + <ARG_AL>	UNBEKANNT	OPAQUE_WHOLE_CARD	der eingetauchte Teil
f81v	f81v.7	1	6	daiin	2f1c5e56e8f0ff459065	aiin	UNKNOWN_HOST[AIIN]	MASS	WEAK_WHOLE_CARD_MNEMONIC	Ein vorgeschriebenes Maß
f81v	f81v.7	1	7	chckhy	2cc8bb3c2af19607888f	ckhy	UNKNOWN_HOST[CKHY]	VERBINDUNG	WEAK_WHOLE_CARD_MNEMONIC	durch die verbundenen Läufe
f81v	f81v.7	1	8	schedy	259b2b3b0bf859882e2c	che	CLOSE(UNKNOWN_HOST[CHE])	UNBEKANNT	OPAQUE_WHOLE_CARD	spüle das benutzte Gefäß oder den Lauf einmal aus und beende den Schritt
f81v	f81v.7	1	9	qol	dcda95c81a5460feb191	l	FRAME_O(LINK)	VERKNÜPFEN	FORMAL_OPERATOR	Mit der vorigen Zubereitung weiter
f81v	f81v.17	1	1	sshkchdy	54e32e9c1414b20640e9	shkch	CLOSE(UNKNOWN_HOST[SHKCH])	UNBEKANNT	OPAQUE_WHOLE_CARD	halte es warm und beende den Schritt
f81v	f81v.17	1	2	chedy	6f7ff8287eddf4da9fdb	y	VARIANT_D(UNKNOWN_HOST[Y])	UNBEKANNT	OPAQUE_WHOLE_CARD	rühre, bis alles gleichmäßig vermischt ist
f81v	f81v.17	1	3	ol	dcda95c81a5460feb191	l	FRAME_O(LINK)	VERKNÜPFEN	FORMAL_OPERATOR	Mit der vorigen Zubereitung weiter
f81v	f81v.17	1	4	shedy	bc4f1f5c006c74a4d26d	e	CLOSE(UNKNOWN_HOST[E])	BIS	WEAK_GATE_LEAD	lasse es bis zur Bereitschaft stehen und beende den Schritt
f81v	f81v.17	1	5	qolchedy	28ffbc88b97772a75f1e	olche	CLOSE(UNKNOWN_HOST[OLCHE])	UNBEKANNT	OPAQUE_WHOLE_CARD	stelle die Mischung im bedeckten Auffanggefäß beiseite und beende den Schritt
f81v	f81v.17	1	6	qokain	1645e612504fcef59ced	ok	SET(<ARG_AIN>)	SETZEN	FORMAL_OPERATOR	gib einen abgemessenen Anteil in das Gefäß
f81v	f81v.17	1	7	shckhy	2cc8bb3c2af19607888f	ckhy	UNKNOWN_HOST[CKHY]	VERBINDUNG	WEAK_WHOLE_CARD_MNEMONIC	durch die verbundenen Läufe
f81v	f81v.17	1	8	dl	0f18de177ed7c878bf95	l	LINK	VERKNÜPFEN	FORMAL_OPERATOR	das bereitete Öl
f81v	f81v.17	1	9	ral	4da0f0f7b5fc7ac20067	r	UNKNOWN_HOST[R] + <ARG_AL>	UNBEKANNT	OPAQUE_WHOLE_CARD	und lasse es abkühlen
f81v	f81v.18	1	1	qokchdy	87411f84689b4f93a303	okch	CLOSE(UNKNOWN_HOST[OKCH])	UNBEKANNT	OPAQUE_WHOLE_CARD	erwärme es einmal und beende den Schritt
f81v	f81v.18	1	2	chey	b921a237be883a820352	y	UNKNOWN_HOST[Y]	UNBEKANNT	OPAQUE_WHOLE_CARD	Diese aktive Portion
f81v	f81v.18	1	3	ol	dcda95c81a5460feb191	l	FRAME_O(LINK)	VERKNÜPFEN	FORMAL_OPERATOR	Mit der vorigen Zubereitung weiter
f81v	f81v.18	1	4	cheky	d904bf7b044dd3922781	ky	UNKNOWN_HOST[KY]	UNBEKANNT	OPAQUE_WHOLE_CARD	bei sanfter Wärme
f81v	f81v.18	1	5	ol	dcda95c81a5460feb191	l	FRAME_O(LINK)	VERKNÜPFEN	FORMAL_OPERATOR	Mit der vorigen Zubereitung weiter
f81v	f81v.18	1	6	shedy	bc4f1f5c006c74a4d26d	e	CLOSE(UNKNOWN_HOST[E])	BIS	WEAK_GATE_LEAD	lasse es bis zur Bereitschaft stehen und beende den Schritt
f81v	f81v.18	1	7	qokedy	7db18b2f0fb7ed0fcfd3	oke	CLOSE(UNKNOWN_HOST[OKE])	SPÜLEN	WEAK_WHOLE_CARD_MNEMONIC	spüle die bezeichnete Stelle einmal und beende den Schritt
f81v	f81v.18	1	8	qokedy	7db18b2f0fb7ed0fcfd3	oke	CLOSE(UNKNOWN_HOST[OKE])	SPÜLEN	WEAK_WHOLE_CARD_MNEMONIC	spüle die bezeichnete Stelle einmal und beende den Schritt
f81v	f81v.18	1	9	chckhy	2cc8bb3c2af19607888f	ckhy	UNKNOWN_HOST[CKHY]	VERBINDUNG	WEAK_WHOLE_CARD_MNEMONIC	durch die verbundenen Läufe
f81v	f81v.18	1	10	qoky	276a7c2d74d1143446f4	oky	UNKNOWN_HOST[OKY]	NUTZEN	WEAK_WHOLE_CARD_MNEMONIC	Die aktive Portion verwenden
f81v	f81v.21	1	1	lsho	be0974b366c981dc1eef	lsho	UNKNOWN_HOST[LSHO]	UNBEKANNT	OPAQUE_WHOLE_CARD	beginne die Spülung
f81v	f81v.21	1	2	qokey	08bd5ca0c2ad137a056d	okey	UNKNOWN_HOST[OKEY]	UNBEKANNT	OPAQUE_WHOLE_CARD	warmes Wasser
f81v	f81v.21	1	3	lshedy	2e7e89e0bd12b999c280	lshe	CLOSE(UNKNOWN_HOST[LSHE])	UNBEKANNT	OPAQUE_WHOLE_CARD	wasche einmal und beende diesen Durchgang
f81v	f81v.21	1	4	lshedy	2e7e89e0bd12b999c280	lshe	CLOSE(UNKNOWN_HOST[LSHE])	UNBEKANNT	OPAQUE_WHOLE_CARD	wasche einmal und beende diesen Durchgang
f81v	f81v.21	1	5	chedy	6f7ff8287eddf4da9fdb	y	VARIANT_D(UNKNOWN_HOST[Y])	UNBEKANNT	OPAQUE_WHOLE_CARD	rühre, bis alles gleichmäßig vermischt ist
f81v	f81v.21	1	6	qolky	c205570c49d4d93c23d3	olky	UNKNOWN_HOST[OLKY]	UNBEKANNT	OPAQUE_WHOLE_CARD	die betroffene Stelle
f81v	f81v.21	1	7	lchedal	433713294b25b0a12f66	lched	UNKNOWN_HOST[LCHED] + <ARG_AL>	UNBEKANNT	OPAQUE_WHOLE_CARD	das untere Becken
f81v	f81v.21	1	8	qol	dcda95c81a5460feb191	l	FRAME_O(LINK)	VERKNÜPFEN	FORMAL_OPERATOR	Mit der vorigen Zubereitung weiter
f81v	f81v.21	1	9	otar	b6b654722e55729cc947	ot	MARK(<ARG_AR>)	MARKIEREN	FORMAL_OPERATOR	benutze danach den unteren Ablauf
f81v	f81v.24	1	1	ytey	a7af89ab31ce5e247395	ytey	UNKNOWN_HOST[YTEY]	UNBEKANNT	OPAQUE_WHOLE_CARD	fülle danach das Gefäß
f81v	f81v.24	1	2	okchedy	07913ef9b1fb773cd325	okche	CLOSE(UNKNOWN_HOST[OKCHE])	UNBEKANNT	OPAQUE_WHOLE_CARD	lasse es abkühlen und beende den Schritt
f81v	f81v.24	1	3	qokal	308e8ea2d5d190c498e8	ok	SET(<ARG_AL>)	SETZEN	FORMAL_OPERATOR	mische beide Anteile zusammen
f81v	f81v.24	1	4	okeey	0275fbf14e07935b0a45	okeey	UNKNOWN_HOST[OKEEY]	LAUWARM	WEAK_WHOLE_CARD_MNEMONIC	temperiere die Arbeitsflüssigkeit und halte sie lauwarm
f81v	f81v.24	1	5	qol	dcda95c81a5460feb191	l	FRAME_O(LINK)	VERKNÜPFEN	FORMAL_OPERATOR	Mit der vorigen Zubereitung weiter
f81v	f81v.24	1	6	cheedy	bc4f1f5c006c74a4d26d	e	CLOSE(UNKNOWN_HOST[E])	BIS	WEAK_GATE_LEAD	lasse es bis zur Bereitschaft stehen und beende den Schritt
f81v	f81v.24	1	7	sal	dd0ecaf5e27d81befffc	al	UNKNOWN_HOST[AL]	ZU	WEAK_RELATION_LEAD	An die bezeichnete Zielstelle führen
f81v	f81v.24	1	8	teol	a06244ef1f2b37ca44c1	eol	UNKNOWN_HOST[EOL]	UNBEKANNT	OPAQUE_WHOLE_CARD	die erste Öffnung
f81v	f81v.24	1	9	dchdy	d225b7a7b95da7aee437	ch	CLOSE(UNKNOWN_HOST[CH])	UNBEKANNT	OPAQUE_WHOLE_CARD	seihe es klar und beende den Schritt
f81v	f81v.24	1	10	ly	b38d70daefd663d74625	ly	UNKNOWN_HOST[LY]	UNBEKANNT	OPAQUE_WHOLE_CARD	fülle danach das Gefäß
f81v	f81v.27	1	1	dsheol	74c76d589d44120f647b	sheol	UNKNOWN_HOST[SHEOL]	UNBEKANNT	OPAQUE_WHOLE_CARD	wende es an der markierten Stelle an
f81v	f81v.27	1	2	oiiin	2c82523794dcb7d2b343	oiiin	UNKNOWN_HOST[OIIIN]	UNBEKANNT	OPAQUE_WHOLE_CARD	bis es klar ist
f81v	f81v.27	1	3	olkeedy	3b70942557b3a40e8030	olkee	CLOSE(UNKNOWN_HOST[OLKEE])	UNBEKANNT	OPAQUE_WHOLE_CARD	lasse die Flüssigkeit sich setzen und beende den Schritt
f81v	f81v.27	1	4	tedy	bc4f1f5c006c74a4d26d	e	CLOSE(UNKNOWN_HOST[E])	BIS	WEAK_GATE_LEAD	lasse es bis zur Bereitschaft stehen und beende den Schritt
f81v	f81v.27	1	5	cheky	d904bf7b044dd3922781	ky	UNKNOWN_HOST[KY]	UNBEKANNT	OPAQUE_WHOLE_CARD	bei sanfter Wärme
f81v	f81v.27	1	6	shckhedy	d68bc8de3bcee09db23c	ckhe	CLOSE(UNKNOWN_HOST[CKHE])	UNBEKANNT	OPAQUE_WHOLE_CARD	seihe es einmal durch ein Tuch und beende den Schritt
f81v	f81v.27	1	7	chal	dd0ecaf5e27d81befffc	al	UNKNOWN_HOST[AL]	ZU	WEAK_RELATION_LEAD	An die bezeichnete Zielstelle führen
f82r	f82r.2	1	1	dchedy	259b2b3b0bf859882e2c	che	CLOSE(UNKNOWN_HOST[CHE])	UNBEKANNT	OPAQUE_WHOLE_CARD	spüle das benutzte Gefäß oder den Lauf einmal aus und beende den Schritt
f82r	f82r.2	1	2	qolchedy	28ffbc88b97772a75f1e	olche	CLOSE(UNKNOWN_HOST[OLCHE])	UNBEKANNT	OPAQUE_WHOLE_CARD	stelle die Mischung im bedeckten Auffanggefäß beiseite und beende den Schritt
f82r	f82r.2	1	3	qokain	1645e612504fcef59ced	ok	SET(<ARG_AIN>)	SETZEN	FORMAL_OPERATOR	gib einen abgemessenen Anteil in das Gefäß
f82r	f82r.2	1	4	dy	b921a237be883a820352	y	UNKNOWN_HOST[Y]	UNBEKANNT	OPAQUE_WHOLE_CARD	Diese aktive Portion
f82r	f82r.2	1	5	qokeedy	7d25241b0e56c836372a	okee	CLOSE(UNKNOWN_HOST[OKEE])	UNBEKANNT	OPAQUE_WHOLE_CARD	bade oder tauche in der temperierten warmen Flüssigkeit und beende den Schritt
f82r	f82r.2	1	6	qokal	308e8ea2d5d190c498e8	ok	SET(<ARG_AL>)	SETZEN	FORMAL_OPERATOR	mische beide Anteile zusammen
f82r	f82r.2	1	7	lcheckhy	f329f2051370174e9a38	lcheckhy	UNKNOWN_HOST[LCHECKHY]	UNBEKANNT	OPAQUE_WHOLE_CARD	die zweite Öffnung
f82r	f82r.2	1	8	lched	ba8142680851f24c9ff2	lched	UNKNOWN_HOST[LCHED]	UNBEKANNT	OPAQUE_WHOLE_CARD	und gehe zum nächsten Becken weiter
f82r	f82r.3	1	1	qokeey	0275fbf14e07935b0a45	okeey	UNKNOWN_HOST[OKEEY]	LAUWARM	WEAK_WHOLE_CARD_MNEMONIC	temperiere die Arbeitsflüssigkeit und halte sie lauwarm
f82r	f82r.3	1	2	lcheckhedy	c1db6b0a28d5cbb5d3d2	lcheckhe	CLOSE(UNKNOWN_HOST[LCHECKHE])	UNBEKANNT	OPAQUE_WHOLE_CARD	seihe es klar und beende den Schritt
f82r	f82r.3	1	3	qokaly	4a7a6326ac95a8809302	okaly	UNKNOWN_HOST[OKALY]	UNBEKANNT	OPAQUE_WHOLE_CARD	fahre am zweiten Lauf fort
f82r	f82r.3	1	4	solkaiin	2d2e37ccb2dacc53ee5a	olk	UNKNOWN_HOST[OLK] + <ARG_AIIN>	UNBEKANNT	OPAQUE_WHOLE_CARD	durch ein Tuch
f82r	f82r.3	1	5	chckhy	2cc8bb3c2af19607888f	ckhy	UNKNOWN_HOST[CKHY]	VERBINDUNG	WEAK_WHOLE_CARD_MNEMONIC	durch die verbundenen Läufe
f82r	f82r.3	1	6	qokaiin	b5fcea1eaed06b2f2291	ok	SET(<ARG_AIIN>)	SETZEN	FORMAL_OPERATOR	beginne den nächsten abgemessenen Posten
f82r	f82r.4	1	1	qokaiin	b5fcea1eaed06b2f2291	ok	SET(<ARG_AIIN>)	SETZEN	FORMAL_OPERATOR	beginne den nächsten abgemessenen Posten
f82r	f82r.4	1	2	octheol	a8f891de626fc00028e9	octheol	UNKNOWN_HOST[OCTHEOL]	UNBEKANNT	OPAQUE_WHOLE_CARD	unter derselben Einstellung
f82r	f82r.4	1	3	chkeey	f0db6d30cd34f4cb2a4d	keey	UNKNOWN_HOST[KEEY]	UNBEKANNT	OPAQUE_WHOLE_CARD	das breite Gefäß
f82r	f82r.4	1	4	ldy	04a3877f0fc81b7597c9	l	CLOSE(LINK)	VERKNÜPFEN	FORMAL_OPERATOR	ziehe es ab und beende den Schritt
f82r	f82r.4	1	5	oteey	5d5e0b288cf36864ed9d	eey	FRAME_OT(UNKNOWN_HOST[EEY])	UNBEKANNT	OPAQUE_WHOLE_CARD	das bereitete Öl
f82r	f82r.4	1	6	qokal	308e8ea2d5d190c498e8	ok	SET(<ARG_AL>)	SETZEN	FORMAL_OPERATOR	mische beide Anteile zusammen
f82r	f82r.4	1	7	sheckhy	c1913ec4ff84148da6d3	eckhy	UNKNOWN_HOST[ECKHY]	UNBEKANNT	OPAQUE_WHOLE_CARD	über der örtlich bezeichneten Stelle
f82r	f82r.4	1	8	qoky	276a7c2d74d1143446f4	oky	UNKNOWN_HOST[OKY]	NUTZEN	WEAK_WHOLE_CARD_MNEMONIC	Die aktive Portion verwenden
f82r	f82r.7	1	1	dshedy	cbb42a4fe68068325d6b	she	CLOSE(UNKNOWN_HOST[SHE])	UNBEKANNT	OPAQUE_WHOLE_CARD	gib sauberes Wasser hinzu und beende den Schritt
f82r	f82r.7	1	2	sotaiin	54d0e228ca346110af05	ot	MARK(<ARG_AIIN>)	MARKIEREN	FORMAL_OPERATOR	für dieselbe Dauer wie zuvor
f82r	f82r.7	1	3	qokar	3ae9a121ba0045b913e8	ok	SET(<ARG_AR>)	SETZEN	FORMAL_OPERATOR	über der örtlich bezeichneten Stelle
f82r	f82r.7	1	4	shedy	bc4f1f5c006c74a4d26d	e	CLOSE(UNKNOWN_HOST[E])	BIS	WEAK_GATE_LEAD	lasse es bis zur Bereitschaft stehen und beende den Schritt
f82r	f82r.7	1	5	solshedy	daa1347f456415fe8737	olshe	CLOSE(UNKNOWN_HOST[OLSHE])	UNBEKANNT	OPAQUE_WHOLE_CARD	halte es warm und beende den Schritt
f82r	f82r.7	1	6	qokeey	0275fbf14e07935b0a45	okeey	UNKNOWN_HOST[OKEEY]	LAUWARM	WEAK_WHOLE_CARD_MNEMONIC	temperiere die Arbeitsflüssigkeit und halte sie lauwarm
f82r	f82r.7	1	7	qoky	276a7c2d74d1143446f4	oky	UNKNOWN_HOST[OKY]	NUTZEN	WEAK_WHOLE_CARD_MNEMONIC	Die aktive Portion verwenden
f82r	f82r.7	1	8	ls	5eff216ba51fbfb21f22	ls	UNKNOWN_HOST[LS]	UNBEKANNT	OPAQUE_WHOLE_CARD	die erste Öffnung
f82r	f82r.7	1	9	cheey	b5df9126607030b95175	ey	UNKNOWN_HOST[EY]	FERTIG	WEAK_WHOLE_CARD_MNEMONIC	Bis die Flüssigkeit klar abläuft
f82r	f82r.19	1	1	okain	1645e612504fcef59ced	ok	SET(<ARG_AIN>)	SETZEN	FORMAL_OPERATOR	gib einen abgemessenen Anteil in das Gefäß
f82r	f82r.19	1	2	char	4d4559019a961b834aa1	ar	UNKNOWN_HOST[AR]	UNBEKANNT	OPAQUE_WHOLE_CARD	Daraus, aus demselben Ansatz
f82r	f82r.19	1	3	okain	1645e612504fcef59ced	ok	SET(<ARG_AIN>)	SETZEN	FORMAL_OPERATOR	gib einen abgemessenen Anteil in das Gefäß
f82r	f82r.19	1	4	qokeedy	7d25241b0e56c836372a	okee	CLOSE(UNKNOWN_HOST[OKEE])	UNBEKANNT	OPAQUE_WHOLE_CARD	bade oder tauche in der temperierten warmen Flüssigkeit und beende den Schritt
f82r	f82r.19	1	5	lchy	0ab57b7166de99db3a55	lchy	UNKNOWN_HOST[LCHY]	UNBEKANNT	OPAQUE_WHOLE_CARD	ziehe die klare Flüssigkeit ab
f82r	f82r.23	1	1	cheey	b5df9126607030b95175	ey	UNKNOWN_HOST[EY]	FERTIG	WEAK_WHOLE_CARD_MNEMONIC	Bis die Flüssigkeit klar abläuft
f82r	f82r.23	1	2	qcthey	6b89d6dd70635bc60fe0	cthey	UNKNOWN_HOST[CTHEY]	UNBEKANNT	OPAQUE_WHOLE_CARD	unter derselben Einstellung
f82r	f82r.23	1	3	qokeey	0275fbf14e07935b0a45	okeey	UNKNOWN_HOST[OKEEY]	LAUWARM	WEAK_WHOLE_CARD_MNEMONIC	temperiere die Arbeitsflüssigkeit und halte sie lauwarm
f82r	f82r.23	1	4	lcheey	5fca8fc3dee57e1d8c1f	lcheey	UNKNOWN_HOST[LCHEEY]	UNBEKANNT	OPAQUE_WHOLE_CARD	der eingetauchte Teil
f82r	f82r.23	1	5	daiin	2f1c5e56e8f0ff459065	aiin	UNKNOWN_HOST[AIIN]	MASS	WEAK_WHOLE_CARD_MNEMONIC	Ein vorgeschriebenes Maß
f82r	f82r.23	1	6	chey	b921a237be883a820352	y	UNKNOWN_HOST[Y]	UNBEKANNT	OPAQUE_WHOLE_CARD	Diese aktive Portion
f82r	f82r.23	1	7	qokeeedy	d25110e0d8488927278f	okeee	CLOSE(UNKNOWN_HOST[OKEEE])	UNBEKANNT	OPAQUE_WHOLE_CARD	tauche vollständig ein und beende den Schritt
f82r	f82r.23	1	8	lchedy	de7321bface5628e35d6	lche	CLOSE(UNKNOWN_HOST[LCHE])	ABLASS	WEAK_WHOLE_CARD_MNEMONIC	lasse die verbrauchte Flüssigkeit in das untere Auffanggefäß ablaufen und beende den Schritt
f82r	f82r.23	1	9	lar	29e0eb222ef2fb99523a	l	LINK(<ARG_AR>)	VERKNÜPFEN	FORMAL_OPERATOR	schließe den unteren Ablauf
f82r	f82r.26	1	1	tshey	d4a31dbcf1ed6d9e5aa9	shey	UNKNOWN_HOST[SHEY]	UNBEKANNT	OPAQUE_WHOLE_CARD	beginne die Spülung
f82r	f82r.26	1	2	qokeedy	7d25241b0e56c836372a	okee	CLOSE(UNKNOWN_HOST[OKEE])	UNBEKANNT	OPAQUE_WHOLE_CARD	bade oder tauche in der temperierten warmen Flüssigkeit und beende den Schritt
f82r	f82r.26	1	3	cheal	dd0ecaf5e27d81befffc	al	UNKNOWN_HOST[AL]	ZU	WEAK_RELATION_LEAD	An die bezeichnete Zielstelle führen
f82r	f82r.26	1	4	lchedar	0f15effeca7ab10bb026	lched	UNKNOWN_HOST[LCHED] + <ARG_AR>	UNBEKANNT	OPAQUE_WHOLE_CARD	kühles Wasser
f82r	f82r.26	1	5	ches	db729b598e89e11452e0	s	UNKNOWN_HOST[S]	UNBEKANNT	OPAQUE_WHOLE_CARD	zu gleichen Anteilen
f82r	f82r.26	1	6	aiin	2f1c5e56e8f0ff459065	aiin	UNKNOWN_HOST[AIIN]	MASS	WEAK_WHOLE_CARD_MNEMONIC	Ein vorgeschriebenes Maß
f82r	f82r.26	1	7	oteey	5d5e0b288cf36864ed9d	eey	FRAME_OT(UNKNOWN_HOST[EEY])	UNBEKANNT	OPAQUE_WHOLE_CARD	das bereitete Öl
f82r	f82r.26	1	8	qokaiin	b5fcea1eaed06b2f2291	ok	SET(<ARG_AIIN>)	SETZEN	FORMAL_OPERATOR	beginne den nächsten abgemessenen Posten
f82r	f82r.26	1	9	okey	08bd5ca0c2ad137a056d	okey	UNKNOWN_HOST[OKEY]	UNBEKANNT	OPAQUE_WHOLE_CARD	warmes Wasser
f82r	f82r.27	1	1	pchedy	65df3cd9e59060042d47	pche	CLOSE(UNKNOWN_HOST[PCHE])	UNBEKANNT	OPAQUE_WHOLE_CARD	ziehe es ab und beende den Schritt
f82r	f82r.27	1	2	rsheal	98bdc4244c84cbef3321	rshe	UNKNOWN_HOST[RSHE] + <ARG_AL>	UNBEKANNT	OPAQUE_WHOLE_CARD	gieße das erwärmte Wasser ein
f82r	f82r.27	1	3	daldy	78b3b3140714da19090d	al	CLOSE(UNKNOWN_HOST[AL])	ZU	WEAK_RELATION_LEAD	wiederhole es an der zweiten Öffnung und beende den Schritt
f82r	f82r.27	1	4	qokeedy	7d25241b0e56c836372a	okee	CLOSE(UNKNOWN_HOST[OKEE])	UNBEKANNT	OPAQUE_WHOLE_CARD	bade oder tauche in der temperierten warmen Flüssigkeit und beende den Schritt
f82r	f82r.27	1	5	rshedy	7f68f60279efe6b28cd7	rshe	CLOSE(UNKNOWN_HOST[RSHE])	UNBEKANNT	OPAQUE_WHOLE_CARD	trinke den angegebenen Anteil und beende den Schritt
f82r	f82r.27	1	6	qoteedy	ff178343c18e287ce3b7	ee	CLOSE(FRAME_OT(UNKNOWN_HOST[EE]))	UNBEKANNT	OPAQUE_WHOLE_CARD	binde es auf die Stelle und beende den Schritt
f82r	f82r.27	1	7	qokeedy	7d25241b0e56c836372a	okee	CLOSE(UNKNOWN_HOST[OKEE])	UNBEKANNT	OPAQUE_WHOLE_CARD	bade oder tauche in der temperierten warmen Flüssigkeit und beende den Schritt
f82r	f82r.27	1	8	lochedy	f2af6326898fb5b490a4	loche	CLOSE(UNKNOWN_HOST[LOCHE])	UNBEKANNT	OPAQUE_WHOLE_CARD	mische zu gleichen Teilen und beende den Schritt
f83r	f83r.3	1	1	olkeedy	3b70942557b3a40e8030	olkee	CLOSE(UNKNOWN_HOST[OLKEE])	UNBEKANNT	OPAQUE_WHOLE_CARD	lasse die Flüssigkeit sich setzen und beende den Schritt
f83r	f83r.3	1	2	qotal	90bcf0a9ec0ef56399e6	ot	MARK(<ARG_AL>)	MARKIEREN	FORMAL_OPERATOR	zum unteren Ablauf hin
f83r	f83r.3	1	3	chkeedy	a84fbe3ad380df345b97	kee	CLOSE(UNKNOWN_HOST[KEE])	UNBEKANNT	OPAQUE_WHOLE_CARD	tauche vollständig ein und beende den Schritt
f83r	f83r.3	1	4	chey	b921a237be883a820352	y	UNKNOWN_HOST[Y]	UNBEKANNT	OPAQUE_WHOLE_CARD	Diese aktive Portion
f83r	f83r.3	1	5	daiin	2f1c5e56e8f0ff459065	aiin	UNKNOWN_HOST[AIIN]	MASS	WEAK_WHOLE_CARD_MNEMONIC	Ein vorgeschriebenes Maß
f83r	f83r.3	1	6	chey	b921a237be883a820352	y	UNKNOWN_HOST[Y]	UNBEKANNT	OPAQUE_WHOLE_CARD	Diese aktive Portion
f83r	f83r.3	1	7	lchedy	de7321bface5628e35d6	lche	CLOSE(UNKNOWN_HOST[LCHE])	ABLASS	WEAK_WHOLE_CARD_MNEMONIC	lasse die verbrauchte Flüssigkeit in das untere Auffanggefäß ablaufen und beende den Schritt
f83r	f83r.3	1	8	qokaiin	b5fcea1eaed06b2f2291	ok	SET(<ARG_AIIN>)	SETZEN	FORMAL_OPERATOR	beginne den nächsten abgemessenen Posten
f83r	f83r.3	1	9	qotal	90bcf0a9ec0ef56399e6	ot	MARK(<ARG_AL>)	MARKIEREN	FORMAL_OPERATOR	zum unteren Ablauf hin
f83r	f83r.3	1	10	dar	4d4559019a961b834aa1	ar	UNKNOWN_HOST[AR]	UNBEKANNT	OPAQUE_WHOLE_CARD	Daraus, aus demselben Ansatz
f83r	f83r.6	1	1	schedy	259b2b3b0bf859882e2c	che	CLOSE(UNKNOWN_HOST[CHE])	UNBEKANNT	OPAQUE_WHOLE_CARD	spüle das benutzte Gefäß oder den Lauf einmal aus und beende den Schritt
f83r	f83r.6	1	2	chedchy	5e8441397e7c0faf042b	chy	VARIANT_D(UNKNOWN_HOST[CHY])	UNBEKANNT	OPAQUE_WHOLE_CARD	gieße das erwärmte Wasser ein
f83r	f83r.6	1	3	qokal	308e8ea2d5d190c498e8	ok	SET(<ARG_AL>)	SETZEN	FORMAL_OPERATOR	mische beide Anteile zusammen
f83r	f83r.6	1	4	olchedy	28ffbc88b97772a75f1e	olche	CLOSE(UNKNOWN_HOST[OLCHE])	UNBEKANNT	OPAQUE_WHOLE_CARD	stelle die Mischung im bedeckten Auffanggefäß beiseite und beende den Schritt
f83r	f83r.6	1	5	qokaiin	b5fcea1eaed06b2f2291	ok	SET(<ARG_AIIN>)	SETZEN	FORMAL_OPERATOR	beginne den nächsten abgemessenen Posten
f83r	f83r.6	1	6	chedy	6f7ff8287eddf4da9fdb	y	VARIANT_D(UNKNOWN_HOST[Y])	UNBEKANNT	OPAQUE_WHOLE_CARD	rühre, bis alles gleichmäßig vermischt ist
f83r	f83r.6	1	7	qokeedy	7d25241b0e56c836372a	okee	CLOSE(UNKNOWN_HOST[OKEE])	UNBEKANNT	OPAQUE_WHOLE_CARD	bade oder tauche in der temperierten warmen Flüssigkeit und beende den Schritt
f83r	f83r.6	1	8	lchedy	de7321bface5628e35d6	lche	CLOSE(UNKNOWN_HOST[LCHE])	ABLASS	WEAK_WHOLE_CARD_MNEMONIC	lasse die verbrauchte Flüssigkeit in das untere Auffanggefäß ablaufen und beende den Schritt
f83r	f83r.6	1	9	qoky	276a7c2d74d1143446f4	oky	UNKNOWN_HOST[OKY]	NUTZEN	WEAK_WHOLE_CARD_MNEMONIC	Die aktive Portion verwenden
f83r	f83r.8	1	1	pchedal	ba540da978ea132f6da5	pched	UNKNOWN_HOST[PCHED] + <ARG_AL>	UNBEKANNT	OPAQUE_WHOLE_CARD	fülle danach das Gefäß
f83r	f83r.8	1	2	otedy	c45ebac60774620561e2	e	CLOSE(FRAME_OT(UNKNOWN_HOST[E]))	BIS	WEAK_GATE_LEAD	lasse es bis zur Klarheit ziehen und beende den Schritt
f83r	f83r.8	1	3	shecthedchy	348e81ba084c5acdb32b	ecthedchy	UNKNOWN_HOST[ECTHEDCHY]	UNBEKANNT	OPAQUE_WHOLE_CARD	wende es an der markierten Stelle an
f83r	f83r.8	1	4	qoky	276a7c2d74d1143446f4	oky	UNKNOWN_HOST[OKY]	NUTZEN	WEAK_WHOLE_CARD_MNEMONIC	Die aktive Portion verwenden
f83r	f83r.8	1	5	chedy	6f7ff8287eddf4da9fdb	y	VARIANT_D(UNKNOWN_HOST[Y])	UNBEKANNT	OPAQUE_WHOLE_CARD	rühre, bis alles gleichmäßig vermischt ist
f83r	f83r.8	1	6	chary	0bdc8b6db811b4e67a63	ary	UNKNOWN_HOST[ARY]	UNBEKANNT	OPAQUE_WHOLE_CARD	und lasse es abkühlen
f83r	f83r.11	1	1	sor	7a4bb8136330ee4e6e56	or	UNKNOWN_HOST[OR]	ANSATZ	WEAK_CONTENT_LEAD	Die bereitete Arbeitsflüssigkeit
f83r	f83r.11	1	2	shedy	bc4f1f5c006c74a4d26d	e	CLOSE(UNKNOWN_HOST[E])	BIS	WEAK_GATE_LEAD	lasse es bis zur Bereitschaft stehen und beende den Schritt
f83r	f83r.11	1	3	qokaiin	b5fcea1eaed06b2f2291	ok	SET(<ARG_AIIN>)	SETZEN	FORMAL_OPERATOR	beginne den nächsten abgemessenen Posten
f83r	f83r.11	1	4	chkain	9da1b6ac2c929daea697	k	UNKNOWN_HOST[K] + <ARG_AIN>	UNBEKANNT	OPAQUE_WHOLE_CARD	ein abgemessener Anteil
f83r	f83r.11	1	5	shcthey	6b89d6dd70635bc60fe0	cthey	UNKNOWN_HOST[CTHEY]	UNBEKANNT	OPAQUE_WHOLE_CARD	unter derselben Einstellung
f83r	f83r.11	1	6	qokedy	7db18b2f0fb7ed0fcfd3	oke	CLOSE(UNKNOWN_HOST[OKE])	SPÜLEN	WEAK_WHOLE_CARD_MNEMONIC	spüle die bezeichnete Stelle einmal und beende den Schritt
f83r	f83r.11	1	7	okair	7d2404c835b10a2c06af	ok	SET(<ARG_AIR>)	SETZEN	FORMAL_OPERATOR	öffne danach den oberen Lauf
f83r	f83r.11	1	8	sheedy	03626ca94cb17800d767	ee	CLOSE(UNKNOWN_HOST[EE])	UNBEKANNT	OPAQUE_WHOLE_CARD	wasche einmal und beende den Schritt
f83r	f83r.11	1	9	lchedy	de7321bface5628e35d6	lche	CLOSE(UNKNOWN_HOST[LCHE])	ABLASS	WEAK_WHOLE_CARD_MNEMONIC	lasse die verbrauchte Flüssigkeit in das untere Auffanggefäß ablaufen und beende den Schritt
f83r	f83r.11	1	10	lo	2b7fa918d1b2f5c656e3	lo	UNKNOWN_HOST[LO]	UNBEKANNT	OPAQUE_WHOLE_CARD	schließe den unteren Ablauf
f83r	f83r.14	1	1	qokchedy	07913ef9b1fb773cd325	okche	CLOSE(UNKNOWN_HOST[OKCHE])	UNBEKANNT	OPAQUE_WHOLE_CARD	lasse es abkühlen und beende den Schritt
f83r	f83r.14	1	2	qokeedy	7d25241b0e56c836372a	okee	CLOSE(UNKNOWN_HOST[OKEE])	UNBEKANNT	OPAQUE_WHOLE_CARD	bade oder tauche in der temperierten warmen Flüssigkeit und beende den Schritt
f83r	f83r.14	1	3	shedy	bc4f1f5c006c74a4d26d	e	CLOSE(UNKNOWN_HOST[E])	BIS	WEAK_GATE_LEAD	lasse es bis zur Bereitschaft stehen und beende den Schritt
f83r	f83r.14	1	4	qokshedy	db167f8e9b53eefb58f8	okshe	CLOSE(UNKNOWN_HOST[OKSHE])	UNBEKANNT	OPAQUE_WHOLE_CARD	koche sanft und beende diesen Arbeitsschritt
f83r	f83r.14	1	5	dal	dd0ecaf5e27d81befffc	al	UNKNOWN_HOST[AL]	ZU	WEAK_RELATION_LEAD	An die bezeichnete Zielstelle führen
f83r	f83r.14	1	6	lchedy	de7321bface5628e35d6	lche	CLOSE(UNKNOWN_HOST[LCHE])	ABLASS	WEAK_WHOLE_CARD_MNEMONIC	lasse die verbrauchte Flüssigkeit in das untere Auffanggefäß ablaufen und beende den Schritt
f83r	f83r.14	1	7	qokaiin	b5fcea1eaed06b2f2291	ok	SET(<ARG_AIIN>)	SETZEN	FORMAL_OPERATOR	beginne den nächsten abgemessenen Posten
f83r	f83r.14	1	8	shcthy	e0b630cb1b5df5e7105b	cthy	UNKNOWN_HOST[CTHY]	BEREIT	WEAK_WHOLE_CARD_MNEMONIC	Sobald die Zubereitung gebrauchsfertig ist
f83r	f83r.14	1	9	dal	dd0ecaf5e27d81befffc	al	UNKNOWN_HOST[AL]	ZU	WEAK_RELATION_LEAD	An die bezeichnete Zielstelle führen
f83r	f83r.14	1	10	sy	b921a237be883a820352	y	UNKNOWN_HOST[Y]	UNBEKANNT	OPAQUE_WHOLE_CARD	Diese aktive Portion
f83r	f83r.15	1	1	saiin	2f1c5e56e8f0ff459065	aiin	UNKNOWN_HOST[AIIN]	MASS	WEAK_WHOLE_CARD_MNEMONIC	Ein vorgeschriebenes Maß
f83r	f83r.15	1	2	shedal	abb23e5e6936b4147f76	ed	UNKNOWN_HOST[ED] + <ARG_AL>	UNBEKANNT	OPAQUE_WHOLE_CARD	für einen Zeitabschnitt
f83r	f83r.15	1	3	shecthy	cb57b696b815fdef9cb7	ecthy	UNKNOWN_HOST[ECTHY]	UNBEKANNT	OPAQUE_WHOLE_CARD	warmes Wasser
f83r	f83r.15	1	4	chey	b921a237be883a820352	y	UNKNOWN_HOST[Y]	UNBEKANNT	OPAQUE_WHOLE_CARD	Diese aktive Portion
f83r	f83r.15	1	5	tal	dd0ecaf5e27d81befffc	al	UNKNOWN_HOST[AL]	ZU	WEAK_RELATION_LEAD	An die bezeichnete Zielstelle führen
f83r	f83r.15	1	6	shcthy	e0b630cb1b5df5e7105b	cthy	UNKNOWN_HOST[CTHY]	BEREIT	WEAK_WHOLE_CARD_MNEMONIC	Sobald die Zubereitung gebrauchsfertig ist
f83r	f83r.15	1	7	dalchdy	2bc2ed2630dbdaaa6b59	alch	CLOSE(UNKNOWN_HOST[ALCH])	UNBEKANNT	OPAQUE_WHOLE_CARD	behalte den Rückstand und beende den Schritt
f83r	f83r.15	1	8	qotchedy	4de12cf322dfb76ded1e	che	CLOSE(FRAME_OT(UNKNOWN_HOST[CHE]))	UNBEKANNT	OPAQUE_WHOLE_CARD	mische zu gleichen Teilen und beende den Schritt
f83r	f83r.15	1	9	lchedy	de7321bface5628e35d6	lche	CLOSE(UNKNOWN_HOST[LCHE])	ABLASS	WEAK_WHOLE_CARD_MNEMONIC	lasse die verbrauchte Flüssigkeit in das untere Auffanggefäß ablaufen und beende den Schritt
f83r	f83r.16	1	1	tchedy	259b2b3b0bf859882e2c	che	CLOSE(UNKNOWN_HOST[CHE])	UNBEKANNT	OPAQUE_WHOLE_CARD	spüle das benutzte Gefäß oder den Lauf einmal aus und beende den Schritt
f83r	f83r.16	1	2	qokchdy	87411f84689b4f93a303	okch	CLOSE(UNKNOWN_HOST[OKCH])	UNBEKANNT	OPAQUE_WHOLE_CARD	erwärme es einmal und beende den Schritt
f83r	f83r.16	1	3	cheedar	342c3f0777337648f4b3	ed	UNKNOWN_HOST[ED] + <ARG_AR>	UNBEKANNT	OPAQUE_WHOLE_CARD	setze die Person an das Becken
f83r	f83r.16	1	4	chldaiin	d72f71baff01cd0a0406	ld	UNKNOWN_HOST[LD] + <ARG_AIIN>	UNBEKANNT	OPAQUE_WHOLE_CARD	nach dem Absetzen
f83r	f83r.16	1	5	chedy	6f7ff8287eddf4da9fdb	y	VARIANT_D(UNKNOWN_HOST[Y])	UNBEKANNT	OPAQUE_WHOLE_CARD	rühre, bis alles gleichmäßig vermischt ist
f83r	f83r.16	1	6	qokain	1645e612504fcef59ced	ok	SET(<ARG_AIN>)	SETZEN	FORMAL_OPERATOR	gib einen abgemessenen Anteil in das Gefäß
f83r	f83r.16	1	7	checthy	e0b630cb1b5df5e7105b	cthy	UNKNOWN_HOST[CTHY]	BEREIT	WEAK_WHOLE_CARD_MNEMONIC	Sobald die Zubereitung gebrauchsfertig ist
f83r	f83r.16	1	8	chealror	d788d8d72d41b25a3c71	alror	UNKNOWN_HOST[ALROR]	UNBEKANNT	OPAQUE_WHOLE_CARD	bis der Strom klar wird
f83r	f83r.20	1	1	solkeedy	3b70942557b3a40e8030	olkee	CLOSE(UNKNOWN_HOST[OLKEE])	UNBEKANNT	OPAQUE_WHOLE_CARD	lasse die Flüssigkeit sich setzen und beende den Schritt
f83r	f83r.20	1	2	qoteedy	ff178343c18e287ce3b7	ee	CLOSE(FRAME_OT(UNKNOWN_HOST[EE]))	UNBEKANNT	OPAQUE_WHOLE_CARD	binde es auf die Stelle und beende den Schritt
f83r	f83r.20	1	3	qokeey	0275fbf14e07935b0a45	okeey	UNKNOWN_HOST[OKEEY]	LAUWARM	WEAK_WHOLE_CARD_MNEMONIC	temperiere die Arbeitsflüssigkeit und halte sie lauwarm
f83r	f83r.20	1	4	qokedy	7db18b2f0fb7ed0fcfd3	oke	CLOSE(UNKNOWN_HOST[OKE])	SPÜLEN	WEAK_WHOLE_CARD_MNEMONIC	spüle die bezeichnete Stelle einmal und beende den Schritt
f83r	f83r.20	1	5	sol	dcda95c81a5460feb191	l	FRAME_O(LINK)	VERKNÜPFEN	FORMAL_OPERATOR	Mit der vorigen Zubereitung weiter
f83r	f83r.20	1	6	cheeety	9247e38d29c79a0d2fa5	eety	UNKNOWN_HOST[EETY]	UNBEKANNT	OPAQUE_WHOLE_CARD	nach der ersten Spülung
f83r	f83r.20	1	7	qokedy	7db18b2f0fb7ed0fcfd3	oke	CLOSE(UNKNOWN_HOST[OKE])	SPÜLEN	WEAK_WHOLE_CARD_MNEMONIC	spüle die bezeichnete Stelle einmal und beende den Schritt
f83r	f83r.20	1	8	qoky	276a7c2d74d1143446f4	oky	UNKNOWN_HOST[OKY]	NUTZEN	WEAK_WHOLE_CARD_MNEMONIC	Die aktive Portion verwenden
f83r	f83r.20	1	9	saiin	2f1c5e56e8f0ff459065	aiin	UNKNOWN_HOST[AIIN]	MASS	WEAK_WHOLE_CARD_MNEMONIC	Ein vorgeschriebenes Maß
f83r	f83r.22	1	1	schedair	b154ff779abe5f196c80	ched	UNKNOWN_HOST[CHED] + <ARG_AIR>	UNBEKANNT	OPAQUE_WHOLE_CARD	ziehe die klare Flüssigkeit ab
f83r	f83r.22	1	2	otchedy	4de12cf322dfb76ded1e	che	CLOSE(FRAME_OT(UNKNOWN_HOST[CHE]))	UNBEKANNT	OPAQUE_WHOLE_CARD	mische zu gleichen Teilen und beende den Schritt
f83r	f83r.22	1	3	qokeedy	7d25241b0e56c836372a	okee	CLOSE(UNKNOWN_HOST[OKEE])	UNBEKANNT	OPAQUE_WHOLE_CARD	bade oder tauche in der temperierten warmen Flüssigkeit und beende den Schritt
f83r	f83r.22	1	4	chedain	d784b2abcaf1a3703de2	d	UNKNOWN_HOST[D] + <ARG_AIN>	UNBEKANNT	OPAQUE_WHOLE_CARD	beginne die Spülung
f83r	f83r.22	1	5	chedy	6f7ff8287eddf4da9fdb	y	VARIANT_D(UNKNOWN_HOST[Y])	UNBEKANNT	OPAQUE_WHOLE_CARD	rühre, bis alles gleichmäßig vermischt ist
f83r	f83r.22	1	6	qotedaiin	1779decef17481ec2853	ed	FRAME_OT(UNKNOWN_HOST[ED] + <ARG_AIIN>)	UNBEKANNT	OPAQUE_WHOLE_CARD	das breite Gefäß
f83r	f83r.22	1	7	otaiin	54d0e228ca346110af05	ot	MARK(<ARG_AIIN>)	MARKIEREN	FORMAL_OPERATOR	für dieselbe Dauer wie zuvor
f83r	f83r.22	1	8	otedy	c45ebac60774620561e2	e	CLOSE(FRAME_OT(UNKNOWN_HOST[E]))	BIS	WEAK_GATE_LEAD	lasse es bis zur Klarheit ziehen und beende den Schritt
f83r	f83r.22	1	9	ldy	04a3877f0fc81b7597c9	l	CLOSE(LINK)	VERKNÜPFEN	FORMAL_OPERATOR	ziehe es ab und beende den Schritt
f83r	f83r.24	1	1	soiiin	2c82523794dcb7d2b343	oiiin	UNKNOWN_HOST[OIIIN]	UNBEKANNT	OPAQUE_WHOLE_CARD	bis es klar ist
f83r	f83r.24	1	2	checthy	e0b630cb1b5df5e7105b	cthy	UNKNOWN_HOST[CTHY]	BEREIT	WEAK_WHOLE_CARD_MNEMONIC	Sobald die Zubereitung gebrauchsfertig ist
f83r	f83r.24	1	3	chety	80ebbbbf238eee9f0aef	ty	UNKNOWN_HOST[TY]	UNBEKANNT	OPAQUE_WHOLE_CARD	Gleichmäßig bearbeiten
f83r	f83r.24	1	4	otaiin	54d0e228ca346110af05	ot	MARK(<ARG_AIIN>)	MARKIEREN	FORMAL_OPERATOR	für dieselbe Dauer wie zuvor
f83r	f83r.24	1	5	olsaly	7811a7daff25d476e28d	olsaly	UNKNOWN_HOST[OLSALY]	UNBEKANNT	OPAQUE_WHOLE_CARD	das untere Becken
f83r	f83r.24	1	6	shedy	bc4f1f5c006c74a4d26d	e	CLOSE(UNKNOWN_HOST[E])	BIS	WEAK_GATE_LEAD	lasse es bis zur Bereitschaft stehen und beende den Schritt
f83r	f83r.25	2	1	qokeedy	7d25241b0e56c836372a	okee	CLOSE(UNKNOWN_HOST[OKEE])	UNBEKANNT	OPAQUE_WHOLE_CARD	bade oder tauche in der temperierten warmen Flüssigkeit und beende den Schritt
f83r	f83r.25	2	2	qolchey	e2eb77ca9d9e1a8ba29a	olchey	UNKNOWN_HOST[OLCHEY]	UNBEKANNT	OPAQUE_WHOLE_CARD	fülle danach das Gefäß
f83r	f83r.25	2	3	qokeey	0275fbf14e07935b0a45	okeey	UNKNOWN_HOST[OKEEY]	LAUWARM	WEAK_WHOLE_CARD_MNEMONIC	temperiere die Arbeitsflüssigkeit und halte sie lauwarm
f83r	f83r.25	2	4	qokedy	7db18b2f0fb7ed0fcfd3	oke	CLOSE(UNKNOWN_HOST[OKE])	SPÜLEN	WEAK_WHOLE_CARD_MNEMONIC	spüle die bezeichnete Stelle einmal und beende den Schritt
f83r	f83r.25	2	5	chedy	6f7ff8287eddf4da9fdb	y	VARIANT_D(UNKNOWN_HOST[Y])	UNBEKANNT	OPAQUE_WHOLE_CARD	rühre, bis alles gleichmäßig vermischt ist
f83r	f83r.25	2	6	otal	90bcf0a9ec0ef56399e6	ot	MARK(<ARG_AL>)	MARKIEREN	FORMAL_OPERATOR	zum unteren Ablauf hin
f83r	f83r.26	2	1	otchey	faf321940aed922846a9	chey	FRAME_OT(UNKNOWN_HOST[CHEY])	ANTEIL	WEAK_CONTENT_LEAD	Nimm den bezeichneten Anteil
f83r	f83r.26	2	2	qokeey	0275fbf14e07935b0a45	okeey	UNKNOWN_HOST[OKEEY]	LAUWARM	WEAK_WHOLE_CARD_MNEMONIC	temperiere die Arbeitsflüssigkeit und halte sie lauwarm
f83r	f83r.26	2	3	qoky	276a7c2d74d1143446f4	oky	UNKNOWN_HOST[OKY]	NUTZEN	WEAK_WHOLE_CARD_MNEMONIC	Die aktive Portion verwenden
f83r	f83r.26	2	4	tol	dcda95c81a5460feb191	l	FRAME_O(LINK)	VERKNÜPFEN	FORMAL_OPERATOR	Mit der vorigen Zubereitung weiter
f83r	f83r.26	2	5	shedy	bc4f1f5c006c74a4d26d	e	CLOSE(UNKNOWN_HOST[E])	BIS	WEAK_GATE_LEAD	lasse es bis zur Bereitschaft stehen und beende den Schritt
f83r	f83r.26	2	6	qokylddy	eb2e4bc143f623ee03ac	okyld	CLOSE(UNKNOWN_HOST[OKYLD])	UNBEKANNT	OPAQUE_WHOLE_CARD	binde es auf die Stelle und beende den Schritt
f83r	f83r.27	2	1	dain	53cd0637c6820ba5e91f	ain	UNKNOWN_HOST[AIN]	UNBEKANNT	OPAQUE_WHOLE_CARD	durch ein Tuch
f83r	f83r.27	2	2	chedy	6f7ff8287eddf4da9fdb	y	VARIANT_D(UNKNOWN_HOST[Y])	UNBEKANNT	OPAQUE_WHOLE_CARD	rühre, bis alles gleichmäßig vermischt ist
f83r	f83r.27	2	3	qokeedy	7d25241b0e56c836372a	okee	CLOSE(UNKNOWN_HOST[OKEE])	UNBEKANNT	OPAQUE_WHOLE_CARD	bade oder tauche in der temperierten warmen Flüssigkeit und beende den Schritt
f83r	f83r.27	2	4	shckhedy	d68bc8de3bcee09db23c	ckhe	CLOSE(UNKNOWN_HOST[CKHE])	UNBEKANNT	OPAQUE_WHOLE_CARD	seihe es einmal durch ein Tuch und beende den Schritt
f83r	f83r.27	2	5	shckhedy	d68bc8de3bcee09db23c	ckhe	CLOSE(UNKNOWN_HOST[CKHE])	UNBEKANNT	OPAQUE_WHOLE_CARD	seihe es einmal durch ein Tuch und beende den Schritt
f83r	f83r.28	2	1	saiin	2f1c5e56e8f0ff459065	aiin	UNKNOWN_HOST[AIIN]	MASS	WEAK_WHOLE_CARD_MNEMONIC	Ein vorgeschriebenes Maß
f83r	f83r.28	2	2	cheeky	2c1a5fd92b9e3c762242	eky	UNKNOWN_HOST[EKY]	UNBEKANNT	OPAQUE_WHOLE_CARD	solange es noch warm ist
f83r	f83r.28	2	3	sheey	92e43836d82f98bf02d3	eey	UNKNOWN_HOST[EEY]	UNBEKANNT	OPAQUE_WHOLE_CARD	die erste Öffnung
f83r	f83r.28	2	4	qokedy	7db18b2f0fb7ed0fcfd3	oke	CLOSE(UNKNOWN_HOST[OKE])	SPÜLEN	WEAK_WHOLE_CARD_MNEMONIC	spüle die bezeichnete Stelle einmal und beende den Schritt
f83r	f83r.28	2	5	shedy	bc4f1f5c006c74a4d26d	e	CLOSE(UNKNOWN_HOST[E])	BIS	WEAK_GATE_LEAD	lasse es bis zur Bereitschaft stehen und beende den Schritt
f83r	f83r.28	2	6	oldy	1b1ffdd869fb1429ad03	l	CLOSE(FRAME_O(LINK))	VERKNÜPFEN	FORMAL_OPERATOR	koche sanft und beende diesen Arbeitsschritt
f83r	f83r.35	2	1	saiin	2f1c5e56e8f0ff459065	aiin	UNKNOWN_HOST[AIIN]	MASS	WEAK_WHOLE_CARD_MNEMONIC	Ein vorgeschriebenes Maß
f83r	f83r.35	2	2	cheky	d904bf7b044dd3922781	ky	UNKNOWN_HOST[KY]	UNBEKANNT	OPAQUE_WHOLE_CARD	bei sanfter Wärme
f83r	f83r.35	2	3	okeeol	daf32e6db9e04413ce7f	okeeol	UNKNOWN_HOST[OKEEOL]	UNBEKANNT	OPAQUE_WHOLE_CARD	das breite Gefäß
f83r	f83r.35	2	4	okain	1645e612504fcef59ced	ok	SET(<ARG_AIN>)	SETZEN	FORMAL_OPERATOR	gib einen abgemessenen Anteil in das Gefäß
f83r	f83r.35	2	5	chdy	6f7ff8287eddf4da9fdb	y	VARIANT_D(UNKNOWN_HOST[Y])	UNBEKANNT	OPAQUE_WHOLE_CARD	rühre, bis alles gleichmäßig vermischt ist
f83r	f83r.37	2	1	sol	dcda95c81a5460feb191	l	FRAME_O(LINK)	VERKNÜPFEN	FORMAL_OPERATOR	Mit der vorigen Zubereitung weiter
f83r	f83r.37	2	2	lkedy	b958a512ca6a3559e86e	lke	CLOSE(UNKNOWN_HOST[LKE])	UNBEKANNT	OPAQUE_WHOLE_CARD	wasche zweimal und beende den Schritt
f83r	f83r.37	2	3	lchedy	de7321bface5628e35d6	lche	CLOSE(UNKNOWN_HOST[LCHE])	ABLASS	WEAK_WHOLE_CARD_MNEMONIC	lasse die verbrauchte Flüssigkeit in das untere Auffanggefäß ablaufen und beende den Schritt
f83r	f83r.37	2	4	qokol	232195d6ff2f326322f7	okol	UNKNOWN_HOST[OKOL]	UNBEKANNT	OPAQUE_WHOLE_CARD	lasse die Mischung einlaufen
f83r	f83r.37	2	5	shedy	bc4f1f5c006c74a4d26d	e	CLOSE(UNKNOWN_HOST[E])	BIS	WEAK_GATE_LEAD	lasse es bis zur Bereitschaft stehen und beende den Schritt
f83r	f83r.38	2	1	or	7a4bb8136330ee4e6e56	or	UNKNOWN_HOST[OR]	ANSATZ	WEAK_CONTENT_LEAD	Die bereitete Arbeitsflüssigkeit
f83r	f83r.38	2	2	chey	b921a237be883a820352	y	UNKNOWN_HOST[Y]	UNBEKANNT	OPAQUE_WHOLE_CARD	Diese aktive Portion
f83r	f83r.38	2	3	qockhey	ecce30bc8dcc400bf2c8	ockhey	UNKNOWN_HOST[OCKHEY]	UNBEKANNT	OPAQUE_WHOLE_CARD	über der örtlich bezeichneten Stelle
f83r	f83r.38	2	4	dairydy	8aedd154964a78e555d6	airy	CLOSE(UNKNOWN_HOST[AIRY])	UNBEKANNT	OPAQUE_WHOLE_CARD	gebrauche sie sofort und beende den Schritt
f83r	f83r.39	2	1	qokain	1645e612504fcef59ced	ok	SET(<ARG_AIN>)	SETZEN	FORMAL_OPERATOR	gib einen abgemessenen Anteil in das Gefäß
f83r	f83r.39	2	2	shey	b5df9126607030b95175	ey	UNKNOWN_HOST[EY]	FERTIG	WEAK_WHOLE_CARD_MNEMONIC	Bis die Flüssigkeit klar abläuft
f83r	f83r.39	2	3	kain	9da1b6ac2c929daea697	k	UNKNOWN_HOST[K] + <ARG_AIN>	UNBEKANNT	OPAQUE_WHOLE_CARD	ein abgemessener Anteil
f83r	f83r.39	2	4	chckhal	21ed2873b71e57269c08	ckh	UNKNOWN_HOST[CKH] + <ARG_AL>	UNBEKANNT	OPAQUE_WHOLE_CARD	für die angegebene Dauer
f83r	f83r.41	2	1	solkey	42cdc187d5b9ffc60063	olkey	UNKNOWN_HOST[OLKEY]	UNBEKANNT	OPAQUE_WHOLE_CARD	öffne danach den oberen Lauf
f83r	f83r.41	2	2	lchedy	de7321bface5628e35d6	lche	CLOSE(UNKNOWN_HOST[LCHE])	ABLASS	WEAK_WHOLE_CARD_MNEMONIC	lasse die verbrauchte Flüssigkeit in das untere Auffanggefäß ablaufen und beende den Schritt
f83r	f83r.41	2	3	qolkain	94df4847b7b16c98394a	olk	UNKNOWN_HOST[OLK] + <ARG_AIN>	UNBEKANNT	OPAQUE_WHOLE_CARD	das untere Becken
f83r	f83r.41	2	4	dal	dd0ecaf5e27d81befffc	al	UNKNOWN_HOST[AL]	ZU	WEAK_RELATION_LEAD	An die bezeichnete Zielstelle führen
f83r	f83r.44	2	1	skar	883a6708116c342cb10b	k	UNKNOWN_HOST[K] + <ARG_AR>	UNBEKANNT	OPAQUE_WHOLE_CARD	gieße das erwärmte Wasser ein
f83r	f83r.44	2	2	shedy	bc4f1f5c006c74a4d26d	e	CLOSE(UNKNOWN_HOST[E])	BIS	WEAK_GATE_LEAD	lasse es bis zur Bereitschaft stehen und beende den Schritt
f83r	f83r.47	3	1	otchdy	601b77449028deed39de	ch	CLOSE(FRAME_OT(UNKNOWN_HOST[CH]))	UNBEKANNT	OPAQUE_WHOLE_CARD	ziehe es ab und beende den Schritt
f83r	f83r.47	3	2	qokchdy	87411f84689b4f93a303	okch	CLOSE(UNKNOWN_HOST[OKCH])	UNBEKANNT	OPAQUE_WHOLE_CARD	erwärme es einmal und beende den Schritt
f83r	f83r.47	3	3	shedal	abb23e5e6936b4147f76	ed	UNKNOWN_HOST[ED] + <ARG_AL>	UNBEKANNT	OPAQUE_WHOLE_CARD	für einen Zeitabschnitt
f83r	f83r.48	3	1	dal	dd0ecaf5e27d81befffc	al	UNKNOWN_HOST[AL]	ZU	WEAK_RELATION_LEAD	An die bezeichnete Zielstelle führen
f83r	f83r.48	3	2	cheol	dcda95c81a5460feb191	l	FRAME_O(LINK)	VERKNÜPFEN	FORMAL_OPERATOR	Mit der vorigen Zubereitung weiter
f83r	f83r.48	3	3	lol	8c97dfde96fbc78e3355	lol	UNKNOWN_HOST[LOL]	UNBEKANNT	OPAQUE_WHOLE_CARD	bis es warm ist
f83r	f83r.48	3	4	chdal	00d8ebe3c68294eeac39	d	UNKNOWN_HOST[D] + <ARG_AL>	UNBEKANNT	OPAQUE_WHOLE_CARD	mit der vorigen Mischung
f83r	f83r.48	3	5	aiin	2f1c5e56e8f0ff459065	aiin	UNKNOWN_HOST[AIIN]	MASS	WEAK_WHOLE_CARD_MNEMONIC	Ein vorgeschriebenes Maß
f83r	f83r.49	3	1	sol	dcda95c81a5460feb191	l	FRAME_O(LINK)	VERKNÜPFEN	FORMAL_OPERATOR	Mit der vorigen Zubereitung weiter
f83r	f83r.49	3	2	daiiin	fcc1deda9e24ec268eb0	aiiin	UNKNOWN_HOST[AIIIN]	UNBEKANNT	OPAQUE_WHOLE_CARD	die zweite Öffnung
f83r	f83r.49	3	3	chedy	6f7ff8287eddf4da9fdb	y	VARIANT_D(UNKNOWN_HOST[Y])	UNBEKANNT	OPAQUE_WHOLE_CARD	rühre, bis alles gleichmäßig vermischt ist
f83r	f83r.52	4	1	solkeey	1bfd786e6b8b63734a59	olkeey	UNKNOWN_HOST[OLKEEY]	UNBEKANNT	OPAQUE_WHOLE_CARD	setze die Person an das Becken
f83r	f83r.52	4	2	qekey	43eb9aa12959b4d5cdc9	ekey	UNKNOWN_HOST[EKEY]	UNBEKANNT	OPAQUE_WHOLE_CARD	ohne Kochen
f83r	f83r.52	4	3	raly	3e9c7f217843b588489d	raly	UNKNOWN_HOST[RALY]	UNBEKANNT	OPAQUE_WHOLE_CARD	die erste Öffnung
f83r	f83r.52	4	4	ol	dcda95c81a5460feb191	l	FRAME_O(LINK)	VERKNÜPFEN	FORMAL_OPERATOR	Mit der vorigen Zubereitung weiter
f83r	f83r.54	4	1	daiin	2f1c5e56e8f0ff459065	aiin	UNKNOWN_HOST[AIIN]	MASS	WEAK_WHOLE_CARD_MNEMONIC	Ein vorgeschriebenes Maß
f83r	f83r.54	4	2	ol	dcda95c81a5460feb191	l	FRAME_O(LINK)	VERKNÜPFEN	FORMAL_OPERATOR	Mit der vorigen Zubereitung weiter
f83r	f83r.54	4	3	dain	53cd0637c6820ba5e91f	ain	UNKNOWN_HOST[AIN]	UNBEKANNT	OPAQUE_WHOLE_CARD	durch ein Tuch
f83r	f83r.54	4	4	chey	b921a237be883a820352	y	UNKNOWN_HOST[Y]	UNBEKANNT	OPAQUE_WHOLE_CARD	Diese aktive Portion
f83r	f83r.54	4	5	ldalor	97ddca78c9ebcc956d04	ldalor	UNKNOWN_HOST[LDALOR]	UNBEKANNT	OPAQUE_WHOLE_CARD	an der bezeichneten Stelle
