surface	working_meaning_de	composition	strongest_rival_de	card_type	strength	occurrences	scope	status
daiindy	drei Maße, abgeteilt und abgeschlossen	D_MEASURE+A+IIN_III+DY_CLOSE	bloßer Gradwert III mit Schlusszeichen	PRODUCTIVE_COMPOUND	MEDIUM_EXACT_WHOLE	3	EXACT_WHITESPACE_DELIMITED_WHOLE	ACCEPT_V41_REPLACEABLE
ssheey	vollständig eingeweichtes Saatgut	S_SEED+SHEEY_MOIST_END	feuchte Arzneispecies ohne Saatwert	PRODUCTIVE_COMPOUND	MEDIUM_EXACT_WHOLE	2	EXACT_WHITESPACE_DELIMITED_WHOLE	ACCEPT_V41_REPLACEABLE
opchedy	vollständig getrocknetes Pulverpräparat	O_PREP+P_POWDER+CHEDY_DRY_FINISHED	getrocknete Droge ohne Pulverwert	PRODUCTIVE_COMPOUND	STRONG_PRACTICAL_OR_COMPOSITIONAL	48	EXACT_WHITESPACE_DELIMITED_WHOLE	ACCEPT_V41_REPLACEABLE
qok	erhitze Folgendes	LEARNED_QOK_HEAT_ACTION	gebundener Heißrahmen ohne Verb	CONTEXT_SCOPED_SHORT_FORM	CONTEXT_READER_MERGE__FREE_DEFAULT_EXPLORATORY	13	CONTEXT_SCOPED_READER_BOUNDARY	ACCEPT_V41_REPLACEABLE
shas	angefeuchtete Kräutermischung	SH_MOIST+AS_DRUG_MIXTURE	feuchtes Saatgut in Grundform	PRODUCTIVE_COMPOUND	MEDIUM_EXACT_WHOLE	1	EXACT_WHITESPACE_DELIMITED_WHOLE	ACCEPT_V41_REPLACEABLE
olcheeo	Holzdrogenauszug aus vollständig getrockneter Droge	O_PREP+L_WOOD+CHEE_DRY_END+O_EXTRACT	lexikalisierte Drogenbasis plus Trockenstufe	PRODUCTIVE_COMPOUND	MEDIUM_EXACT_WHOLE	1	EXACT_WHITESPACE_DELIMITED_WHOLE	ACCEPT_V41_REPLACEABLE
orchedy	Portion vollständig getrocknete Droge	OR_PORTION+CHEDY_DRY_FINISHED	getrockneter Wurzelstoff	PRODUCTIVE_COMPOUND	MEDIUM_EXACT_WHOLE	1	EXACT_WHITESPACE_DELIMITED_WHOLE	ACCEPT_V41_REPLACEABLE
raralchl	trockne die rohe Wurzelfraktion I	R_ROOT+AR_FRACTION_I+AL_RAW_I+CHL_DRY_ACTION	langes gelerntes Drogenetikett	LEARNED_ACTION_WHOLE	LOW_EXPLORATORY	1	EXACT_WHITESPACE_DELIMITED_WHOLE	ACCEPT_V41_REPLACEABLE
darshy	abgemessene Fraktion I, leicht angefeuchtet	D_MEASURE+AR_FRACTION_I+SHY_MOIST_START	abgemessene feuchte Wurzelfraktion	PRODUCTIVE_COMPOUND	MEDIUM_EXACT_WHOLE	1	EXACT_WHITESPACE_DELIMITED_WHOLE	ACCEPT_V41_REPLACEABLE
ychklkaiin	nimm Holzdroge, trockne und erhitze sie auf Stufe III	Y_REFERENCE+CHK_HOT_DRY+L_WOOD+KAIIN_III	Eintrag mit verlorener Grenze vor LKAIIN	ENTRY_COMPOSITE	LOW_EXPLORATORY	1	EXACT_WHITESPACE_DELIMITED_WHOLE	ACCEPT_V41_REPLACEABLE
ycheodain	nimm hierzu zwei Dosen Trockenansatz	Y_REFERENCE+CHEO_DRY_PREP+DAIN_DOSE_II	hierzu zwei Trockenstufen	ENTRY_COMPOSITE	MEDIUM_EXACT_WHOLE	1	EXACT_WHITESPACE_DELIMITED_WHOLE	ACCEPT_V41_REPLACEABLE
cheotchey	Trockenansatz bis zur mittleren Kühlstufe	CHEO_DRY_PREP+TCHEY_COLD_DRY_MIDDLE	trockene CTH-Zubereitung, Form I	PRODUCTIVE_COMPOUND	MEDIUM_EXACT_WHOLE	1	EXACT_WHITESPACE_DELIMITED_WHOLE	ACCEPT_V41_REPLACEABLE
lkaiin	Holzdroge, heiß auf Stufe III	L_WOOD+K_HOT+A+IIN_III	erwärmte Flüssigkeit, Stufe III	PRODUCTIVE_COMPOUND	STRONG_PRACTICAL_OR_COMPOSITIONAL	48	EXACT_WHITESPACE_DELIMITED_WHOLE	ACCEPT_V41_REPLACEABLE
olkeey	Holzdrogenansatz vollständig erhitzt	O_PREP+L_WOOD+K_HOT+EEY_END	lexikalisierte Drogenbasis bis Heizendstufe	PRODUCTIVE_COMPOUND	STRONG_PRACTICAL_OR_COMPOSITIONAL	35	EXACT_WHITESPACE_DELIMITED_WHOLE	ACCEPT_V41_REPLACEABLE
okeoteey	erhitzten Ansatz bis zur Kühlendstufe bringen	O_PREP+K_HOT+E_LINK+O_PREP+TEEY_COLD_END	gleichzeitiger heiß-kalter Zustand	LEARNED_ACTION_WHOLE	MEDIUM_EXACT_WHOLE	1	EXACT_WHITESPACE_DELIMITED_WHOLE	ACCEPT_V41_REPLACEABLE
aiinal	drei Teile Rohdroge I	AIIN_AMOUNT_III+AL_RAW_I	Rohstoffklasse III ohne Menge	PRODUCTIVE_COMPOUND	MEDIUM_EXACT_WHOLE	2	EXACT_WHITESPACE_DELIMITED_WHOLE	ACCEPT_V41_REPLACEABLE
say	gib eine Gabe Saatgut zu	S_SEED+A_ADD+Y_ACTION	Saatgut in Grundform	LEARNED_ACTION_WHOLE	MEDIUM_EXACT_WHOLE	2	EXACT_WHITESPACE_DELIMITED_WHOLE	ACCEPT_V41_REPLACEABLE
qokeo	bereite einen heißen Auszug	QOK_HEAT+E_LINK+O_EXTRACT	bloßer heißer Ansatz in Bindungsform	LEARNED_ACTION_WHOLE	MEDIUM_EXACT_WHOLE	8	EXACT_WHITESPACE_DELIMITED_WHOLE	ACCEPT_V41_REPLACEABLE
chsy	getrocknetes Saatgut	CH_DRY+SY_SEED_BASE	trockene Arzneispecies	PRODUCTIVE_COMPOUND	MEDIUM_EXACT_WHOLE	1	EXACT_WHITESPACE_DELIMITED_WHOLE	ACCEPT_V41_REPLACEABLE
keear	erste Drogenfraktion vollständig erhitzt	K_HOT+EE_END+AR_FRACTION_I	stark erhitzte Fraktion ohne Endwert	PRODUCTIVE_COMPOUND	MEDIUM_EXACT_WHOLE	4	EXACT_WHITESPACE_DELIMITED_WHOLE	ACCEPT_V41_REPLACEABLE
dalam	ein Maß Rohdroge I	D_MEASURE+AL_RAW_I+AM_UNIT_I	Dosis I ohne Rohstoffklasse	PRODUCTIVE_COMPOUND	MEDIUM_EXACT_WHOLE	4	EXACT_WHITESPACE_DELIMITED_WHOLE	ACCEPT_V41_REPLACEABLE
dsheol	eine Dosis eingeweichte Droge	D_DOSE+SHEOL_MOIST_MATERIAL	abgemessene Feuchtflüssigkeit	PRODUCTIVE_COMPOUND	MEDIUM_EXACT_WHOLE	9	EXACT_WHITESPACE_DELIMITED_WHOLE	ACCEPT_V41_REPLACEABLE
shcthey	angefeuchtete Krautdroge, Form I	SH_MOIST+CTH_HERB+EY_FORM_I	feuchtes Arzneikompositum	PRODUCTIVE_COMPOUND	MEDIUM_EXACT_WHOLE	4	EXACT_WHITESPACE_DELIMITED_WHOLE	ACCEPT_V41_REPLACEABLE
qorchain	nimm zwei Teile Trockendroge	QOR_TAKE_PORTION+CHAIN_DRY_II	nominale Trockenportion II	LEARNED_ACTION_WHOLE	MEDIUM_EXACT_WHOLE	1	EXACT_WHITESPACE_DELIMITED_WHOLE	ACCEPT_V41_REPLACEABLE
teeedy	vollständig abgekühlt und abgeschlossen	T_COLD+EEE_END_III+DY_FINISHED	lange geruhter statt gekühlter Zustand	PRODUCTIVE_COMPOUND	MEDIUM_EXACT_WHOLE	4	EXACT_WHITESPACE_DELIMITED_WHOLE	ACCEPT_V41_REPLACEABLE
teeodain	zwei Maße vollständig gekühlter Ansatz	T_COLD+EE_END+O_PREP+DAIN_DOSE_II	kalter Ansatz, Dosis II ohne Endstufe	PRODUCTIVE_COMPOUND	MEDIUM_EXACT_WHOLE	1	EXACT_WHITESPACE_DELIMITED_WHOLE	ACCEPT_V41_REPLACEABLE
odys	fertige Arzneimischung im Ansatz	O_PREP+DY_FINISHED+S_DRUG_MIXTURE	bloßes Ansatzschlusszeichen	PRODUCTIVE_COMPOUND	MEDIUM_EXACT_WHOLE	1	EXACT_WHITESPACE_DELIMITED_WHOLE	ACCEPT_V41_REPLACEABLE
qopchdy	nimm fertig getrocknetes Pulver	QO_TAKE+P_POWDER+CHDY_DRY_FINISHED	nominales Trockenpulverpräparat	LEARNED_ACTION_WHOLE	MEDIUM_EXACT_WHOLE	16	EXACT_WHITESPACE_DELIMITED_WHOLE	ACCEPT_V41_REPLACEABLE
qotam	nimm ein Maß kalten Ansatzes	QO_TAKE+T_COLD+AM_UNIT_I	Qualitätsgrad I im kalten Rahmen	LEARNED_ACTION_WHOLE	MEDIUM_EXACT_WHOLE	11	EXACT_WHITESPACE_DELIMITED_WHOLE	ACCEPT_V41_REPLACEABLE
okeol	Grundansatz bis zur mittleren Heizstufe erwärmt	O_PREP+K_HOT+E_MIDDLE+OL_BASE	heißer Drogenstoff ohne Auszug	PRODUCTIVE_COMPOUND	MEDIUM_EXACT_WHOLE	44	EXACT_WHITESPACE_DELIMITED_WHOLE	ACCEPT_V41_REPLACEABLE
sa	gib Saatgut zu	S_SEED+A_ADD	Specieszeichen oder Beginn von SAIIN	CONTEXT_SCOPED_SHORT_FORM	CONTEXT_READER_MERGE__FREE_DEFAULT_EXPLORATORY	3	CONTEXT_SCOPED_READER_BOUNDARY	ACCEPT_V41_REPLACEABLE
oeeeody	lange geruhter, fertig abgezogener Ansatz	O_PREP+EEE_LONG_REST+O_EXTRACT+DY_FINISHED	dreifach konzentrierter Ansatz	PRODUCTIVE_COMPOUND	MEDIUM_EXACT_WHOLE	1	EXACT_WHITESPACE_DELIMITED_WHOLE	ACCEPT_V41_REPLACEABLE
olar	erste Holzrohstofffraktion im Ansatz	O_PREP+L_WOOD+AR_FRACTION_I	lexikalisierter Grundauszug, Fraktion I	PRODUCTIVE_COMPOUND	MEDIUM_EXACT_WHOLE	11	EXACT_WHITESPACE_DELIMITED_WHOLE	ACCEPT_V41_REPLACEABLE
air	zweite Drogenfraktion	AIR_FRACTION_II	Menge oder Qualitätsgrad II	PRODUCTIVE_COMPOUND	STRONG_PRACTICAL_OR_COMPOSITIONAL	56	EXACT_WHITESPACE_DELIMITED_WHOLE	ACCEPT_V41_REPLACEABLE
chodaiin	Trockenansatz, Dosis III	CHO_DRY_PREP+D_A+IIN_DOSE_III	trocken, Grad III ohne Dosis	PRODUCTIVE_COMPOUND	STRONG_PRACTICAL_OR_COMPOSITIONAL	42	EXACT_WHITESPACE_DELIMITED_WHOLE	ACCEPT_V41_REPLACEABLE
choar	Trockenansatz, Fraktion I	CHO_DRY_PREP+AR_FRACTION_I	Pflanzenteil statt Trockenansatz	PRODUCTIVE_COMPOUND	MEDIUM_EXACT_WHOLE	2	EXACT_WHITESPACE_DELIMITED_WHOLE	ACCEPT_V41_REPLACEABLE
chorar	Pflanzenteil-Fraktion I	CHOR_PLANT_PART+AR_FRACTION_I	doppelt geschriebene Trockenfraktion	PRODUCTIVE_COMPOUND	MEDIUM_EXACT_WHOLE	1	EXACT_WHITESPACE_DELIMITED_WHOLE	ACCEPT_V41_REPLACEABLE
ykanam	nimm hiervon ein Maß und erwärme es leicht	Y_REFERENCE+KAN_HOT_I+AM_UNIT_I	Eintrag mit Heißgrad I ohne Maß	ENTRY_COMPOSITE	MEDIUM_EXACT_WHOLE	1	EXACT_WHITESPACE_DELIMITED_WHOLE	ACCEPT_V41_REPLACEABLE
orain	Drogenportion II	OR_PORTION+A+IN_II	Qualitätsgrad II	PRODUCTIVE_COMPOUND	STRONG_PRACTICAL_OR_COMPOSITIONAL	16	EXACT_WHITESPACE_DELIMITED_WHOLE	ACCEPT_V41_REPLACEABLE
chery	getrocknete Rohwurzel	CH_DRY+E_MIDDLE+R_ROOT+Y_BASE	gebundene Trockenfraktion	PRODUCTIVE_COMPOUND	MEDIUM_EXACT_WHOLE	1	EXACT_WHITESPACE_DELIMITED_WHOLE	ACCEPT_V41_REPLACEABLE
oleey	Holzdrogenansatz vollständig ausgezogen	O_PREP+L_WOOD+EEY_END	lexikalisierter Grundauszug bis Endstufe	PRODUCTIVE_COMPOUND	MEDIUM_EXACT_WHOLE	2	EXACT_WHITESPACE_DELIMITED_WHOLE	ACCEPT_V41_REPLACEABLE
sheed	Einweichung vollständig abgeschlossen	SH_MOIST+EE_END+D_CLOSED	vollständig feuchter Zustand ohne Handlung	LEARNED_ACTION_WHOLE	MEDIUM_EXACT_WHOLE	5	EXACT_WHITESPACE_DELIMITED_WHOLE	ACCEPT_V41_REPLACEABLE
ch	trockne	LEARNED_CH_DRY_ACTION	abgetrennter Anfang einer längeren CH-Form	CONTEXT_SCOPED_SHORT_FORM	CONTEXT_READER_MERGE__FREE_DEFAULT_EXPLORATORY	13	CONTEXT_SCOPED_READER_BOUNDARY	ACCEPT_V41_REPLACEABLE
qodchy	nimm eine Dosis Trockendroge	QO_TAKE+D_DOSE+CHY_DRY_BASE	nominale Trockendosis	LEARNED_ACTION_WHOLE	MEDIUM_EXACT_WHOLE	2	EXACT_WHITESPACE_DELIMITED_WHOLE	ACCEPT_V41_REPLACEABLE
octhol	Krautdroge im Ansatz	O_PREP+CTHOL_HERB_MATERIAL	kalte Trockenzubereitung	PRODUCTIVE_COMPOUND	MEDIUM_EXACT_WHOLE	1	EXACT_WHITESPACE_DELIMITED_WHOLE	ACCEPT_V41_REPLACEABLE
yky	hierzu leicht erhitzen	Y_REFERENCE+KY_HOT_START	Eintrag eines heißen Grundstoffs	LEARNED_ACTION_WHOLE	MEDIUM_EXACT_WHOLE	12	EXACT_WHITESPACE_DELIMITED_WHOLE	ACCEPT_V41_REPLACEABLE
chyty	nach dem Trocknen leicht kühlen	CH_DRY+Y_SEQUENCE+TY_COLD_START	trocken-kalte Grundform	LEARNED_ACTION_WHOLE	MEDIUM_EXACT_WHOLE	4	EXACT_WHITESPACE_DELIMITED_WHOLE	ACCEPT_V41_REPLACEABLE
dshy	eine Dosis leicht angefeuchtete Droge	D_DOSE+SHY_MOIST_START	abgemessener Feuchtgrad	PRODUCTIVE_COMPOUND	MEDIUM_EXACT_WHOLE	6	EXACT_WHITESPACE_DELIMITED_WHOLE	ACCEPT_V41_REPLACEABLE
o	Ansatzwasser	LEARNED_FREE_WATER_SIGLUM	freies Ansatzzeichen oder Öl	CONTEXT_SCOPED_SHORT_FORM	LOW_EXPLORATORY	146	CONTEXT_SCOPED_READER_BOUNDARY	ACCEPT_V41_REPLACEABLE
oeeesoy	lange geruhter Samenmazerat	O_MACERATION+EEE_LONG+S_SEED+O_PREP+Y_BASE	dreifach konzentrierte Arzneispecies	PRODUCTIVE_COMPOUND	LOW_EXPLORATORY	1	EXACT_WHITESPACE_DELIMITED_WHOLE	ACCEPT_V41_REPLACEABLE
kchochaiin	Trockenansatz bis Stufe III erhitzt und getrocknet	K_HOT+CHO_DRY_PREP+CHAIIN_DRY_III	heiße Drogenportion III	PRODUCTIVE_COMPOUND	MEDIUM_EXACT_WHOLE	1	EXACT_WHITESPACE_DELIMITED_WHOLE	ACCEPT_V41_REPLACEABLE
okshor	heißer Blüten- oder Fruchtansatz	O_PREP+K_HOT+SHOR_FLOWER_PART	heiße Drogenportion ohne Pflanzenwert	PRODUCTIVE_COMPOUND	MEDIUM_EXACT_WHOLE	1	EXACT_WHITESPACE_DELIMITED_WHOLE	ACCEPT_V41_REPLACEABLE
cfhar	Blütenfraktion I	CFH_FLOWER_WHOLE+AR_FRACTION_I	undurchsichtige Trockenfraktion	PRODUCTIVE_COMPOUND	LOW_EXPLORATORY	1	EXACT_WHITESPACE_DELIMITED_WHOLE	ACCEPT_V41_REPLACEABLE
okaial	heißer Ansatz aus drei Teilen Rohdroge I	O_PREP+K_HOT+AI_AL_RAW_III	heißer Rohstoff I mit Schreibvariante	PRODUCTIVE_COMPOUND	LOW_EXPLORATORY	1	EXACT_WHITESPACE_DELIMITED_WHOLE	ACCEPT_V41_REPLACEABLE
okeeaiin	drei Teile vollständig erhitzter Ansatz	O_PREP+K_HOT+EE_END+A+IIN_III	heißer Ansatz, bloße Menge III	PRODUCTIVE_COMPOUND	MEDIUM_EXACT_WHOLE	1	EXACT_WHITESPACE_DELIMITED_WHOLE	ACCEPT_V41_REPLACEABLE
cthod	gieße den Krautansatz ab	CTH_HERB+O_PREP+D_CLOSE_ACTION	verkürzter Krautabsud	LEARNED_ACTION_WHOLE	MEDIUM_EXACT_WHOLE	3	EXACT_WHITESPACE_DELIMITED_WHOLE	ACCEPT_V41_REPLACEABLE
cthorchy	Portion Krautdroge, leicht angetrocknet	CTHOR_HERB_PORTION+CHY_DRY_START	bloße Krautportion	PRODUCTIVE_COMPOUND	MEDIUM_EXACT_WHOLE	1	EXACT_WHITESPACE_DELIMITED_WHOLE	ACCEPT_V41_REPLACEABLE
ykeedar	erhitze hiervon die erste Fraktion vollständig	Y_REFERENCE+KEE_HOT_END+D_AR_MEASURED_FRACTION_I	abgemessene Heißfraktion ohne Eintrag	ENTRY_COMPOSITE	MEDIUM_EXACT_WHOLE	1	EXACT_WHITESPACE_DELIMITED_WHOLE	ACCEPT_V41_REPLACEABLE
dytchor	danach eine kalt-trockene Drogenportion	DY_SEQUENCE+TCHOR_COLD_DRY_PORTION	abgemessener Pflanzenteil	LEARNED_ACTION_WHOLE	MEDIUM_EXACT_WHOLE	1	EXACT_WHITESPACE_DELIMITED_WHOLE	ACCEPT_V41_REPLACEABLE
ycheo	nimm hierzu den Trockenansatz	Y_REFERENCE+CHEO_DRY_PREP	hierzu ein zweiter Trockenansatz	ENTRY_COMPOSITE	MEDIUM_EXACT_WHOLE	9	EXACT_WHITESPACE_DELIMITED_WHOLE	ACCEPT_V41_REPLACEABLE
ked	Erhitzung auf Mittelstufe abgeschlossen	K_HOT+E_MIDDLE+D_CLOSED	verkürzte Heißgradform	LEARNED_ACTION_WHOLE	MEDIUM_EXACT_WHOLE	1	EXACT_WHITESPACE_DELIMITED_WHOLE	ACCEPT_V41_REPLACEABLE
oo	setze ein zweites Mal an	LEARNED_DOUBLE_PREPARATION_ACTION	zweite Wassergabe	LEARNED_ACTION_WHOLE	LOW_EXPLORATORY	1	EXACT_WHITESPACE_DELIMITED_WHOLE	ACCEPT_V41_REPLACEABLE
qokeeaiin	erhitze drei Teile bis zur Endstufe	QO_TAKE_OR_COMMAND+K_HOT+EE_END+A+IIN_III	nominaler heißer Qualitätsgrad III	LEARNED_ACTION_WHOLE	MEDIUM_EXACT_WHOLE	2	EXACT_WHITESPACE_DELIMITED_WHOLE	ACCEPT_V41_REPLACEABLE
schaiin	getrocknetes Saatgut, Stufe III	S_SEED+CH_DRY+A+IIN_III	Salz statt Saatgut	PRODUCTIVE_COMPOUND	MEDIUM_EXACT_WHOLE	1	EXACT_WHITESPACE_DELIMITED_WHOLE	ACCEPT_V41_REPLACEABLE
od	miss vom Ansatz ab	O_PREP+D_MEASURE_ACTION	bloßes Ansatzschlusszeichen	LEARNED_ACTION_WHOLE	MEDIUM_EXACT_WHOLE	8	EXACT_WHITESPACE_DELIMITED_WHOLE	ACCEPT_V41_REPLACEABLE
chkaly	Rohdroge I leicht trocknen und erhitzen	CH_DRY+K_HOT+AL_RAW_I+Y_BASE	Rohstoffklasse statt Behandlung	LEARNED_ACTION_WHOLE	MEDIUM_EXACT_WHOLE	2	EXACT_WHITESPACE_DELIMITED_WHOLE	ACCEPT_V41_REPLACEABLE
qooldy	gib den fertigen Auszug hinzu	QO_TAKE_OR_ADD+OLDY_FINISHED_EXTRACT	kalter Rohstoff I, fertig	LEARNED_ACTION_WHOLE	MEDIUM_EXACT_WHOLE	1	EXACT_WHITESPACE_DELIMITED_WHOLE	ACCEPT_V41_REPLACEABLE
choror	Portion Blüten- oder Fruchtdroge	CHOR_PLANT_PART+OR_PORTION	doppelte unbestimmte Portion	PRODUCTIVE_COMPOUND	MEDIUM_EXACT_WHOLE	2	EXACT_WHITESPACE_DELIMITED_WHOLE	ACCEPT_V41_REPLACEABLE
ykchon	nimm hierzu einen heiß-trockenen Ansatz, Stufe I	Y_REFERENCE+KCHO_HOT_DRY_PREP+N_I	hierzu einen Trockenansatz erhitzen	ENTRY_COMPOSITE	MEDIUM_EXACT_WHOLE	1	EXACT_WHITESPACE_DELIMITED_WHOLE	ACCEPT_V41_REPLACEABLE
qoykam	nimm hiervon ein Maß und erhitze es	QO_COMMAND+Y_REFERENCE+KAM_HOT_UNIT_I	nominales heißes Maß	LEARNED_ACTION_WHOLE	MEDIUM_EXACT_WHOLE	1	EXACT_WHITESPACE_DELIMITED_WHOLE	ACCEPT_V41_REPLACEABLE
daram	ein Maß Fraktion I	D_MEASURE+AR_FRACTION_I+AM_UNIT_I	Wurzelmaß I	PRODUCTIVE_COMPOUND	MEDIUM_EXACT_WHOLE	6	EXACT_WHITESPACE_DELIMITED_WHOLE	ACCEPT_V41_REPLACEABLE
arol	Grundauszug, Fraktion I	AR_FRACTION_I+OL_BASE	Wurzelstoff statt Auszugsfraktion	PRODUCTIVE_COMPOUND	MEDIUM_EXACT_WHOLE	8	EXACT_WHITESPACE_DELIMITED_WHOLE	ACCEPT_V41_REPLACEABLE
lkol	heißer Holzabsud	L_WOOD+KOL_HOT_MATERIAL	allgemeiner heißer Auszug	PRODUCTIVE_COMPOUND	MEDIUM_EXACT_WHOLE	3	EXACT_WHITESPACE_DELIMITED_WHOLE	ACCEPT_V41_REPLACEABLE
daiidy	drei Maße, vollständig abgeteilt	D_MEASURE+A+II_VALUE+DY_FINISHED	Rohstoffmenge III	PRODUCTIVE_COMPOUND	MEDIUM_EXACT_WHOLE	5	EXACT_WHITESPACE_DELIMITED_WHOLE	ACCEPT_V41_REPLACEABLE
kchain	heiß getrocknete Droge, Stufe II	K_HOT+CHAIN_DRY_II	trocken-heißer Grad II ohne Stoff	PRODUCTIVE_COMPOUND	MEDIUM_EXACT_WHOLE	1	EXACT_WHITESPACE_DELIMITED_WHOLE	ACCEPT_V41_REPLACEABLE
lchar	trockene Holzfraktion I	L_WOOD+CHAR_DRY_FRACTION_I	Pfund Trockenfraktion I	PRODUCTIVE_COMPOUND	MEDIUM_EXACT_WHOLE	3	EXACT_WHITESPACE_DELIMITED_WHOLE	ACCEPT_V41_REPLACEABLE
ykolody	nimm hiervon den heißen Auszug und stelle ihn fertig	Y_REFERENCE+KOL_HOT_MATERIAL+ODY_FINISHED_EXTRACT	heißes Drogenholz, fertig	ENTRY_COMPOSITE	MEDIUM_EXACT_WHOLE	1	EXACT_WHITESPACE_DELIMITED_WHOLE	ACCEPT_V41_REPLACEABLE
dcholdy	eine Dosis fertig getrocknete Droge	D_DOSE+CHOLDY_DRY_FINISHED	Maß Trockenrückstand	PRODUCTIVE_COMPOUND	MEDIUM_EXACT_WHOLE	1	EXACT_WHITESPACE_DELIMITED_WHOLE	ACCEPT_V41_REPLACEABLE
chokolg	ein Gran heißen Trockenabsud	CHO_DRY_PREP+KOL_HOT_EXTRACT+G_GRAIN_SIGLUM	gib den heißen Trockenansatz in ein Gefäß	PRODUCTIVE_COMPOUND	LOW_EXPLORATORY	1	EXACT_WHITESPACE_DELIMITED_WHOLE	ACCEPT_V41_REPLACEABLE
dochod	eine Dosis abgeschlossener Trockenansatz	D_DOSE+O_PREP+CHOD_DRY_FINISHED	abgemessener Pflanzenteil	PRODUCTIVE_COMPOUND	MEDIUM_EXACT_WHOLE	1	EXACT_WHITESPACE_DELIMITED_WHOLE	ACCEPT_V41_REPLACEABLE
oleeeb	stark eingedickter Holzdrogenauszug	LEARNED_THICKENED_WOOD_EXTRACT_WHOLE	Holzdrogenansatz im Bad	LEARNED_WHOLE	LOW_EXPLORATORY	1	EXACT_WHITESPACE_DELIMITED_WHOLE	ACCEPT_V41_REPLACEABLE
oshol	Mazerat aus eingeweichter Droge	O_PREP+SHOL_MOIST_MATERIAL	feuchtes Material ohne Flüssigkeitswert	PRODUCTIVE_COMPOUND	MEDIUM_EXACT_WHOLE	1	EXACT_WHITESPACE_DELIMITED_WHOLE	ACCEPT_V41_REPLACEABLE
olkeeody	vollständig ausgekochter Holzdrogenauszug	O_PREP+L_WOOD+K_HOT+EE_END+O_EXTRACT+DY_FINISHED	lexikalisierter vollständig ausgekochter Grundauszug	PRODUCTIVE_COMPOUND	MEDIUM_EXACT_WHOLE	5	EXACT_WHITESPACE_DELIMITED_WHOLE	ACCEPT_V41_REPLACEABLE
cheky	bis zur mittleren Trockenstufe, dann leicht erhitzen	CHE_DRY_MIDDLE+KY_HOT_START	statischer trocken-heißer Zustand	LEARNED_ACTION_WHOLE	STRONG_PRACTICAL_OR_COMPOSITIONAL	55	EXACT_WHITESPACE_DELIMITED_WHOLE	ACCEPT_V41_REPLACEABLE
qodaim	nimm zwei Maße	LEARNED_QODAIM_MEASURE_II	Qualitätsgrad II mit freiem Handvoll-Siglum	LEARNED_ACTION_WHOLE	LOW_EXPLORATORY	1	EXACT_WHITESPACE_DELIMITED_WHOLE	ACCEPT_V41_REPLACEABLE
ykar	nimm hiervon die erste erhitzte Drogenfraktion	Y_REFERENCE+KAR_HOT_FRACTION_I	hierzu eine Heißfraktion	ENTRY_COMPOSITE	STRONG_PRACTICAL_OR_COMPOSITIONAL	31	EXACT_WHITESPACE_DELIMITED_WHOLE	ACCEPT_V41_REPLACEABLE
kcharg	ein Gran erhitzte Trockenfraktion I	K_HOT+CH_DRY+AR_FRACTION_I+G_GRAIN_SIGLUM	fülle die heiße Trockenfraktion ab	PRODUCTIVE_COMPOUND	LOW_EXPLORATORY	1	EXACT_WHITESPACE_DELIMITED_WHOLE	ACCEPT_V41_REPLACEABLE
qotoeey	kühle den Ansatz vollständig	QO_COMMAND+T_COLD+O_PREP+EEY_END	nominaler kalter Ansatz am Gradende	LEARNED_ACTION_WHOLE	MEDIUM_EXACT_WHOLE	2	EXACT_WHITESPACE_DELIMITED_WHOLE	ACCEPT_V41_REPLACEABLE
m	eine Handvoll	LEARNED_MANIPULUS_SIGLUM	bloßes Schlusszeichen; allgemeines Maß	CONTEXT_SCOPED_SHORT_FORM	LOW_EXPLORATORY	6	CONTEXT_SCOPED_READER_BOUNDARY	ACCEPT_V41_REPLACEABLE
ydain	davon zwei Maße	Y_REFERENCE+D+A+IN_II	Eintrag: Gradwert II	PRODUCTIVE_COMPOUND	MEDIUM_EXACT_WHOLE	4	EXACT_WHITESPACE_DELIMITED_WHOLE	ACCEPT_V41_REPLACEABLE
ajy	fülle ein Bündel ab und schließe	LEARNED_BUNDLE_FILL_CLOSE_ACTION	unbekanntes kurzes Abschlusswort	LEARNED_ACTION_WHOLE	LOW_EXPLORATORY	1	EXACT_WHITESPACE_DELIMITED_WHOLE	ACCEPT_V41_REPLACEABLE
oldair	zweite abgemessene Holzrohstofffraktion im Ansatz	O_PREP+L_WOOD+DAIR_MEASURED_FRACTION_II	lexikalisierter Grundauszug, Fraktion II	PRODUCTIVE_COMPOUND	MEDIUM_EXACT_WHOLE	1	EXACT_WHITESPACE_DELIMITED_WHOLE	ACCEPT_V41_REPLACEABLE
qokechdy	erhitze und trockne bis zum Abschluss	QOK_HEAT+E_SEQUENCE+CHDY_DRY_FINISHED	nominaler heiß-trockener Zustand	LEARNED_ACTION_WHOLE	MEDIUM_EXACT_WHOLE	3	EXACT_WHITESPACE_DELIMITED_WHOLE	ACCEPT_V41_REPLACEABLE
dara	eine gleiche Menge der ersten Fraktion	DAR_MEASURED_FRACTION_I+A_EQUAL_PART	abgemessene Fraktion ohne Gleichteilwert	PRODUCTIVE_COMPOUND	MEDIUM_EXACT_WHOLE	1	EXACT_WHITESPACE_DELIMITED_WHOLE	ACCEPT_V41_REPLACEABLE
olchedy	Holzdroge im Ansatz fertig getrocknet	O_PREP+L_WOOD+CHEDY_DRY_FINISHED	lexikalisierte getrocknete Drogenbasis	PRODUCTIVE_COMPOUND	STRONG_PRACTICAL_OR_COMPOSITIONAL	34	EXACT_WHITESPACE_DELIMITED_WHOLE	ACCEPT_V41_REPLACEABLE
olshedy	Holzdroge im Ansatz vollständig eingeweicht	O_PREP+L_WOOD+SHEDY_MOIST_FINISHED	lexikalisierte eingeweichte Drogenbasis	PRODUCTIVE_COMPOUND	STRONG_PRACTICAL_OR_COMPOSITIONAL	17	EXACT_WHITESPACE_DELIMITED_WHOLE	ACCEPT_V41_REPLACEABLE
olchy	Holzdroge im Ansatz leicht getrocknet	O_PREP+L_WOOD+CHY_DRY_BASE	lexikalisierte trockene Drogenbasis	PRODUCTIVE_COMPOUND	STRONG_PRACTICAL_OR_COMPOSITIONAL	9	EXACT_WHITESPACE_DELIMITED_WHOLE	ACCEPT_V41_REPLACEABLE
cheolchey	trockenen Drogenstoff bis Mittelstufe nachtrocknen	CHEOL_DRY_MATERIAL+CHEY_DRY_MIDDLE	statische doppelte Trockenform	LEARNED_ACTION_WHOLE	MEDIUM_EXACT_WHOLE	2	EXACT_WHITESPACE_DELIMITED_WHOLE	ACCEPT_V41_REPLACEABLE
qolkchey	gib heiß getrocknete Droge hinzu	QOL_ADD+KCHEY_HOT_DRY_MIDDLE	nominaler heißer Trockenstoff	LEARNED_ACTION_WHOLE	MEDIUM_EXACT_WHOLE	1	EXACT_WHITESPACE_DELIMITED_WHOLE	ACCEPT_V41_REPLACEABLE
qokeed	erhitze bis zur Endstufe und schließe ab	QOK_HEAT+EE_END+D_CLOSED	nominaler heißer Endzustand	LEARNED_ACTION_WHOLE	STRONG_PRACTICAL_OR_COMPOSITIONAL	16	EXACT_WHITESPACE_DELIMITED_WHOLE	ACCEPT_V41_REPLACEABLE
chees	vollständig getrocknete Kräutermischung	CH_DRY+EE_END+S_DRUG_MIXTURE	vollständig getrocknetes Saatgut	PRODUCTIVE_COMPOUND	STRONG_PRACTICAL_OR_COMPOSITIONAL	32	EXACT_WHITESPACE_DELIMITED_WHOLE	ACCEPT_V41_REPLACEABLE
oin	bereite einen zweiten Ansatz	O_PREP+IN_II_ACTION	zwei Teile Flüssigkeit	LEARNED_ACTION_WHOLE	MEDIUM_EXACT_WHOLE	7	EXACT_WHITESPACE_DELIMITED_WHOLE	ACCEPT_V41_REPLACEABLE
qykaiin	erhitze hiervon bis Stufe III	Q_COMMAND+Y_REFERENCE+KAIIN_HOT_III	nominaler heißer Eintrag III	LEARNED_ACTION_WHOLE	MEDIUM_EXACT_WHOLE	1	EXACT_WHITESPACE_DELIMITED_WHOLE	ACCEPT_V41_REPLACEABLE
sokol	heißer Saatgutabsud	S_SEED+O_PREP+KOL_HOT_MATERIAL	heißer Salzansatz	PRODUCTIVE_COMPOUND	MEDIUM_EXACT_WHOLE	1	EXACT_WHITESPACE_DELIMITED_WHOLE	ACCEPT_V41_REPLACEABLE
ykain	erhitze hiervon auf Stufe II	Y_REFERENCE+K_HOT+A+IN_II	hierzu Heizstufe II	ENTRY_COMPOSITE	MEDIUM_EXACT_WHOLE	11	EXACT_WHITESPACE_DELIMITED_WHOLE	ACCEPT_V41_REPLACEABLE
lshckhy	angefeuchtete Kräutermischung mit Drogenholz	L_WOOD+SH_MOIST+CKH_COMPOSITE+Y_BASE	feuchte Krautdroge aus Holz	PRODUCTIVE_COMPOUND	MEDIUM_EXACT_WHOLE	1	EXACT_WHITESPACE_DELIMITED_WHOLE	ACCEPT_V41_REPLACEABLE
lr	Wurzelholz	LEARNED_WOOD_ROOT_WHOLE	Pfundzeichen plus Wurzel	LEARNED_WHOLE	LOW_EXPLORATORY	10	EXACT_WHITESPACE_DELIMITED_WHOLE	ACCEPT_V41_REPLACEABLE
qokam	nimm ein Maß und erhitze es	QOK_HEAT+AM_UNIT_I	heiße Maßeinheit I ohne Imperativ	LEARNED_ACTION_WHOLE	STRONG_PRACTICAL_OR_COMPOSITIONAL	25	EXACT_WHITESPACE_DELIMITED_WHOLE	ACCEPT_V41_REPLACEABLE
solor	eine Portion Saatgutansatz	SOL_SEED_PREP+OR_PORTION	Salzportion	PRODUCTIVE_COMPOUND	MEDIUM_EXACT_WHOLE	1	EXACT_WHITESPACE_DELIMITED_WHOLE	ACCEPT_V41_REPLACEABLE
chkag	ein Gran trocken-heiße Droge	CH_DRY+K_HOT+A_PART+G_GRAIN_SIGLUM	fülle eine trocken-heiße Charge ab	PRODUCTIVE_COMPOUND	LOW_EXPLORATORY	1	EXACT_WHITESPACE_DELIMITED_WHOLE	ACCEPT_V41_REPLACEABLE
salchey	Saatrohstoff bis zur mittleren Trockenstufe	SAL_SEED_RAW+CHEY_DRY_MIDDLE	Rohstoff I ohne Saatwert	PRODUCTIVE_COMPOUND	MEDIUM_EXACT_WHOLE	1	EXACT_WHITESPACE_DELIMITED_WHOLE	ACCEPT_V41_REPLACEABLE
dytain	danach auf Kühlstufe II	DY_SEQUENCE+T_COLD+A+IN_II	Eintrag: kalt, Stufe II	LEARNED_ACTION_WHOLE	MEDIUM_EXACT_WHOLE	1	EXACT_WHITESPACE_DELIMITED_WHOLE	ACCEPT_V41_REPLACEABLE
tedyol	Grundansatz bis zur mittleren Kühlstufe gebracht und abgeschlossen	T_COLD+E_MIDDLE+DY_FINISHED+OL_BASE	kalter Auszug mit umgekehrter Grenze	PRODUCTIVE_COMPOUND	MEDIUM_EXACT_WHOLE	1	EXACT_WHITESPACE_DELIMITED_WHOLE	ACCEPT_V41_REPLACEABLE
dykshy	danach heiß anfeuchten	DY_SEQUENCE+K_HOT+SHY_MOIST_START	statischer heiß-feuchter Zustand	LEARNED_ACTION_WHOLE	MEDIUM_EXACT_WHOLE	1	EXACT_WHITESPACE_DELIMITED_WHOLE	ACCEPT_V41_REPLACEABLE
saltar	kalte Saatgutfraktion I	SAL_SEED_RAW+TAR_COLD_FRACTION_I	kalte Rohstofffraktion I	PRODUCTIVE_COMPOUND	MEDIUM_EXACT_WHOLE	1	EXACT_WHITESPACE_DELIMITED_WHOLE	ACCEPT_V41_REPLACEABLE
yshey	weiche hiervon bis zur mittleren Stufe ein	Y_REFERENCE+SHEY_MOIST_MIDDLE	hierzu eingeweichtes Drogenholz	ENTRY_COMPOSITE	MEDIUM_EXACT_WHOLE	11	EXACT_WHITESPACE_DELIMITED_WHOLE	ACCEPT_V41_REPLACEABLE
olsheol	eingeweichte Holzdroge im Ansatz	O_PREP+L_WOOD+SHEOL_MOIST_MATERIAL	lexikalisierte Drogenbasis mit Einweichflüssigkeit	PRODUCTIVE_COMPOUND	MEDIUM_EXACT_WHOLE	3	EXACT_WHITESPACE_DELIMITED_WHOLE	ACCEPT_V41_REPLACEABLE
loly	seihe den Holzabsud ab	L_WOOD+OLY_STRAIN_ACTION	fertig aufbereiteter Holzstoff	LEARNED_ACTION_WHOLE	MEDIUM_EXACT_WHOLE	5	EXACT_WHITESPACE_DELIMITED_WHOLE	ACCEPT_V41_REPLACEABLE
ytar	nimm hiervon die erste gekühlte Drogenfraktion	Y_REFERENCE+TAR_COLD_FRACTION_I	hierzu eine Kaltfraktion	ENTRY_COMPOSITE	STRONG_PRACTICAL_OR_COMPOSITIONAL	21	EXACT_WHITESPACE_DELIMITED_WHOLE	ACCEPT_V41_REPLACEABLE
lky	Holzdroge, leicht erhitzt	L_WOOD+KY_HOT_START	rohes Drogenholz	PRODUCTIVE_COMPOUND	STRONG_PRACTICAL_OR_COMPOSITIONAL	19	EXACT_WHITESPACE_DELIMITED_WHOLE	ACCEPT_V41_REPLACEABLE
salshey	Saatrohstoff bis zur mittleren Einweichstufe	SAL_SEED_RAW+SHEY_MOIST_MIDDLE	Salzlösung statt Saatgut	PRODUCTIVE_COMPOUND	MEDIUM_EXACT_WHOLE	1	EXACT_WHITESPACE_DELIMITED_WHOLE	ACCEPT_V41_REPLACEABLE
olkeedy	Holzdrogenansatz vollständig erhitzt und abgeschlossen	O_PREP+L_WOOD+K_HOT+EE_END+DY_FINISHED	lexikalisierte Drogenbasis bis Heizendstufe	PRODUCTIVE_COMPOUND	STRONG_PRACTICAL_OR_COMPOSITIONAL	42	EXACT_WHITESPACE_DELIMITED_WHOLE	ACCEPT_V41_REPLACEABLE
solkeedy	Saatgutansatz vollständig erhitzt	SOL_SEED_PREP+K_HOT+EE_END+DY_FINISHED	Salzlösung vollständig erhitzt	PRODUCTIVE_COMPOUND	MEDIUM_EXACT_WHOLE	3	EXACT_WHITESPACE_DELIMITED_WHOLE	ACCEPT_V41_REPLACEABLE
techedy	kühle die vollständig getrocknete Droge ab	T_COLD+E_SEQUENCE+CHEDY_DRY_FINISHED	kalt-trockener Mittelzustand	LEARNED_ACTION_WHOLE	MEDIUM_EXACT_WHOLE	1	EXACT_WHITESPACE_DELIMITED_WHOLE	ACCEPT_V41_REPLACEABLE
chcthdy	trockne die Krautdroge vollständig	CH_DRY+CTH_HERB+DY_FINISHED	getrocknetes Arzneikompositum	LEARNED_ACTION_WHOLE	MEDIUM_EXACT_WHOLE	7	EXACT_WHITESPACE_DELIMITED_WHOLE	ACCEPT_V41_REPLACEABLE
cheolkain	erhitze den getrockneten Drogenstoff auf Stufe II	CHEOL_DRY_MATERIAL+K_HOT+A+IN_II	Trockenansatz, heiß auf Stufe II	LEARNED_ACTION_WHOLE	MEDIUM_EXACT_WHOLE	1	EXACT_WHITESPACE_DELIMITED_WHOLE	ACCEPT_V41_REPLACEABLE
rolkeedy	erhitze den Wurzelauszug vollständig	R_ROOT+OL_BASE+K_HOT+EE_END+DY_FINISHED	heiße Wurzeldroge ohne Auszug	LEARNED_ACTION_WHOLE	MEDIUM_EXACT_WHOLE	1	EXACT_WHITESPACE_DELIMITED_WHOLE	ACCEPT_V41_REPLACEABLE
ydair	davon zwei Teile der Fraktion	Y_REFERENCE+DAIR_MEASURED_FRACTION_II	Eintrag: abgemessene Fraktion II	PRODUCTIVE_COMPOUND	MEDIUM_EXACT_WHOLE	2	EXACT_WHITESPACE_DELIMITED_WHOLE	ACCEPT_V41_REPLACEABLE
olpchdy	fertiges Trockenpulver aus Holzdroge im Ansatz	O_PREP+L_WOOD+PCHDY_DRY_POWDER_FINISHED	fertiges Pulver in lexikalisierter Drogenbasis	PRODUCTIVE_COMPOUND	MEDIUM_EXACT_WHOLE	1	EXACT_WHITESPACE_DELIMITED_WHOLE	ACCEPT_V41_REPLACEABLE
ytas	nimm hierzu einen Teil kalte Droge	Y_REFERENCE+T_COLD+A_PART+S_DRUG	kalte Arzneispecies ohne Menge	ENTRY_COMPOSITE	MEDIUM_EXACT_WHOLE	1	EXACT_WHITESPACE_DELIMITED_WHOLE	ACCEPT_V41_REPLACEABLE
teody	kühle den Ansatz ab und schließe	T_COLD+E_MIDDLE+O_PREP+DY_FINISHED	kalter Gradzustand ohne Ansatz	LEARNED_ACTION_WHOLE	MEDIUM_EXACT_WHOLE	7	EXACT_WHITESPACE_DELIMITED_WHOLE	ACCEPT_V41_REPLACEABLE
chokain	erhitze den Trockenansatz auf Stufe II	CH_DRY+O_PREP+K_HOT+A+IN_II	heiß-trockene Droge II ohne Ansatz	LEARNED_ACTION_WHOLE	MEDIUM_EXACT_WHOLE	10	EXACT_WHITESPACE_DELIMITED_WHOLE	ACCEPT_V41_REPLACEABLE
qoeeeety	lasse den Ansatz vollständig abkühlen und ruhen	LEARNED_LONG_COOL_REST_ACTION	bloßer kalter Endgrad III	LEARNED_ACTION_WHOLE	LOW_EXPLORATORY	1	EXACT_WHITESPACE_DELIMITED_WHOLE	ACCEPT_V41_REPLACEABLE
qoeey	nimm die Endportion hinzu	LEARNED_END_PORTION_ADD_ACTION	lasse bis zur Endstufe stehen	LEARNED_ACTION_WHOLE	LOW_EXPLORATORY	12	EXACT_WHITESPACE_DELIMITED_WHOLE	ACCEPT_V41_REPLACEABLE
opol	Pulveransatz	O_PREP+POL_POWDER_MATERIAL	Pulverstoff ohne Ansatz	PRODUCTIVE_COMPOUND	MEDIUM_EXACT_WHOLE	3	EXACT_WHITESPACE_DELIMITED_WHOLE	ACCEPT_V41_REPLACEABLE
chean	leicht angetrocknete Droge	CH_DRY+E_MIDDLE+A+N_I	Trockenstufe I ohne Stoff	PRODUCTIVE_COMPOUND	MEDIUM_EXACT_WHOLE	2	EXACT_WHITESPACE_DELIMITED_WHOLE	ACCEPT_V41_REPLACEABLE
cheain	Droge bis zur Trockenstufe II	CH_DRY+E_MIDDLE+A+IN_II	Trockenstufe II ohne Stoff	PRODUCTIVE_COMPOUND	MEDIUM_EXACT_WHOLE	2	EXACT_WHITESPACE_DELIMITED_WHOLE	ACCEPT_V41_REPLACEABLE
chodey	Trockenansatz bis zur mittleren Stufe fertigstellen	CHO_DRY_PREP+DEY_MIDDLE_FINISH	bloß getrockneter Ansatz	LEARNED_ACTION_WHOLE	MEDIUM_EXACT_WHOLE	1	EXACT_WHITESPACE_DELIMITED_WHOLE	ACCEPT_V41_REPLACEABLE
okam	ein Maß heißen Ansatzes	O_PREP+K_HOT+AM_UNIT_I	eingekochter Ansatz ohne Reduktionssignal	PRODUCTIVE_COMPOUND	STRONG_PRACTICAL_OR_COMPOSITIONAL	27	EXACT_WHITESPACE_DELIMITED_WHOLE	ACCEPT_V41_REPLACEABLE
ctheor	eine Portion Krautdroge	CTH_HERB+E_MIDDLE+OR_PORTION	trockener Drogenteil ohne Krautwert	PRODUCTIVE_COMPOUND	MEDIUM_EXACT_WHOLE	4	EXACT_WHITESPACE_DELIMITED_WHOLE	ACCEPT_V41_REPLACEABLE
