surface	working_meaning_de	source	strength	scope_state	priority
a	je, zu gleichen Teilen	GDT662:EXACT_WHOLE	MEDIUM_EXACT_WHOLE	KNOWN_EXACT_WHOLE	225
aiiin	Menge-/Klassenwert IV	V13:VALUE_MINIM_SERIES	CONTEXTUAL_EXACT_SERIES	KNOWN_CONTEXT_LICENSED	55
aiil	Rohstoffklasse III	GDT655:NEW_EXACT_WHOLE	EXACT_WHOLE_DAL_AL_CONSOLIDATION	KNOWN_EXACT_WHOLE	152
aiin	Menge III	V13:TARGET_SURFACE_DEFAULT	NEW_V11_TARGET_DEFAULT	KNOWN_EXACT_WHOLE	80
aiinal	drei Teile Rohdroge I	GDT664:EXACT_WHOLE	MEDIUM_EXACT_WHOLE	KNOWN_EXACT_WHOLE	230
ail	Rohstoffklasse II	GDT655:NEW_EXACT_WHOLE	EXACT_WHOLE_DAL_AL_CONSOLIDATION	KNOWN_EXACT_WHOLE	152
ain	Menge-/Klassenwert II	V13:VALUE_MINIM_SERIES	CONTEXTUAL_EXACT_SERIES	KNOWN_CONTEXT_LICENSED	55
air	zweite Drogenfraktion	GDT664:EXACT_WHOLE	STRONG_PRACTICAL_OR_COMPOSITIONAL	KNOWN_EXACT_WHOLE	230
ajy	fülle ein Bündel ab und schließe	GDT664:EXACT_WHOLE	LOW_EXPLORATORY	KNOWN_EXACT_WHOLE	230
akaiin	heiße Rohstoffportion, Stufe III	GDT663:EXACT_WHOLE	MEDIUM_EXACT_WHOLE	KNOWN_EXACT_WHOLE	230
al	Rohstoffklasse I	GDT655:NEW_EXACT_WHOLE	EXACT_WHOLE_DAL_AL_CONSOLIDATION	KNOWN_EXACT_WHOLE	152
alchey	Rohstoff I, trocken in der Gradmitte	GDT661:EXACT_WHOLE	MEDIUM_EXACT_WHOLE	KNOWN_EXACT_WHOLE	220
aldy	Rohstoffklasse I, abgeschlossen	GDT655:NEW_EXACT_WHOLE	EXACT_WHOLE_DAL_AL_CONSOLIDATION	KNOWN_EXACT_WHOLE	152
alkal	Laugensalz / Alkali	GDT663:EXACT_WHOLE	LOW_EXPLORATORY	KNOWN_EXACT_WHOLE	230
aly	Rohstoffklasse I, Grundform	GDT655:NEW_EXACT_WHOLE	EXACT_WHOLE_DAL_AL_CONSOLIDATION	KNOWN_EXACT_WHOLE	152
am	Maßeinheit I	GDT661:EXACT_WHOLE	CONTEXT_STRONG	KNOWN_EXACT_WHOLE	220
an	Menge-/Klassenwert I	V13:VALUE_MINIM_SERIES	CONTEXTUAL_EXACT_SERIES	KNOWN_CONTEXT_LICENSED	55
ar	Drogenfraktion I	GDT654:NEW_EXACT_WHOLE	EXACT_WHOLE_AR_OR_CONSOLIDATION	KNOWN_EXACT_WHOLE	150
aral	Rohdrogenfraktion I	GDT662:EXACT_WHOLE	STRONG_PRACTICAL_OR_COMPOSITIONAL	KNOWN_EXACT_WHOLE	225
arol	Grundauszug, Fraktion I	GDT664:EXACT_WHOLE	MEDIUM_EXACT_WHOLE	KNOWN_EXACT_WHOLE	230
arolkeey	Drogenfraktion I, vollständig erhitzt	GDT663:EXACT_WHOLE	LOW_EXPLORATORY	KNOWN_EXACT_WHOLE	230
ary	Drogenfraktion I, abgeschlossen	GDT663:EXACT_WHOLE	MEDIUM_EXACT_WHOLE	KNOWN_EXACT_WHOLE	230
cfhar	Blütenfraktion I	GDT664:EXACT_WHOLE	LOW_EXPLORATORY	KNOWN_EXACT_WHOLE	230
ch	trockne	GDT664:CONTEXT_SHORT_DEFAULT	CONTEXT_READER_MERGE__FREE_DEFAULT_EXPLORATORY	KNOWN_CONTEXT_LICENSED	230
chaiiin	trocken, Grad IV	V13:QUALITY_DEGREE_SERIES	PRODUCTIVE_EXACT_SERIES	KNOWN_CONTEXT_LICENSED	70
chaiin	trocken, Grad III	V13:QUALITY_DEGREE_SERIES	PRODUCTIVE_EXACT_SERIES	KNOWN_CONTEXT_LICENSED	70
chain	trocken, Grad II	V13:QUALITY_DEGREE_SERIES	PRODUCTIVE_EXACT_SERIES	KNOWN_CONTEXT_LICENSED	70
chakal	Rohstoff I, trocken-heiß am Gradanfang	GDT661:EXACT_WHOLE	LOW_EXPLORATORY	KNOWN_EXACT_WHOLE	220
chal	Rohstoffklasse I, trocken am Gradanfang	GDT656:NEW_EXACT_WHOLE	EXACT_WHOLE_AL_QUALITY_POSITION_SHELL	KNOWN_EXACT_WHOLE	154
chan	trocken, Grad I	V13:QUALITY_DEGREE_SERIES	PRODUCTIVE_EXACT_SERIES	KNOWN_CONTEXT_LICENSED	70
char	Trockenfraktion I	GDT663:EXACT_WHOLE	STRONG_PRACTICAL_OR_COMPOSITIONAL	KNOWN_EXACT_WHOLE	230
chckhal	trockenes Arzneikompositum, Rohstoffform I	GDT653:STRONG_LEARNED_HEAD_COMPOUND	EXACT_WHOLE_FAMILY_EXTENSION	KNOWN_EXACT_WHOLE	148
chckhd	trockenes Arzneikompositum, abgeschlossen	GDT661:EXACT_WHOLE	MEDIUM_EXACT_WHOLE	KNOWN_EXACT_WHOLE	220
chckhdy	Arzneikompositum: trocken, Gradanfang, abgeschlossen	GDT651:REVISED_FOUR_SHELL_CKH_GRID	EXACT_WHOLE_FAMILY_REVISION	KNOWN_EXACT_WHOLE	147
chckhedy	Arzneikompositum: trocken, Gradmitte, abgeschlossen	GDT651:REVISED_FOUR_SHELL_CKH_GRID	EXACT_WHOLE_FAMILY_REVISION	KNOWN_EXACT_WHOLE	147
chckheey	Arzneikompositum: trocken, Gradende	GDT651:REVISED_FOUR_SHELL_CKH_GRID	EXACT_WHOLE_FAMILY_REVISION	KNOWN_EXACT_WHOLE	147
chckhey	Arzneikompositum: trocken, Gradmitte	GDT651:REVISED_FOUR_SHELL_CKH_GRID	EXACT_WHOLE_FAMILY_REVISION	KNOWN_EXACT_WHOLE	147
chckhy	Arzneikompositum: trocken, Gradanfang	GDT651:REVISED_FOUR_SHELL_CKH_GRID	EXACT_WHOLE_FAMILY_REVISION	KNOWN_EXACT_WHOLE	147
chcthdy	trockne die Krautdroge vollständig	GDT664:EXACT_WHOLE	MEDIUM_EXACT_WHOLE	KNOWN_EXACT_WHOLE	230
chcthy	trockene CTH-Materialform; im Herbal trockenes Blatt-/Krautgut	V13:DRY_CTH_MATERIAL	NEW_PRIMARY_WORKING_WORD__SEMANTIC_PROVISIONAL	KNOWN_CONTEXT_LICENSED	60
chdal	trockene abgemessene Rohstoffmenge I am Gradanfang	GDT655:NEW_EXACT_WHOLE	EXACT_WHOLE_DAL_AL_CONSOLIDATION	KNOWN_EXACT_WHOLE	152
chdaly	trockene abgemessene Rohstoffmenge I am Gradanfang, Grundform	GDT655:REVISE_DAL_MODEL	EXACT_WHOLE_DAL_AL_CONSOLIDATION	KNOWN_EXACT_WHOLE	152
chdar	abgemessene Trockenfraktion I, Anfangsstufe	GDT663:EXACT_WHOLE	STRONG_PRACTICAL_OR_COMPOSITIONAL	KNOWN_EXACT_WHOLE	230
chdy	trocken am Anfang des Grades, abgeschlossen	GDT647:FAMILY_MIGRATION	EXACT_QUALITY_SUBDEGREE_FAMILY	KNOWN_EXACT_WHOLE	130
cheaiin	trocken im dritten Grad	GDT645:ROUND_04	EXACT_ZL3B_WHOLE_DOWNSTREAM_COMPLETION	KNOWN_EXACT_WHOLE	125
cheain	Droge bis zur Trockenstufe II	GDT664:EXACT_WHOLE	MEDIUM_EXACT_WHOLE	KNOWN_EXACT_WHOLE	230
cheal	Rohstoffklasse I, trocken in der Gradmitte	GDT656:NEW_EXACT_WHOLE	EXACT_WHOLE_AL_QUALITY_POSITION_SHELL	KNOWN_EXACT_WHOLE	154
chean	leicht angetrocknete Droge	GDT664:EXACT_WHOLE	MEDIUM_EXACT_WHOLE	KNOWN_EXACT_WHOLE	230
chear	trockene Fraktion I	GDT639:ROUND_05	EXACT_WHOLE_SURFACE_COMPONENT_REPAIR	KNOWN_EXACT_WHOLE	120
checkhdy	trockenes Arzneikompositum am Gradanfang, abgeschlossen	GDT651:PROVISIONAL_LOW_N_CKH_FAMILY	EXACT_WHOLE_FAMILY_EXTENSION	KNOWN_EXACT_WHOLE	147
checkhey	trockenes Arzneikompositum in der Gradmitte	GDT651:STRONG_LEARNED_CKH_FAMILY	EXACT_WHOLE_FAMILY_EXTENSION	KNOWN_EXACT_WHOLE	147
checkhy	trockenes Arzneikompositum am Gradanfang	GDT651:STRONG_LEARNED_CKH_FAMILY	EXACT_WHOLE_FAMILY_EXTENSION	KNOWN_EXACT_WHOLE	147
checthy	trockenes CTH-Drogenmaterial; im Herbal trockenes Blatt-/Krautgut	V13:DRY_BOUND_CTH_MATERIAL	REVISED_V10_CONCRETE_DEFAULT	KNOWN_CONTEXT_LICENSED	60
ched	Trockenstufe Mitte, abgeschlossen	GDT663:EXACT_WHOLE	MEDIUM_EXACT_WHOLE	KNOWN_EXACT_WHOLE	230
chedaiin	abgemessene Trockendroge, Dosis III	GDT663:EXACT_WHOLE	STRONG_PRACTICAL_OR_COMPOSITIONAL	KNOWN_EXACT_WHOLE	230
chedal	trockene abgemessene Rohstoffmenge I in der Gradmitte	GDT655:NEW_EXACT_WHOLE	EXACT_WHOLE_DAL_AL_CONSOLIDATION	KNOWN_EXACT_WHOLE	152
chedar	abgemessene Trockenfraktion I, Mittelstufe	GDT663:EXACT_WHOLE	STRONG_PRACTICAL_OR_COMPOSITIONAL	KNOWN_EXACT_WHOLE	230
chedy	trocken in der Mitte des Grades, abgeschlossen	GDT647:FAMILY_MIGRATION	EXACT_QUALITY_SUBDEGREE_FAMILY	KNOWN_EXACT_WHOLE	130
chedyqokam	eine Maßeinheit heiß getrocknete Droge	GDT663:EXACT_WHOLE	MEDIUM_EXACT_WHOLE	KNOWN_EXACT_WHOLE	230
chee	vollständig getrocknet	GDT662:EXACT_WHOLE	MEDIUM_EXACT_WHOLE	KNOWN_EXACT_WHOLE	225
cheeal	Rohstoffklasse I, trocken am Gradende	GDT656:NEW_EXACT_WHOLE	EXACT_WHOLE_AL_QUALITY_POSITION_SHELL	KNOWN_EXACT_WHOLE	154
cheecthy	trockenes Blatt-/Krautgut mit erweiterter Bindungsstufe II	V13:DRY_EXTENDED_BOUND_CTH	NEW_V10_CONCRETE_DEFAULT	KNOWN_CONTEXT_LICENSED	60
cheedy	trocken am Ende des Grades, abgeschlossen	GDT647:FAMILY_MIGRATION	EXACT_QUALITY_SUBDEGREE_FAMILY	KNOWN_EXACT_WHOLE	130
cheeky	trocken am Gradende, dann heiß am Gradanfang	GDT661:EXACT_WHOLE	STRONG_FAMILY_COMPOSITION	KNOWN_EXACT_WHOLE	220
cheeoldy	vollständig getrockneter Drogenstoff, fertig	GDT662:EXACT_WHOLE	LOW_EXPLORATORY	KNOWN_EXACT_WHOLE	225
chees	vollständig getrocknete Kräutermischung	GDT664:EXACT_WHOLE	STRONG_PRACTICAL_OR_COMPOSITIONAL	KNOWN_EXACT_WHOLE	230
cheey	trocken am Ende des Grades	GDT647:FAMILY_MIGRATION	EXACT_QUALITY_SUBDEGREE_FAMILY	KNOWN_EXACT_WHOLE	130
cheeytal	Rohstoffklasse I: trocken am Gradende, kalt am Gradanfang	GDT660:EXACT_WHOLE	PROVISIONAL_CONCRETE_EXACT_WHOLE	KNOWN_EXACT_WHOLE	210
chekal	Rohstoffklasse I: trocken in der Gradmitte; heiß am Gradanfang	GDT657:EXACT_ORDERED_WHOLE	EXACT_WHOLE_MULTI_QUALITY_AL_ORDER	KNOWN_EXACT_WHOLE	155
cheky	bis zur mittleren Trockenstufe, dann leicht erhitzen	GDT664:EXACT_WHOLE	STRONG_PRACTICAL_OR_COMPOSITIONAL	KNOWN_EXACT_WHOLE	230
cheo	trocken angesetzte Zubereitung	V13:TARGET_SURFACE_DEFAULT	NEW_V11_TARGET_DEFAULT	KNOWN_EXACT_WHOLE	80
cheoal	trocken angesetzte Zubereitung aus Rohstoffklasse I	GDT657:EXACT_PREPARATION_HEAD_WHOLE	EXACT_WHOLE_MULTI_QUALITY_AL_ORDER	KNOWN_EXACT_WHOLE	155
cheockhey	trocken angesetztes Arzneikompositum in der Gradmitte	GDT652:PROVISIONAL_LOW_N_COMPONENT_GRID	EXACT_WHOLE_FAMILY_EXTENSION	KNOWN_EXACT_WHOLE	148
cheockhy	trocken angesetztes Arzneikompositum am Gradanfang	GDT652:STRONG_COMPONENT_GRID	EXACT_WHOLE_FAMILY_EXTENSION	KNOWN_EXACT_WHOLE	148
cheocthey	trockene Drogenzubereitung, Form I	V13:TARGET_SURFACE_DEFAULT	NEW_V11_TARGET_DEFAULT	KNOWN_EXACT_WHOLE	80
cheocthy	attributiv trockene CTH-Drogenzubereitung	V13:DRY_BOUND_CTH_PREPARATION	REVISED_V10_CONCRETE_DEFAULT	KNOWN_CONTEXT_LICENSED	60
cheodain	Trockenansatz, Dosis II	GDT643:ROUND_01	EXACT_ZL3B_WHOLE_EXPOSED_HOLE	KNOWN_EXACT_WHOLE	124
cheody	getrockneter Ansatz	V13:TARGET_SURFACE_DEFAULT	NEW_V11_TARGET_DEFAULT	KNOWN_EXACT_WHOLE	80
cheokal	trocken angesetzte Zubereitung aus heißem Rohstoff Klasse I am Gradanfang	GDT657:EXACT_PREPARATION_HEAD_WHOLE	EXACT_WHOLE_MULTI_QUALITY_AL_ORDER	KNOWN_EXACT_WHOLE	155
cheokedy	trocken angesetzte heiße Zubereitung in der Gradmitte, abgeschlossen	GDT652:PROVISIONAL_LOW_N_COMPONENT_GRID	EXACT_WHOLE_FAMILY_EXTENSION	KNOWN_EXACT_WHOLE	148
cheokeey	trocken angesetzte heiße Zubereitung am Gradende	GDT652:STRONG_COMPONENT_GRID	EXACT_WHOLE_FAMILY_EXTENSION	KNOWN_EXACT_WHOLE	148
cheokey	trocken angesetzte heiße Zubereitung in der Gradmitte	GDT652:PROVISIONAL_LOW_N_COMPONENT_GRID	EXACT_WHOLE_FAMILY_EXTENSION	KNOWN_EXACT_WHOLE	148
cheoky	trocken angesetzte heiße Zubereitung am Gradanfang	GDT652:STRONG_COMPONENT_GRID	EXACT_WHOLE_FAMILY_EXTENSION	KNOWN_EXACT_WHOLE	148
cheol	trockener Drogenstoff	GDT642:ROUND_01	EXACT_WHOLE_E_OL_OR_CARRIER	KNOWN_EXACT_WHOLE	123
cheolchey	trockenen Drogenstoff bis Mittelstufe nachtrocknen	GDT664:EXACT_WHOLE	MEDIUM_EXACT_WHOLE	KNOWN_EXACT_WHOLE	230
cheolkain	erhitze den getrockneten Drogenstoff auf Stufe II	GDT664:EXACT_WHOLE	MEDIUM_EXACT_WHOLE	KNOWN_EXACT_WHOLE	230
cheor	trockener Drogenteil	GDT642:ROUND_02	EXACT_WHOLE_E_OL_OR_CARRIER	KNOWN_EXACT_WHOLE	123
cheotchey	Trockenansatz bis zur mittleren Kühlstufe	GDT664:EXACT_WHOLE	MEDIUM_EXACT_WHOLE	KNOWN_EXACT_WHOLE	230
cheoty	trocken angesetzte kalte Zubereitung am Gradanfang	GDT660:EXACT_WHOLE	PROVISIONAL_CONCRETE_EXACT_WHOLE	KNOWN_EXACT_WHOLE	210
chep	trockenes Pulver	V13:TARGET_SURFACE_DEFAULT	NEW_V11_TARGET_DEFAULT	KNOWN_EXACT_WHOLE	80
chery	getrocknete Rohwurzel	GDT664:EXACT_WHOLE	MEDIUM_EXACT_WHOLE	KNOWN_EXACT_WHOLE	230
ches	trockenes Drogenmaterial, Mittelstufe	GDT661:EXACT_WHOLE	MEDIUM_EXACT_WHOLE	KNOWN_EXACT_WHOLE	220
chetchy	getrocknete Droge; kalt-trocken, Grundform	GDT641:ROUND_02	EXACT_WHOLE_SURFACE_TCH_COMPLETION	KNOWN_EXACT_WHOLE	122
chety	trocken-kalte gebundene Form	V13:TARGET_SURFACE_DEFAULT	NEW_V11_TARGET_DEFAULT	KNOWN_EXACT_WHOLE	80
chetyry	getrocknete, abgekühlte Rohwurzel	GDT663:EXACT_WHOLE	LOW_EXPLORATORY	KNOWN_EXACT_WHOLE	230
chey	trocken in der Mitte des Grades	GDT647:FAMILY_MIGRATION	EXACT_QUALITY_SUBDEGREE_FAMILY	KNOWN_EXACT_WHOLE	130
cheyet	getrocknete, abgekühlte Wurzel	GDT662:EXACT_WHOLE	LOW_EXPLORATORY	KNOWN_EXACT_WHOLE	225
chkag	ein Gran trocken-heiße Droge	GDT664:EXACT_WHOLE	LOW_EXPLORATORY	KNOWN_EXACT_WHOLE	230
chkaiin	heiß-trocken, Grad III	GDT638:ROUND_08	EXACT_WHOLE_SURFACE_PROMOTION	KNOWN_EXACT_WHOLE	110
chkain	trocken-heiß, Stufe II	GDT663:EXACT_WHOLE	STRONG_PRACTICAL_OR_COMPOSITIONAL	KNOWN_EXACT_WHOLE	230
chkal	Rohstoffklasse I, trocken-heiß am Gradanfang	GDT657:EXACT_ORDERED_WHOLE	EXACT_WHOLE_MULTI_QUALITY_AL_ORDER	KNOWN_EXACT_WHOLE	155
chkaly	Rohdroge I leicht trocknen und erhitzen	GDT664:EXACT_WHOLE	MEDIUM_EXACT_WHOLE	KNOWN_EXACT_WHOLE	230
chkey	trocken-heiß in der Mittelstufe	GDT662:EXACT_WHOLE	MEDIUM_EXACT_WHOLE	KNOWN_EXACT_WHOLE	225
chl	trocknen	GDT662:EXACT_WHOLE	STRONG_PRACTICAL_OR_COMPOSITIONAL	KNOWN_EXACT_WHOLE	225
cho	Trockenansatz	GDT661:EXACT_WHOLE	CONTEXT_STRONG	KNOWN_EXACT_WHOLE	220
choal	Trockenansatz aus Rohstoffklasse I	GDT657:READER_UNSTABLE_PREDICTED_COMPOUND	EXACT_WHOLE_MULTI_QUALITY_AL_ORDER	KNOWN_EXACT_WHOLE	155
choar	Trockenansatz, Fraktion I	GDT664:EXACT_WHOLE	MEDIUM_EXACT_WHOLE	KNOWN_EXACT_WHOLE	230
chockhedy	Arzneikompositum im Trockenansatz in der Gradmitte, abgeschlossen	GDT652:PROVISIONAL_LOW_N_COMPONENT_GRID	EXACT_WHOLE_FAMILY_EXTENSION	KNOWN_EXACT_WHOLE	148
chockhey	Arzneikompositum im Trockenansatz in der Gradmitte	GDT652:STRONG_COMPONENT_GRID	EXACT_WHOLE_FAMILY_EXTENSION	KNOWN_EXACT_WHOLE	148
chockhy	Arzneikompositum im Trockenansatz am Gradanfang	GDT652:STRONG_COMPONENT_GRID	EXACT_WHOLE_FAMILY_EXTENSION	KNOWN_EXACT_WHOLE	148
chocthy	trockene CTH-Drogenzubereitung; im Herbal trockene Blatt-/Krautzubereitung	V13:DRY_CTH_PREPARATION	REVISED_V10_CONCRETE_DEFAULT	KNOWN_CONTEXT_LICENSED	60
chodaiin	Trockenansatz, Dosis III	GDT664:EXACT_WHOLE	STRONG_PRACTICAL_OR_COMPOSITIONAL	KNOWN_EXACT_WHOLE	230
chodey	Trockenansatz bis zur mittleren Stufe fertigstellen	GDT664:EXACT_WHOLE	MEDIUM_EXACT_WHOLE	KNOWN_EXACT_WHOLE	230
chody	Trockenansatz, abgeschlossen	GDT663:EXACT_WHOLE	STRONG_PRACTICAL_OR_COMPOSITIONAL	KNOWN_EXACT_WHOLE	230
choiin	trockene Zubereitungsform III	GDT638:ROUND_02	EXACT_WHOLE_SURFACE_PROMOTION	KNOWN_EXACT_WHOLE	110
chokaiin	Trockenansatz, heiß auf Stufe III	GDT663:EXACT_WHOLE	STRONG_PRACTICAL_OR_COMPOSITIONAL	KNOWN_EXACT_WHOLE	230
chokain	erhitze den Trockenansatz auf Stufe II	GDT664:EXACT_WHOLE	MEDIUM_EXACT_WHOLE	KNOWN_EXACT_WHOLE	230
chokal	Trockenansatz aus heißem Rohstoff Klasse I am Gradanfang	GDT657:EXACT_ORDERED_WHOLE	EXACT_WHOLE_MULTI_QUALITY_AL_ORDER	KNOWN_EXACT_WHOLE	155
chokcheo	Trockenansatz aus heißem Trockenpräparat	GDT658:EXACT_NESTED_PREPARATION_WHOLE	EXACT_WHOLE_RESIDUAL_CONCRETE_COMPLETION	KNOWN_EXACT_WHOLE	156
chokchy	Trockenansatz: heiß-trockene Grundform	GDT644:ROUND_03	EXACT_ZL3B_WHOLE_DOWNSTREAM_COMPLETION	KNOWN_EXACT_WHOLE	125
chokedy	heiß-trockener Ansatz in der Gradmitte, abgeschlossen	GDT652:STRONG_COMPONENT_GRID	EXACT_WHOLE_FAMILY_EXTENSION	KNOWN_EXACT_WHOLE	148
chokeedy	heiß-trockener Ansatz am Gradende, abgeschlossen	GDT652:PROVISIONAL_LOW_N_COMPONENT_GRID	EXACT_WHOLE_FAMILY_EXTENSION	KNOWN_EXACT_WHOLE	148
chokeey	heiß-trockener Ansatz am Gradende	GDT652:STRONG_COMPONENT_GRID	EXACT_WHOLE_FAMILY_EXTENSION	KNOWN_EXACT_WHOLE	148
chokey	heiß-trockener Ansatz in der Gradmitte	GDT652:STRONG_COMPONENT_GRID	EXACT_WHOLE_FAMILY_EXTENSION	KNOWN_EXACT_WHOLE	148
chokolg	ein Gran heißen Trockenabsud	GDT664:EXACT_WHOLE	LOW_EXPLORATORY	KNOWN_EXACT_WHOLE	230
choky	heiß-trockene Zubereitung, Grundform	GDT643:ROUND_03	EXACT_ZL3B_WHOLE_EXPOSED_HOLE	KNOWN_EXACT_WHOLE	124
chol	trocken; nominal trockenes Gut/Material	V13:DRY_OL_FORM	NEW_PRIMARY_DEFAULT	KNOWN_CONTEXT_LICENSED	60
cholaiin	trocken, Grad III	V13:DIRECT_QUALITY_VALUE	NEW_CONCRETE_READING	KNOWN_CONTEXT_LICENSED	60
cholchey	nachgetrocknete Droge, Mittelstufe	GDT663:EXACT_WHOLE	MEDIUM_EXACT_WHOLE	KNOWN_EXACT_WHOLE	230
choldaiin	trocken, Grad III	V13:FUSED_FREE_VALUE	NEW_CONCRETE_READING	KNOWN_CONTEXT_LICENSED	60
choldy	fertig getrocknete Droge	GDT662:EXACT_WHOLE	STRONG_PRACTICAL_OR_COMPOSITIONAL	KNOWN_EXACT_WHOLE	225
cholkaiin	Trockengut, heiß im dritten Grad	GDT648:STRICT_WHOLE_COMPLETION	EXACT_WHOLE_COMPOSITIONAL_COMPLETION	KNOWN_EXACT_WHOLE	140
cholkar	Trockengut: heiße Fraktion I	GDT660:EXACT_WHOLE	PROVISIONAL_CONCRETE_EXACT_WHOLE	KNOWN_EXACT_WHOLE	210
cholor	trockene Zutat	GDT650:PROVISIONAL_BOUNDARY_FAMILY	EXACT_WHOLE_FAMILY_EXTENSION	KNOWN_EXACT_WHOLE	145
choly	Trockenrückstand	GDT663:EXACT_WHOLE	STRONG_PRACTICAL_OR_COMPOSITIONAL	KNOWN_EXACT_WHOLE	230
chor	Pflanzen-/Reproduktionsteil	V13:PART_OR_FORM	INHERITED_CONTEXT_SPLIT	KNOWN_CONTEXT_LICENSED	60
choraiin	Blüten-/Pflanzenteil, Menge/Klasse III	V13:PART_VALUE_SERIES	PRODUCTIVE_EXACT_SERIES	KNOWN_CONTEXT_LICENSED	70
chorain	Blüten-/Pflanzenteil, Menge/Klasse II	V13:PART_VALUE_SERIES	PRODUCTIVE_EXACT_SERIES	KNOWN_CONTEXT_LICENSED	70
choraly	roher Pflanzenteil, Klasse I	GDT662:EXACT_WHOLE	LOW_EXPLORATORY	KNOWN_EXACT_WHOLE	225
chorar	Pflanzenteil-Fraktion I	GDT664:EXACT_WHOLE	MEDIUM_EXACT_WHOLE	KNOWN_EXACT_WHOLE	230
choror	Portion Blüten- oder Fruchtdroge	GDT664:EXACT_WHOLE	MEDIUM_EXACT_WHOLE	KNOWN_EXACT_WHOLE	230
choross	Pflanzenteil als fertige Arzneispecies	GDT663:EXACT_WHOLE	LOW_EXPLORATORY	KNOWN_EXACT_WHOLE	230
chotaiin	trockene Zubereitung: kalt, Grad III	GDT639:ROUND_03	EXACT_WHOLE_SURFACE_COMPONENT_REPAIR	KNOWN_EXACT_WHOLE	120
chotal	Trockenansatz aus kaltem Rohstoff Klasse I am Gradanfang	GDT657:EXACT_ORDERED_WHOLE	EXACT_WHOLE_MULTI_QUALITY_AL_ORDER	KNOWN_EXACT_WHOLE	155
chotcheol	Trockenansatz aus kalt-trockenem Drogenstoff	GDT640:ROUND_04	EXACT_WHOLE_SURFACE_DOWNSTREAM_PREDICTION	KNOWN_EXACT_WHOLE	121
chotol	Trockenansatz aus kaltem Material	GDT661:EXACT_WHOLE	STRONG_FAMILY_COMPOSITION	KNOWN_EXACT_WHOLE	220
choty	kalter Trockenansatz	GDT662:EXACT_WHOLE	STRONG_PRACTICAL_OR_COMPOSITIONAL	KNOWN_EXACT_WHOLE	225
chs	Trockengut, Grundform	GDT661:EXACT_WHOLE	MEDIUM_EXACT_WHOLE	KNOWN_EXACT_WHOLE	220
chsy	getrocknetes Saatgut	GDT664:EXACT_WHOLE	MEDIUM_EXACT_WHOLE	KNOWN_EXACT_WHOLE	230
chtain	kalt-trocken, Grad II	GDT638:ROUND_09	EXACT_WHOLE_SURFACE_PROMOTION	KNOWN_EXACT_WHOLE	110
chtal	Rohstoffklasse I, trocken-kalt am Gradanfang	GDT657:EXACT_ORDERED_WHOLE	EXACT_WHOLE_MULTI_QUALITY_AL_ORDER	KNOWN_EXACT_WHOLE	155
chty	trocken-kalt am Gradanfang	GDT661:EXACT_WHOLE	STRONG_FAMILY_COMPOSITION	KNOWN_EXACT_WHOLE	220
chy	trocken am Anfang des Grades	GDT647:FAMILY_MIGRATION	EXACT_QUALITY_SUBDEGREE_FAMILY	KNOWN_EXACT_WHOLE	130
chyky	trocken-heiß, Grundstufe	GDT663:EXACT_WHOLE	MEDIUM_EXACT_WHOLE	KNOWN_EXACT_WHOLE	230
chyty	nach dem Trocknen leicht kühlen	GDT664:EXACT_WHOLE	MEDIUM_EXACT_WHOLE	KNOWN_EXACT_WHOLE	230
ckhal	Arzneikompositum, Rohstoffklasse I	GDT663:EXACT_WHOLE	MEDIUM_EXACT_WHOLE	KNOWN_EXACT_WHOLE	230
ckhdy	Arzneikompositum am Gradanfang, abgeschlossen	GDT652:PROVISIONAL_LOW_N_CKH_FAMILY	EXACT_WHOLE_FAMILY_EXTENSION	KNOWN_EXACT_WHOLE	148
ckhedy	Arzneikompositum in der Gradmitte, abgeschlossen	GDT652:PROVISIONAL_LOW_N_CKH_FAMILY	EXACT_WHOLE_FAMILY_EXTENSION	KNOWN_EXACT_WHOLE	148
ckheey	Arzneikompositum am Gradende	GDT652:STRONG_NEUTRAL_CKH_FAMILY	EXACT_WHOLE_FAMILY_EXTENSION	KNOWN_EXACT_WHOLE	148
ckheody	fertiger Ansatz eines Arzneikompositums	GDT663:EXACT_WHOLE	STRONG_PRACTICAL_OR_COMPOSITIONAL	KNOWN_EXACT_WHOLE	230
ckhey	Arzneikompositum in der Gradmitte	GDT652:STRONG_NEUTRAL_CKH_FAMILY	EXACT_WHOLE_FAMILY_EXTENSION	KNOWN_EXACT_WHOLE	148
ckhor	Portion Arzneikompositum	GDT663:EXACT_WHOLE	MEDIUM_EXACT_WHOLE	KNOWN_EXACT_WHOLE	230
ckhy	Arzneikompositum am Gradanfang	GDT652:STRONG_NEUTRAL_CKH_FAMILY	EXACT_WHOLE_FAMILY_EXTENSION	KNOWN_EXACT_WHOLE	148
cthaiin	Blatt-/Krautgut, Menge/Klasse III	V13:PART_VALUE_SERIES	PRODUCTIVE_EXACT_SERIES	KNOWN_CONTEXT_LICENSED	70
cthain	Blatt-/Krautgut, Menge/Klasse II	V13:PART_VALUE_SERIES	PRODUCTIVE_EXACT_SERIES	KNOWN_CONTEXT_LICENSED	70
cthan	Blatt-/Krautgut, Menge/Klasse I	V13:PART_VALUE_SERIES	PRODUCTIVE_EXACT_SERIES	KNOWN_CONTEXT_LICENSED	70
cthar	CTH-Drogenfraktion I; im Herbal Blatt-/Krautfraktion I	GDT639:ROUND_04	EXACT_WHOLE_SURFACE_COMPONENT_REPAIR	KNOWN_EXACT_WHOLE	120
ctheey	CTH-Drogenmaterial, Form II	V13:TARGET_SURFACE_DEFAULT	NEW_V11_TARGET_DEFAULT	KNOWN_EXACT_WHOLE	80
ctheor	eine Portion Krautdroge	GDT664:EXACT_WHOLE	MEDIUM_EXACT_WHOLE	KNOWN_EXACT_WHOLE	230
cthey	CTH-Drogenmaterial, Form I; im Herbal Blatt-/Krautdroge, Form I	GDT638:ROUND_03	EXACT_WHOLE_SURFACE_PROMOTION	KNOWN_EXACT_WHOLE	110
ctho	Krautansatz	GDT662:EXACT_WHOLE	STRONG_PRACTICAL_OR_COMPOSITIONAL	KNOWN_EXACT_WHOLE	225
cthod	gieße den Krautansatz ab	GDT664:EXACT_WHOLE	MEDIUM_EXACT_WHOLE	KNOWN_EXACT_WHOLE	230
cthodd	fertiger Krautabsud	GDT662:EXACT_WHOLE	LOW_EXPLORATORY	KNOWN_EXACT_WHOLE	225
cthoiin	Blatt-/Krautzubereitung, Form III	GDT638:ROUND_01	EXACT_WHOLE_SURFACE_PROMOTION	KNOWN_EXACT_WHOLE	110
cthoj	ein Bündel Kraut	GDT663:EXACT_WHOLE	LOW_EXPLORATORY	KNOWN_EXACT_WHOLE	230
cthol	CTH-Drogenstoff; im Kräuterbuch Blatt- oder Krautdroge	GDT644:ROUND_02	EXACT_ZL3B_WHOLE_DOWNSTREAM_COMPLETION	KNOWN_EXACT_WHOLE	125
ctholy	Blatt-/Krautdroge, Grundform	GDT661:EXACT_WHOLE	STRONG_FAMILY_COMPOSITION	KNOWN_EXACT_WHOLE	220
cthom	eine Handvoll Blatt- oder Krautansatz	GDT645:ROUND_05	EXACT_ZL3B_WHOLE_DOWNSTREAM_COMPLETION	KNOWN_EXACT_WHOLE	125
cthor	Drogenteil/-portion; im Herbal Portion Blatt-/Krautdroge	GDT638:ROUND_04	EXACT_WHOLE_SURFACE_PROMOTION	KNOWN_EXACT_WHOLE	110
cthorchy	Portion Krautdroge, leicht angetrocknet	GDT664:EXACT_WHOLE	MEDIUM_EXACT_WHOLE	KNOWN_EXACT_WHOLE	230
cthory	Portion Blatt- oder Krautdroge	GDT663:EXACT_WHOLE	MEDIUM_EXACT_WHOLE	KNOWN_EXACT_WHOLE	230
cthosg	Krautrückstand	GDT663:EXACT_WHOLE	LOW_EXPLORATORY	KNOWN_EXACT_WHOLE	230
cthy	CTH-Drogenmaterial	V13:TARGET_SURFACE_DEFAULT	NEW_V11_TARGET_DEFAULT	KNOWN_EXACT_WHOLE	80
daiidy	drei Maße, vollständig abgeteilt	GDT664:EXACT_WHOLE	MEDIUM_EXACT_WHOLE	KNOWN_EXACT_WHOLE	230
daiiin	Grad-/Maßwert IV	V13:CONTEXTUAL_VALUE_SERIES	CONTEXTUAL_EXACT_SERIES	KNOWN_CONTEXT_LICENSED	70
daiil	abgemessene Rohstoffmenge III	GDT655:READER_UNSTABLE_COMPOSITIONAL_WHOLE	READER_UNSTABLE_COMPOSITIONAL_WHOLE	KNOWN_ZL3B_PREDICTED_WHOLE_READER_UNSTABLE	151
daiin	Grad-/Maßwert III	V13:CONTEXTUAL_VALUE_SERIES	CONTEXTUAL_EXACT_SERIES	KNOWN_CONTEXT_LICENSED	70
daiindy	drei Maße, abgeteilt und abgeschlossen	GDT664:EXACT_WHOLE	MEDIUM_EXACT_WHOLE	KNOWN_EXACT_WHOLE	230
daiir	abgemessene Fraktion III	GDT649:STRONG_FAMILY_DEFAULT	EXACT_WHOLE_FAMILY_EXTENSION	KNOWN_EXACT_WHOLE	145
dail	abgemessene Rohstoffmenge II	GDT655:NEW_EXACT_WHOLE	EXACT_WHOLE_DAL_AL_CONSOLIDATION	KNOWN_EXACT_WHOLE	152
dain	Grad-/Maßwert II	V13:CONTEXTUAL_VALUE_SERIES	CONTEXTUAL_EXACT_SERIES	KNOWN_CONTEXT_LICENSED	70
dair	abgemessene Fraktion II	GDT649:STRONG_FAMILY_DEFAULT	EXACT_WHOLE_FAMILY_EXTENSION	KNOWN_EXACT_WHOLE	145
dairodg	abgemessene Fraktion II, als Zubereitung abgeschlossen	GDT649:EXPLORATORY_LEARNED_WHOLE	EXACT_WHOLE_FAMILY_EXTENSION	KNOWN_EXACT_WHOLE	145
dal	abgemessene Rohstoffmenge I	GDT655:NEW_EXACT_WHOLE	EXACT_WHOLE_DAL_AL_CONSOLIDATION	KNOWN_EXACT_WHOLE	152
dalam	ein Maß Rohdroge I	GDT664:EXACT_WHOLE	MEDIUM_EXACT_WHOLE	KNOWN_EXACT_WHOLE	230
dalchedy	abgemessener Rohstoff I, trocken in der Gradmitte, abgeschlossen	GDT661:EXACT_WHOLE	STRONG_FAMILY_COMPOSITION	KNOWN_EXACT_WHOLE	220
daldy	abgemessene Rohstoffmenge I, abgeschlossen	GDT655:NEW_EXACT_WHOLE	EXACT_WHOLE_DAL_AL_CONSOLIDATION	KNOWN_EXACT_WHOLE	152
daltedy	abgekühltes Material	V13:TARGET_SURFACE_DEFAULT	NEW_V11_TARGET_DEFAULT	KNOWN_EXACT_WHOLE	80
daly	abgemessene Rohstoffmenge I, Grundform	GDT655:NEW_EXACT_WHOLE	EXACT_WHOLE_DAL_AL_CONSOLIDATION	KNOWN_EXACT_WHOLE	152
dam	Dosis I	GDT661:EXACT_WHOLE	CONTEXT_STRONG	KNOWN_EXACT_WHOLE	220
dan	Grad-/Maßwert I	V13:CONTEXTUAL_VALUE_SERIES	CONTEXTUAL_EXACT_SERIES	KNOWN_CONTEXT_LICENSED	70
dar	abgemessene Fraktion I	GDT649:STRONG_FAMILY_DEFAULT	EXACT_WHOLE_FAMILY_EXTENSION	KNOWN_EXACT_WHOLE	145
dara	eine gleiche Menge der ersten Fraktion	GDT664:EXACT_WHOLE	MEDIUM_EXACT_WHOLE	KNOWN_EXACT_WHOLE	230
daram	ein Maß Fraktion I	GDT664:EXACT_WHOLE	MEDIUM_EXACT_WHOLE	KNOWN_EXACT_WHOLE	230
darshy	abgemessene Fraktion I, leicht angefeuchtet	GDT664:EXACT_WHOLE	MEDIUM_EXACT_WHOLE	KNOWN_EXACT_WHOLE	230
dary	abgemessene Fraktion I, abgeschlossen	GDT663:EXACT_WHOLE	STRONG_PRACTICAL_OR_COMPOSITIONAL	KNOWN_EXACT_WHOLE	230
dchaiin	abgemessene Trockendroge, Grad III	GDT662:EXACT_WHOLE	MEDIUM_EXACT_WHOLE	KNOWN_EXACT_WHOLE	225
dchedy	abgemessene Trockendroge, fertig	GDT662:EXACT_WHOLE	STRONG_PRACTICAL_OR_COMPOSITIONAL	KNOWN_EXACT_WHOLE	225
dchokol	abgemessener heißer Trockenansatz	GDT663:EXACT_WHOLE	MEDIUM_EXACT_WHOLE	KNOWN_EXACT_WHOLE	230
dchol	Maß trockenen Materials	GDT639:ROUND_02	EXACT_WHOLE_SURFACE_COMPONENT_REPAIR	KNOWN_EXACT_WHOLE	120
dcholdy	eine Dosis fertig getrocknete Droge	GDT664:EXACT_WHOLE	MEDIUM_EXACT_WHOLE	KNOWN_EXACT_WHOLE	230
dchor	abgemessener Pflanzenteil	GDT663:EXACT_WHOLE	STRONG_PRACTICAL_OR_COMPOSITIONAL	KNOWN_EXACT_WHOLE	230
dchy	Dosis Trockendroge, Grundform	GDT662:EXACT_WHOLE	STRONG_PRACTICAL_OR_COMPOSITIONAL	KNOWN_EXACT_WHOLE	225
deeeese	lange bis zur letzten Stufe ruhen lassen	GDT663:EXACT_WHOLE	LOW_EXPLORATORY	KNOWN_EXACT_WHOLE	230
dl	Rohstoffmaß	GDT661:EXACT_WHOLE	MEDIUM_EXACT_WHOLE	KNOWN_EXACT_WHOLE	220
dochod	eine Dosis abgeschlossener Trockenansatz	GDT664:EXACT_WHOLE	MEDIUM_EXACT_WHOLE	KNOWN_EXACT_WHOLE	230
doiin	Zubereitungsmaß, Form III	GDT638:ROUND_10	EXACT_WHOLE_SURFACE_PROMOTION	KNOWN_EXACT_WHOLE	110
dol	Materialmaß	GDT638:ROUND_11	EXACT_WHOLE_SURFACE_PROMOTION	KNOWN_EXACT_WHOLE	110
dolshedy	eingeweichtes Material	V13:TARGET_SURFACE_DEFAULT	NEW_V11_TARGET_DEFAULT	KNOWN_EXACT_WHOLE	80
doly	eine Dosis Abguss	GDT662:EXACT_WHOLE	MEDIUM_EXACT_WHOLE	KNOWN_EXACT_WHOLE	225
dory	abgemessene Portion	V13:TARGET_SURFACE_DEFAULT	NEW_V11_TARGET_DEFAULT	KNOWN_EXACT_WHOLE	80
dosg	eine Dosis Rückstand	GDT663:EXACT_WHOLE	LOW_EXPLORATORY	KNOWN_EXACT_WHOLE	230
dsheey	abgemessene, vollständig angefeuchtete Droge	GDT662:EXACT_WHOLE	STRONG_PRACTICAL_OR_COMPOSITIONAL	KNOWN_EXACT_WHOLE	225
dsheol	eine Dosis eingeweichte Droge	GDT664:EXACT_WHOLE	MEDIUM_EXACT_WHOLE	KNOWN_EXACT_WHOLE	230
dshor	abgemessene Blüten-/Fruchtdroge	GDT661:EXACT_WHOLE	STRONG_FAMILY_COMPOSITION	KNOWN_EXACT_WHOLE	220
dshy	eine Dosis leicht angefeuchtete Droge	GDT664:EXACT_WHOLE	MEDIUM_EXACT_WHOLE	KNOWN_EXACT_WHOLE	230
dykshy	danach heiß anfeuchten	GDT664:EXACT_WHOLE	MEDIUM_EXACT_WHOLE	KNOWN_EXACT_WHOLE	230
dytain	danach auf Kühlstufe II	GDT664:EXACT_WHOLE	MEDIUM_EXACT_WHOLE	KNOWN_EXACT_WHOLE	230
dytchor	danach eine kalt-trockene Drogenportion	GDT664:EXACT_WHOLE	MEDIUM_EXACT_WHOLE	KNOWN_EXACT_WHOLE	230
dytory	als kalte Portion abteilen	GDT662:EXACT_WHOLE	MEDIUM_EXACT_WHOLE	KNOWN_EXACT_WHOLE	225
dytshy	danach kalt-feucht ansetzen	GDT662:EXACT_WHOLE	LOW_EXPLORATORY	KNOWN_EXACT_WHOLE	225
ety	gekühlt	V13:TARGET_SURFACE_DEFAULT	NEW_V11_TARGET_DEFAULT	KNOWN_EXACT_WHOLE	80
ey	anschließend	GDT662:EXACT_WHOLE	STRONG_PRACTICAL_OR_COMPOSITIONAL	KNOWN_EXACT_WHOLE	225
far	Pflanzendroge	GDT662:EXACT_WHOLE	LOW_EXPLORATORY	KNOWN_EXACT_WHOLE	225
fshor	Blütendroge / Blütenstand	GDT663:EXACT_WHOLE	LOW_EXPLORATORY	KNOWN_EXACT_WHOLE	230
kaiiin	heiß, Grad IV	V13:QUALITY_DEGREE_SERIES	PRODUCTIVE_EXACT_SERIES	KNOWN_CONTEXT_LICENSED	70
kaiin	heiß, Grad III	V13:TARGET_SURFACE_DEFAULT	NEW_V11_TARGET_DEFAULT	KNOWN_EXACT_WHOLE	80
kain	heiß, Grad II	V13:QUALITY_DEGREE_SERIES	PRODUCTIVE_EXACT_SERIES	KNOWN_CONTEXT_LICENSED	70
kair	heiße Drogenfraktion II	GDT662:EXACT_WHOLE	STRONG_PRACTICAL_OR_COMPOSITIONAL	KNOWN_EXACT_WHOLE	225
kal	Rohstoffklasse I, heiß am Gradanfang	GDT656:NEW_EXACT_WHOLE	EXACT_WHOLE_AL_QUALITY_POSITION_SHELL	KNOWN_EXACT_WHOLE	154
kalol	heißer Rohstoff der ersten Klasse	GDT663:EXACT_WHOLE	MEDIUM_EXACT_WHOLE	KNOWN_EXACT_WHOLE	230
kan	heiß, Grad I	V13:QUALITY_DEGREE_SERIES	PRODUCTIVE_EXACT_SERIES	KNOWN_CONTEXT_LICENSED	70
kar	heiße Drogenfraktion I	GDT654:NEW_EXACT_WHOLE	EXACT_WHOLE_AR_OR_CONSOLIDATION	KNOWN_EXACT_WHOLE	150
kchain	heiß getrocknete Droge, Stufe II	GDT664:EXACT_WHOLE	MEDIUM_EXACT_WHOLE	KNOWN_EXACT_WHOLE	230
kchal	Rohstoffklasse I, heiß-trocken am Gradanfang	GDT657:EXACT_ORDERED_WHOLE	EXACT_WHOLE_MULTI_QUALITY_AL_ORDER	KNOWN_EXACT_WHOLE	155
kchar	heiße Trockenfraktion I	GDT661:EXACT_WHOLE	MEDIUM_EXACT_WHOLE	KNOWN_EXACT_WHOLE	220
kcharg	ein Gran erhitzte Trockenfraktion I	GDT664:EXACT_WHOLE	LOW_EXPLORATORY	KNOWN_EXACT_WHOLE	230
kchdy	heiß und trocken am Anfang des Grades, abgeschlossen	GDT647:FAMILY_MIGRATION	EXACT_QUALITY_SUBDEGREE_FAMILY	KNOWN_EXACT_WHOLE	130
kchedy	heiß und trocken in der Mitte des Grades, abgeschlossen	GDT647:FAMILY_MIGRATION	EXACT_QUALITY_SUBDEGREE_FAMILY	KNOWN_EXACT_WHOLE	130
kcheedy	heiß und trocken am Ende des Grades, abgeschlossen	GDT647:FAMILY_MIGRATION_READER_WARNING	ZL3B_QUALITY_SUBDEGREE_READER_WARNING	KNOWN_READER_VARIANT_WHOLE	130
kcheey	heiß und trocken am Ende des Grades	GDT647:FAMILY_MIGRATION	EXACT_QUALITY_SUBDEGREE_FAMILY	KNOWN_EXACT_WHOLE	130
kcheeytain	heiß-trocken bis Endstufe, danach kalt Grad II	GDT662:EXACT_WHOLE	LOW_EXPLORATORY	KNOWN_EXACT_WHOLE	225
kchey	heiß und trocken in der Mitte des Grades	GDT647:FAMILY_MIGRATION	EXACT_QUALITY_SUBDEGREE_FAMILY	KNOWN_EXACT_WHOLE	130
kcho	Zubereitung: heiß und trocken	GDT638:ROUND_07	EXACT_WHOLE_SURFACE_PROMOTION	KNOWN_EXACT_WHOLE	110
kchochaiin	Trockenansatz bis Stufe III erhitzt und getrocknet	GDT664:EXACT_WHOLE	MEDIUM_EXACT_WHOLE	KNOWN_EXACT_WHOLE	230
kchor	Drogenportion, heiß-trocken	GDT660:EXACT_WHOLE	PROVISIONAL_CONCRETE_EXACT_WHOLE	KNOWN_EXACT_WHOLE	210
kchy	heiß und trocken am Anfang des Grades	GDT647:FAMILY_MIGRATION	EXACT_QUALITY_SUBDEGREE_FAMILY	KNOWN_EXACT_WHOLE	130
ked	Erhitzung auf Mittelstufe abgeschlossen	GDT664:EXACT_WHOLE	MEDIUM_EXACT_WHOLE	KNOWN_EXACT_WHOLE	230
kedy	heiß in der Mitte des Grades, abgeschlossen	GDT647:FAMILY_MIGRATION	EXACT_QUALITY_SUBDEGREE_FAMILY	KNOWN_EXACT_WHOLE	130
keear	erste Drogenfraktion vollständig erhitzt	GDT664:EXACT_WHOLE	MEDIUM_EXACT_WHOLE	KNOWN_EXACT_WHOLE	230
keed	Erhitzung bis Endstufe abgeschlossen	GDT663:EXACT_WHOLE	MEDIUM_EXACT_WHOLE	KNOWN_EXACT_WHOLE	230
keedy	heiß am Ende des Grades, abgeschlossen	GDT647:FAMILY_MIGRATION	EXACT_QUALITY_SUBDEGREE_FAMILY	KNOWN_EXACT_WHOLE	130
keeody	vollständig ausgekochter Ansatz	GDT663:EXACT_WHOLE	MEDIUM_EXACT_WHOLE	KNOWN_EXACT_WHOLE	230
keeol	stark erhitzter Drogenstoff	GDT662:EXACT_WHOLE	STRONG_PRACTICAL_OR_COMPOSITIONAL	KNOWN_EXACT_WHOLE	225
keey	heiß am Ende des Grades	GDT647:FAMILY_MIGRATION	EXACT_QUALITY_SUBDEGREE_FAMILY	KNOWN_EXACT_WHOLE	130
keol	heißer Drogenstoff	GDT648:STRICT_WHOLE_COMPLETION	EXACT_WHOLE_COMPOSITIONAL_COMPLETION	KNOWN_EXACT_WHOLE	140
keor	heiße Drogenportion	GDT661:EXACT_WHOLE	MEDIUM_EXACT_WHOLE	KNOWN_EXACT_WHOLE	220
key	heiß in der Mitte des Grades	GDT647:FAMILY_MIGRATION	EXACT_QUALITY_SUBDEGREE_FAMILY	KNOWN_EXACT_WHOLE	130
kochky	heißer Trockenansatz, Grundform	GDT662:EXACT_WHOLE	LOW_EXPLORATORY	KNOWN_EXACT_WHOLE	225
kodaiin	erhitzte Zubereitung, Dosis III	GDT661:EXACT_WHOLE	STRONG_FAMILY_COMPOSITION	KNOWN_EXACT_WHOLE	220
kol	heiß; nominal heißes Gut/Material	V13:HOT_OL_FORM	NEW_PRIMARY_DEFAULT	KNOWN_CONTEXT_LICENSED	60
kolschees	heiß getrocknete Arzneispecies	GDT662:EXACT_WHOLE	MEDIUM_EXACT_WHOLE	KNOWN_EXACT_WHOLE	225
kor	heiße Drogenportion	GDT654:NEW_EXACT_WHOLE	EXACT_WHOLE_AR_OR_CONSOLIDATION	KNOWN_EXACT_WHOLE	150
kshdy	heiß und feucht am Anfang des Grades, abgeschlossen	GDT647:FAMILY_MIGRATION	EXACT_QUALITY_SUBDEGREE_FAMILY	KNOWN_EXACT_WHOLE	130
kshedy	heiß und feucht in der Mitte des Grades, abgeschlossen	GDT647:FAMILY_MIGRATION	EXACT_QUALITY_SUBDEGREE_FAMILY	KNOWN_EXACT_WHOLE	130
ksheey	heiß und feucht am Ende des Grades	GDT647:FAMILY_MIGRATION	EXACT_QUALITY_SUBDEGREE_FAMILY	KNOWN_EXACT_WHOLE	130
ksheo	heißer Feuchtansatz	GDT663:EXACT_WHOLE	MEDIUM_EXACT_WHOLE	KNOWN_EXACT_WHOLE	230
kshey	heiß und feucht in der Mitte des Grades	GDT647:FAMILY_MIGRATION	EXACT_QUALITY_SUBDEGREE_FAMILY	KNOWN_EXACT_WHOLE	130
kshy	heiß und feucht am Anfang des Grades	GDT647:FAMILY_MIGRATION	EXACT_QUALITY_SUBDEGREE_FAMILY	KNOWN_EXACT_WHOLE	130
ky	heiß am Anfang des Grades	GDT647:FAMILY_MIGRATION	EXACT_QUALITY_SUBDEGREE_FAMILY	KNOWN_EXACT_WHOLE	130
l	Pfund / Gewichtseinheit	GDT663:FREE_SIGLUM_DEFAULT	CONTEXT_STRONG_READER_MERGE__FREE_SIGLUM_LOW	KNOWN_CONTEXT_LICENSED	230
laiin	Drogenholz, Typ/Charge III	V13:SCOPED_CONCRETE_HEAD_FORM	NEW_V12_ATTESTED_CONCRETE_DEFAULT	KNOWN_EXACT_WHOLE	90
lain	Drogenholz, Charge II	GDT662:EXACT_WHOLE	STRONG_PRACTICAL_OR_COMPOSITIONAL	KNOWN_EXACT_WHOLE	225
lair	Holzfraktion II	V13:SCOPED_RESIDUAL_HEAD_FORM	NEW_V13_ATTESTED_CONCRETE_DEFAULT	KNOWN_EXACT_WHOLE	90
lal	Holzrohstoff I	V13:SCOPED_RESIDUAL_HEAD_FORM	NEW_V13_ATTESTED_CONCRETE_DEFAULT	KNOWN_EXACT_WHOLE	90
lam	Drogenholz: Maß-/Einheitsform I	V13:SCOPED_RESIDUAL_HEAD_FORM	NEW_V13_ATTESTED_CONCRETE_DEFAULT	KNOWN_EXACT_WHOLE	90
lar	Holzfraktion I	V13:SCOPED_RESIDUAL_HEAD_FORM	NEW_V13_ATTESTED_CONCRETE_DEFAULT	KNOWN_EXACT_WHOLE	90
lchar	trockene Holzfraktion I	GDT664:EXACT_WHOLE	MEDIUM_EXACT_WHOLE	KNOWN_EXACT_WHOLE	230
lchdal	gemessene trockene Holzdroge, Rohstoff I	GDT663:EXACT_WHOLE	MEDIUM_EXACT_WHOLE	KNOWN_EXACT_WHOLE	230
lchdy	Drogenholz, getrocknete Kurz-/Kompaktform	V13:SCOPED_RESIDUAL_HEAD_FORM	NEW_V13_ATTESTED_CONCRETE_DEFAULT	KNOWN_EXACT_WHOLE	90
lchedam	ein Maß getrocknetes Drogenholz	GDT662:EXACT_WHOLE	MEDIUM_EXACT_WHOLE	KNOWN_EXACT_WHOLE	225
lchedar	getrocknete Holzfraktion I	GDT662:EXACT_WHOLE	MEDIUM_EXACT_WHOLE	KNOWN_EXACT_WHOLE	225
lchedy	getrocknetes Drogenholz	V13:SCOPED_CONCRETE_HEAD_FORM	NEW_V12_ATTESTED_CONCRETE_DEFAULT	KNOWN_EXACT_WHOLE	90
lcheey	Drogenholz, trocken gebunden, Form II	V13:SCOPED_RESIDUAL_HEAD_FORM	NEW_V13_ATTESTED_CONCRETE_DEFAULT	KNOWN_EXACT_WHOLE	90
lcheo	trockene Drogenholzzubereitung/Trockenansatz	V13:SCOPED_RESIDUAL_HEAD_FORM	NEW_V13_ATTESTED_CONCRETE_DEFAULT	KNOWN_EXACT_WHOLE	90
lchey	Drogenholz, trocken gebunden, Form I	V13:SCOPED_RESIDUAL_HEAD_FORM	NEW_V13_ATTESTED_CONCRETE_DEFAULT	KNOWN_EXACT_WHOLE	90
lcho	Trockenansatz aus Drogenholz	GDT660:EXACT_WHOLE	PROVISIONAL_CONCRETE_EXACT_WHOLE	KNOWN_EXACT_WHOLE	210
lchol	trockener Drogenholzstoff/Trockengut	V13:SCOPED_RESIDUAL_HEAD_FORM	NEW_V13_ATTESTED_CONCRETE_DEFAULT	KNOWN_EXACT_WHOLE	90
lchy	Drogenholz, trockene Grundform	V13:SCOPED_RESIDUAL_HEAD_FORM	NEW_V13_ATTESTED_CONCRETE_DEFAULT	KNOWN_EXACT_WHOLE	90
ldy	Holzdroge, fertig aufbereitet	GDT663:EXACT_WHOLE	MEDIUM_EXACT_WHOLE	KNOWN_EXACT_WHOLE	230
lkaiin	Holzdroge, heiß auf Stufe III	GDT664:EXACT_WHOLE	STRONG_PRACTICAL_OR_COMPOSITIONAL	KNOWN_EXACT_WHOLE	230
lkain	Holzdroge, heiß auf Stufe II	GDT663:EXACT_WHOLE	STRONG_PRACTICAL_OR_COMPOSITIONAL	KNOWN_EXACT_WHOLE	230
lkar	heiße Holzfraktion I	GDT648:STRICT_WHOLE_COMPLETION	EXACT_WHOLE_COMPOSITIONAL_COMPLETION	KNOWN_EXACT_WHOLE	140
lkealy	erwärmte Flüssigkeit	V13:TARGET_SURFACE_DEFAULT	NEW_V11_TARGET_DEFAULT	KNOWN_EXACT_WHOLE	80
lkedar	erhitzte Holzfraktion I	GDT662:EXACT_WHOLE	LOW_EXPLORATORY	KNOWN_EXACT_WHOLE	225
lkedy	erhitzte Holzdroge, Mittelstufe, fertig	GDT663:EXACT_WHOLE	STRONG_PRACTICAL_OR_COMPOSITIONAL	KNOWN_EXACT_WHOLE	230
lkeedy	Drogenholz, heiß am Gradende, abgeschlossen	GDT661:EXACT_WHOLE	MEDIUM_EXACT_WHOLE	KNOWN_EXACT_WHOLE	220
lkees	stark erhitzte Holzdroge, Endstufe	GDT662:EXACT_WHOLE	LOW_EXPLORATORY	KNOWN_EXACT_WHOLE	225
lkeey	Drogenholz, heiß am Gradende	GDT661:EXACT_WHOLE	MEDIUM_EXACT_WHOLE	KNOWN_EXACT_WHOLE	220
lkol	heißer Holzabsud	GDT664:EXACT_WHOLE	MEDIUM_EXACT_WHOLE	KNOWN_EXACT_WHOLE	230
lkor	heiße Holzportion	GDT654:NEW_EXACT_WHOLE	EXACT_WHOLE_AR_OR_CONSOLIDATION	KNOWN_EXACT_WHOLE	150
lky	Holzdroge, leicht erhitzt	GDT664:EXACT_WHOLE	STRONG_PRACTICAL_OR_COMPOSITIONAL	KNOWN_EXACT_WHOLE	230
lo	Holzabsud	GDT663:EXACT_WHOLE	MEDIUM_EXACT_WHOLE	KNOWN_EXACT_WHOLE	230
loaiin	Drogenholzzubereitung, Charge III	V13:SCOPED_RESIDUAL_HEAD_FORM	NEW_V13_ATTESTED_CONCRETE_DEFAULT	KNOWN_EXACT_WHOLE	90
lodaiin	Drogenholzzubereitung, Dosis III	V13:SCOPED_RESIDUAL_HEAD_FORM	NEW_V13_ATTESTED_CONCRETE_DEFAULT	KNOWN_EXACT_WHOLE	90
lody	Drogenholz, fertig aufbereitet	V13:SCOPED_RESIDUAL_HEAD_FORM	NEW_V13_ATTESTED_CONCRETE_DEFAULT	KNOWN_EXACT_WHOLE	90
loiiin	Drogenholz: Formklasse IV	GDT637:ATTESTED_LADDER_CELL	SCOPED_LADDER_EXTENSION	KNOWN_EXACT_WHOLE	100
loiin	Drogenholzzubereitung, Form III	V13:SCOPED_RESIDUAL_HEAD_FORM	NEW_V13_ATTESTED_CONCRETE_DEFAULT	KNOWN_EXACT_WHOLE	90
lokedy	erhitztes Drogenholz, fertig	GDT662:EXACT_WHOLE	MEDIUM_EXACT_WHOLE	KNOWN_EXACT_WHOLE	225
lol	Holzstoff	V13:SCOPED_CONCRETE_HEAD_FORM	NEW_V12_ATTESTED_CONCRETE_DEFAULT	KNOWN_EXACT_WHOLE	90
lolchedy	getrockneter Drogenholzstoff/-ansatz	V13:SCOPED_RESIDUAL_HEAD_FORM	NEW_V13_ATTESTED_CONCRETE_DEFAULT	KNOWN_EXACT_WHOLE	90
loldy	Drogenholzstoff, fertig aufbereitet	GDT661:EXACT_WHOLE	MEDIUM_EXACT_WHOLE	KNOWN_EXACT_WHOLE	220
loly	seihe den Holzabsud ab	GDT664:EXACT_WHOLE	MEDIUM_EXACT_WHOLE	KNOWN_EXACT_WHOLE	230
lor	Holzportion	V13:SCOPED_CONCRETE_HEAD_FORM	NEW_V12_ATTESTED_CONCRETE_DEFAULT	KNOWN_EXACT_WHOLE	90
loraiin	Holzportion III	V13:SCOPED_RESIDUAL_HEAD_FORM	NEW_V13_ATTESTED_CONCRETE_DEFAULT	KNOWN_EXACT_WHOLE	90
loral	Holz-Rohstoffportion	V13:SCOPED_RESIDUAL_HEAD_FORM	NEW_V13_ATTESTED_CONCRETE_DEFAULT	KNOWN_EXACT_WHOLE	90
los	Drogenholzposten	GDT662:EXACT_WHOLE	MEDIUM_EXACT_WHOLE	KNOWN_EXACT_WHOLE	225
lr	Wurzelholz	GDT664:EXACT_WHOLE	LOW_EXPLORATORY	KNOWN_EXACT_WHOLE	230
lshckhy	angefeuchtete Kräutermischung mit Drogenholz	GDT664:EXACT_WHOLE	MEDIUM_EXACT_WHOLE	KNOWN_EXACT_WHOLE	230
lshcthy	feuchtes CTH-Drogenholz	GDT660:EXACT_WHOLE	PROVISIONAL_CONCRETE_EXACT_WHOLE	KNOWN_EXACT_WHOLE	210
lshedy	eingeweichtes Drogenholz	V13:SCOPED_CONCRETE_HEAD_FORM	NEW_V12_ATTESTED_CONCRETE_DEFAULT	KNOWN_EXACT_WHOLE	90
lsheey	eingeweichtes Drogenholz, Form II	GDT648:STRICT_WHOLE_COMPLETION	EXACT_WHOLE_COMPOSITIONAL_COMPLETION	KNOWN_EXACT_WHOLE	140
lshey	eingeweichtes Drogenholz, Form I	V13:SCOPED_RESIDUAL_HEAD_FORM	NEW_V13_ATTESTED_CONCRETE_DEFAULT	KNOWN_EXACT_WHOLE	90
ly	rohes Drogenholz	V13:SCOPED_RESIDUAL_HEAD_FORM	NEW_V13_ATTESTED_CONCRETE_DEFAULT	KNOWN_EXACT_WHOLE	90
m	eine Handvoll	GDT664:CONTEXT_SHORT_DEFAULT	LOW_EXPLORATORY	KNOWN_CONTEXT_LICENSED	230
o	Ansatzwasser	GDT664:CONTEXT_SHORT_DEFAULT	LOW_EXPLORATORY	KNOWN_CONTEXT_LICENSED	230
oaiin	Ansatzmenge III	V13:TARGET_SURFACE_DEFAULT	NEW_V11_TARGET_DEFAULT	KNOWN_EXACT_WHOLE	80
oaiir	Zubereitung, Teil-/Sortierklasse III	GDT638:ROUND_12	EXACT_WHOLE_SURFACE_PROMOTION	KNOWN_EXACT_WHOLE	110
oal	Rohstoffklasse I im Ansatz	GDT656:NEW_EXACT_WHOLE	EXACT_WHOLE_AL_QUALITY_POSITION_SHELL	KNOWN_EXACT_WHOLE	154
oar	Drogenfraktion I im Ansatz	GDT654:NEW_EXACT_WHOLE	EXACT_WHOLE_AR_OR_CONSOLIDATION	KNOWN_EXACT_WHOLE	150
ochedar	trockener Ansatz in der Gradmitte, abgemessene Fraktion I	GDT660:EXACT_WHOLE	PROVISIONAL_CONCRETE_EXACT_WHOLE	KNOWN_EXACT_WHOLE	210
ochedy	Ansatz aus getrockneter Droge, abgeschlossen	GDT663:EXACT_WHOLE	STRONG_PRACTICAL_OR_COMPOSITIONAL	KNOWN_EXACT_WHOLE	230
ochockhy	Trockenansatz eines Arzneikompositums	GDT662:EXACT_WHOLE	LOW_EXPLORATORY	KNOWN_EXACT_WHOLE	225
ockhedy	Ansatz eines Arzneikompositums in der Gradmitte, abgeschlossen	GDT652:PROVISIONAL_LOW_N_BOUNDARY_COMPOUND	EXACT_WHOLE_FAMILY_EXTENSION	KNOWN_EXACT_WHOLE	148
ockhey	Ansatz eines Arzneikompositums in der Gradmitte	GDT652:STRONG_BOUNDARY_COMPOUND	EXACT_WHOLE_FAMILY_EXTENSION	KNOWN_EXACT_WHOLE	148
ockhy	Ansatz eines Arzneikompositums am Gradanfang	GDT652:STRONG_BOUNDARY_COMPOUND	EXACT_WHOLE_FAMILY_EXTENSION	KNOWN_EXACT_WHOLE	148
octhdy	fertig aufbereitete Drogenzubereitung, Grundform	GDT653:STRONG_LOW_N_RESULT_COMPOUND	EXACT_WHOLE_FAMILY_EXTENSION	KNOWN_EXACT_WHOLE	148
octhey	CTH-Zubereitung/Ansatz, Form I	V13:CTH_PREPARATION_FORM_I	NEW_V10_CONCRETE_DEFAULT	KNOWN_CONTEXT_LICENSED	60
octhol	Krautdroge im Ansatz	GDT664:EXACT_WHOLE	MEDIUM_EXACT_WHOLE	KNOWN_EXACT_WHOLE	230
octhy	CTH-Zubereitung/Ansatz, Grundform	V13:CTH_PREPARATION_BASE	NEW_V10_CONCRETE_DEFAULT	KNOWN_CONTEXT_LICENSED	60
od	miss vom Ansatz ab	GDT664:EXACT_WHOLE	MEDIUM_EXACT_WHOLE	KNOWN_EXACT_WHOLE	230
odaiim	Ansatzmaß III	GDT639:ROUND_06	EXACT_WHOLE_SURFACE_COMPONENT_REPAIR	KNOWN_EXACT_WHOLE	120
odaiin	Zubereitungsdosis III	GDT648:STRICT_WHOLE_COMPLETION	EXACT_WHOLE_COMPOSITIONAL_COMPLETION	KNOWN_EXACT_WHOLE	140
odain	Zubereitungsdosis II	GDT663:EXACT_WHOLE	STRONG_PRACTICAL_OR_COMPOSITIONAL	KNOWN_EXACT_WHOLE	230
odal	abgemessene Rohstoffmenge I im Ansatz	GDT655:NEW_EXACT_WHOLE	EXACT_WHOLE_DAL_AL_CONSOLIDATION	KNOWN_EXACT_WHOLE	152
odan	Zubereitungsdosis I	GDT661:EXACT_WHOLE	STRONG_FAMILY_COMPOSITION	KNOWN_EXACT_WHOLE	220
odchaiin	Ansatz aus abgemessener Trockendroge, Stufe III	GDT663:EXACT_WHOLE	MEDIUM_EXACT_WHOLE	KNOWN_EXACT_WHOLE	230
odys	fertige Arzneimischung im Ansatz	GDT664:EXACT_WHOLE	MEDIUM_EXACT_WHOLE	KNOWN_EXACT_WHOLE	230
oeeal	Rohstoffklasse I im Ansatz, am Gradende	GDT656:NEW_EXACT_WHOLE_LOCAL_ANALOGY	EXACT_WHOLE_AL_QUALITY_POSITION_SHELL	KNOWN_EXACT_WHOLE	154
oeeeody	lange geruhter, fertig abgezogener Ansatz	GDT664:EXACT_WHOLE	MEDIUM_EXACT_WHOLE	KNOWN_EXACT_WHOLE	230
oeeesoy	lange geruhter Samenmazerat	GDT664:EXACT_WHOLE	LOW_EXPLORATORY	KNOWN_EXACT_WHOLE	230
oeeo	zweiter Mazerationsansatz	GDT661:EXACT_WHOLE	LOW_EXPLORATORY	KNOWN_EXACT_WHOLE	220
oekor	erwärmte Ansatzportion	GDT662:EXACT_WHOLE	MEDIUM_EXACT_WHOLE	KNOWN_EXACT_WHOLE	225
oiin	Zubereitungsform III	GDT643:ROUND_02	EXACT_ZL3B_WHOLE_EXPOSED_HOLE	KNOWN_EXACT_WHOLE	124
oin	bereite einen zweiten Ansatz	GDT664:EXACT_WHOLE	MEDIUM_EXACT_WHOLE	KNOWN_EXACT_WHOLE	230
okaial	heißer Ansatz aus drei Teilen Rohdroge I	GDT664:EXACT_WHOLE	LOW_EXPLORATORY	KNOWN_EXACT_WHOLE	230
okaiiin	heiß im Zubereitungsrahmen, Grad IV	V13:QUALITY_DEGREE_SERIES	PRODUCTIVE_EXACT_SERIES	KNOWN_CONTEXT_LICENSED	70
okaiin	heiß, Grad III, im Ansatzrahmen	V13:TARGET_SURFACE_DEFAULT	NEW_V11_TARGET_DEFAULT	KNOWN_EXACT_WHOLE	80
okain	heiß im Zubereitungsrahmen, Grad II	V13:QUALITY_DEGREE_SERIES	PRODUCTIVE_EXACT_SERIES	KNOWN_CONTEXT_LICENSED	70
okair	heiße Drogenfraktion II im Ansatz	GDT663:EXACT_WHOLE	STRONG_PRACTICAL_OR_COMPOSITIONAL	KNOWN_EXACT_WHOLE	230
okal	Rohstoffklasse I im Ansatz, heiß am Gradanfang	GDT656:REVISE_AL_QUALITY_MODEL	EXACT_WHOLE_AL_QUALITY_POSITION_SHELL	KNOWN_EXACT_WHOLE	154
okam	ein Maß heißen Ansatzes	GDT664:EXACT_WHOLE	STRONG_PRACTICAL_OR_COMPOSITIONAL	KNOWN_EXACT_WHOLE	230
okan	heiß im Zubereitungsrahmen, Grad I	V13:QUALITY_DEGREE_SERIES	PRODUCTIVE_EXACT_SERIES	KNOWN_CONTEXT_LICENSED	70
okar	heiße Drogenfraktion I im Ansatz	GDT654:NEW_EXACT_WHOLE	EXACT_WHOLE_AR_OR_CONSOLIDATION	KNOWN_EXACT_WHOLE	150
okarol	Ansatzstoff aus heißer Drogenfraktion I	GDT663:EXACT_WHOLE	MEDIUM_EXACT_WHOLE	KNOWN_EXACT_WHOLE	230
okary	heiße Ansatzfraktion I, abgeschlossen	GDT661:EXACT_WHOLE	MEDIUM_EXACT_WHOLE	KNOWN_EXACT_WHOLE	220
okchal	Ansatz aus heiß-trockenem Rohstoff Klasse I am Gradanfang	GDT657:EXACT_NESTED_WHOLE	EXACT_WHOLE_MULTI_QUALITY_AL_ORDER	KNOWN_EXACT_WHOLE	155
okchan	heiß-trockener Ansatz, Grad I	GDT660:EXACT_WHOLE	PROVISIONAL_CONCRETE_EXACT_WHOLE	KNOWN_EXACT_WHOLE	210
okchdy	heiß-trockener Ansatz am Anfang des Grades, abgeschlossen	GDT647:FAMILY_MIGRATION	EXACT_QUALITY_SUBDEGREE_FAMILY	KNOWN_EXACT_WHOLE	130
okchedy	heiß-trockener Ansatz in der Mitte des Grades, abgeschlossen	GDT647:FAMILY_MIGRATION	EXACT_QUALITY_SUBDEGREE_FAMILY	KNOWN_EXACT_WHOLE	130
okcheey	heiß-trockener Ansatz am Ende des Grades	GDT647:FAMILY_MIGRATION	EXACT_QUALITY_SUBDEGREE_FAMILY	KNOWN_EXACT_WHOLE	130
okchey	heiß-trockener Ansatz in der Mitte des Grades	GDT647:FAMILY_MIGRATION	EXACT_QUALITY_SUBDEGREE_FAMILY	KNOWN_EXACT_WHOLE	130
okchol	heißer Ansatz aus Trockengut	GDT661:EXACT_WHOLE	STRONG_FAMILY_COMPOSITION	KNOWN_EXACT_WHOLE	220
okchy	heiß-trockener Ansatz am Anfang des Grades	GDT647:FAMILY_MIGRATION	EXACT_QUALITY_SUBDEGREE_FAMILY	KNOWN_EXACT_WHOLE	130
okdy	heißer Ansatz am Anfang des Grades, abgeschlossen	GDT647:FAMILY_MIGRATION	EXACT_QUALITY_SUBDEGREE_FAMILY	KNOWN_EXACT_WHOLE	130
okeal	Rohstoffklasse I im Ansatz, heiß in der Gradmitte	GDT656:NEW_EXACT_WHOLE	EXACT_WHOLE_AL_QUALITY_POSITION_SHELL	KNOWN_EXACT_WHOLE	154
okedy	heißer Ansatz in der Mitte des Grades, abgeschlossen	GDT647:FAMILY_MIGRATION	EXACT_QUALITY_SUBDEGREE_FAMILY	KNOWN_EXACT_WHOLE	130
okeeaiin	drei Teile vollständig erhitzter Ansatz	GDT664:EXACT_WHOLE	MEDIUM_EXACT_WHOLE	KNOWN_EXACT_WHOLE	230
okeedy	heißer Ansatz am Ende des Grades, abgeschlossen	GDT647:FAMILY_MIGRATION	EXACT_QUALITY_SUBDEGREE_FAMILY	KNOWN_EXACT_WHOLE	130
okeeshy	heißer, vollständig angefeuchteter Ansatz	GDT663:EXACT_WHOLE	MEDIUM_EXACT_WHOLE	KNOWN_EXACT_WHOLE	230
okeey	heißer Ansatz am Ende des Grades	GDT647:FAMILY_MIGRATION	EXACT_QUALITY_SUBDEGREE_FAMILY	KNOWN_EXACT_WHOLE	130
okeol	Grundansatz bis zur mittleren Heizstufe erwärmt	GDT664:EXACT_WHOLE	MEDIUM_EXACT_WHOLE	KNOWN_EXACT_WHOLE	230
okeolor	erwärmte Drogenstoffportion	GDT663:EXACT_WHOLE	MEDIUM_EXACT_WHOLE	KNOWN_EXACT_WHOLE	230
okeoteey	erhitzten Ansatz bis zur Kühlendstufe bringen	GDT664:EXACT_WHOLE	MEDIUM_EXACT_WHOLE	KNOWN_EXACT_WHOLE	230
okeshey	heiß angefeuchteter Ansatz, Mittelstufe	GDT663:EXACT_WHOLE	MEDIUM_EXACT_WHOLE	KNOWN_EXACT_WHOLE	230
okeshy	erhitzter, danach angefeuchteter Ansatz	GDT663:EXACT_WHOLE	MEDIUM_EXACT_WHOLE	KNOWN_EXACT_WHOLE	230
okey	heißer Ansatz in der Mitte des Grades	GDT647:FAMILY_MIGRATION	EXACT_QUALITY_SUBDEGREE_FAMILY	KNOWN_EXACT_WHOLE	130
okor	heiße Drogenportion im Ansatz	GDT654:NEW_EXACT_WHOLE	EXACT_WHOLE_AR_OR_CONSOLIDATION	KNOWN_EXACT_WHOLE	150
okshal	Ansatz aus heiß-feuchtem Rohstoff Klasse I am Gradanfang	GDT657:EXACT_NESTED_WHOLE	EXACT_WHOLE_MULTI_QUALITY_AL_ORDER	KNOWN_EXACT_WHOLE	155
okshdy	heiß-feuchter Ansatz am Anfang des Grades, abgeschlossen	GDT647:FAMILY_MIGRATION	EXACT_QUALITY_SUBDEGREE_FAMILY	KNOWN_EXACT_WHOLE	130
okshedy	heiß-feuchter Ansatz in der Mitte des Grades, abgeschlossen	GDT647:FAMILY_MIGRATION	EXACT_QUALITY_SUBDEGREE_FAMILY	KNOWN_EXACT_WHOLE	130
okshey	heiß-feuchter Ansatz in der Mitte des Grades	GDT647:FAMILY_MIGRATION	EXACT_QUALITY_SUBDEGREE_FAMILY	KNOWN_EXACT_WHOLE	130
okshor	heißer Blüten- oder Fruchtansatz	GDT664:EXACT_WHOLE	MEDIUM_EXACT_WHOLE	KNOWN_EXACT_WHOLE	230
okshy	heiß-feuchter Ansatz am Anfang des Grades	GDT647:FAMILY_MIGRATION	EXACT_QUALITY_SUBDEGREE_FAMILY	KNOWN_EXACT_WHOLE	130
oky	heißer Ansatz am Anfang des Grades	GDT647:FAMILY_MIGRATION	EXACT_QUALITY_SUBDEGREE_FAMILY	KNOWN_EXACT_WHOLE	130
ol	Eigenschafts-/Zustands-/Materialträger; als nacktes Wort Gut/Ansatz	V13:QUALITY_STATE_MATERIAL_CARRIER	NEW_PRIMARY_DEFAULT	AMBIGUOUS_ACTIVE_RIVAL	60
olaiin	Drogenstoff, Menge III	GDT663:EXACT_WHOLE	STRONG_PRACTICAL_OR_COMPOSITIONAL	KNOWN_EXACT_WHOLE	230
olain	Drogenstoff, Menge II	GDT663:EXACT_WHOLE	STRONG_PRACTICAL_OR_COMPOSITIONAL	KNOWN_EXACT_WHOLE	230
olal	Ansatz aus Holzrohstoff, Form I	GDT652:EXPLORATORY_RIVAL_SEGMENTATION	EXACT_WHOLE_FAMILY_EXTENSION	KNOWN_EXACT_WHOLE	148
olar	erste Holzrohstofffraktion im Ansatz	GDT664:EXACT_WHOLE	MEDIUM_EXACT_WHOLE	KNOWN_EXACT_WHOLE	230
olchedy	Holzdroge im Ansatz fertig getrocknet	GDT664:EXACT_WHOLE	STRONG_PRACTICAL_OR_COMPOSITIONAL	KNOWN_EXACT_WHOLE	230
olcheeo	Holzdrogenauszug aus vollständig getrockneter Droge	GDT664:EXACT_WHOLE	MEDIUM_EXACT_WHOLE	KNOWN_EXACT_WHOLE	230
olchy	Holzdroge im Ansatz leicht getrocknet	GDT664:EXACT_WHOLE	STRONG_PRACTICAL_OR_COMPOSITIONAL	KNOWN_EXACT_WHOLE	230
oldair	zweite abgemessene Holzrohstofffraktion im Ansatz	GDT664:EXACT_WHOLE	MEDIUM_EXACT_WHOLE	KNOWN_EXACT_WHOLE	230
oldal	abgemessener Drogenrohstoff I	GDT663:EXACT_WHOLE	MEDIUM_EXACT_WHOLE	KNOWN_EXACT_WHOLE	230
oldy	fertiger, abgeseihter Auszug	GDT662:EXACT_WHOLE	STRONG_PRACTICAL_OR_COMPOSITIONAL	KNOWN_EXACT_WHOLE	225
oleeeb	stark eingedickter Holzdrogenauszug	GDT664:EXACT_WHOLE	LOW_EXPLORATORY	KNOWN_EXACT_WHOLE	230
oleey	Holzdrogenansatz vollständig ausgezogen	GDT664:EXACT_WHOLE	MEDIUM_EXACT_WHOLE	KNOWN_EXACT_WHOLE	230
olkaiin	heiße Drogenbasis, Stufe III	GDT663:EXACT_WHOLE	STRONG_PRACTICAL_OR_COMPOSITIONAL	KNOWN_EXACT_WHOLE	230
olkain	heißes Drogenmaterial, Grad II	GDT661:EXACT_WHOLE	STRONG_FAMILY_COMPOSITION	KNOWN_EXACT_WHOLE	220
olkam	heißes Material [terminal-M]	V13:TARGET_SURFACE_DEFAULT	NEW_V11_TARGET_DEFAULT	KNOWN_EXACT_WHOLE	80
olkchdy	heiß-trocken aufbereitetes Drogenmaterial	GDT662:EXACT_WHOLE	MEDIUM_EXACT_WHOLE	KNOWN_EXACT_WHOLE	225
olkedy	erhitzte Drogenbasis, fertig	GDT662:EXACT_WHOLE	STRONG_PRACTICAL_OR_COMPOSITIONAL	KNOWN_EXACT_WHOLE	225
olkeedy	Holzdrogenansatz vollständig erhitzt und abgeschlossen	GDT664:EXACT_WHOLE	STRONG_PRACTICAL_OR_COMPOSITIONAL	KNOWN_EXACT_WHOLE	230
olkeeo	stark erhitzter Drogenauszug	GDT663:EXACT_WHOLE	MEDIUM_EXACT_WHOLE	KNOWN_EXACT_WHOLE	230
olkeeody	vollständig ausgekochter Holzdrogenauszug	GDT664:EXACT_WHOLE	MEDIUM_EXACT_WHOLE	KNOWN_EXACT_WHOLE	230
olkeey	Holzdrogenansatz vollständig erhitzt	GDT664:EXACT_WHOLE	STRONG_PRACTICAL_OR_COMPOSITIONAL	KNOWN_EXACT_WHOLE	230
olkol	heißer Drogenauszug	GDT663:EXACT_WHOLE	MEDIUM_EXACT_WHOLE	KNOWN_EXACT_WHOLE	230
olor	Zutat	V13:TARGET_SURFACE_DEFAULT	NEW_V11_TARGET_DEFAULT	KNOWN_EXACT_WHOLE	80
olpchdy	fertiges Trockenpulver aus Holzdroge im Ansatz	GDT664:EXACT_WHOLE	MEDIUM_EXACT_WHOLE	KNOWN_EXACT_WHOLE	230
ols	Drogenstoffposten	GDT661:EXACT_WHOLE	MEDIUM_EXACT_WHOLE	KNOWN_EXACT_WHOLE	220
olshdy	angefeuchtetes Drogenmaterial, fertig	GDT662:EXACT_WHOLE	MEDIUM_EXACT_WHOLE	KNOWN_EXACT_WHOLE	225
olshedy	Holzdroge im Ansatz vollständig eingeweicht	GDT664:EXACT_WHOLE	STRONG_PRACTICAL_OR_COMPOSITIONAL	KNOWN_EXACT_WHOLE	230
olsheedy	vollständig eingeweichtes Drogenmaterial, fertig	GDT662:EXACT_WHOLE	MEDIUM_EXACT_WHOLE	KNOWN_EXACT_WHOLE	225
olsheol	eingeweichte Holzdroge im Ansatz	GDT664:EXACT_WHOLE	MEDIUM_EXACT_WHOLE	KNOWN_EXACT_WHOLE	230
olshey	eingeweichte Drogenbasis, Mittelstufe	GDT663:EXACT_WHOLE	STRONG_PRACTICAL_OR_COMPOSITIONAL	KNOWN_EXACT_WHOLE	230
oltedy	kalte Drogenbasis, Mittelstufe erreicht	GDT663:EXACT_WHOLE	MEDIUM_EXACT_WHOLE	KNOWN_EXACT_WHOLE	230
olteedy	kaltes Drogenmaterial am Gradende, fertig	GDT661:EXACT_WHOLE	MEDIUM_EXACT_WHOLE	KNOWN_EXACT_WHOLE	220
oly	abseihen	GDT662:EXACT_WHOLE	STRONG_PRACTICAL_OR_COMPOSITIONAL	KNOWN_EXACT_WHOLE	225
olyly	seihe ein zweites Mal ab	GDT663:EXACT_WHOLE	MEDIUM_EXACT_WHOLE	KNOWN_EXACT_WHOLE	230
oo	setze ein zweites Mal an	GDT664:EXACT_WHOLE	LOW_EXPLORATORY	KNOWN_EXACT_WHOLE	230
oor	Drogenportion im Ansatz	GDT654:NEW_EXACT_WHOLE	EXACT_WHOLE_AR_OR_CONSOLIDATION	KNOWN_EXACT_WHOLE	150
opal	Ansatz aus Pulverrohstoff, Form I	GDT652:STRONG_MATERIA_COMPOUND	EXACT_WHOLE_FAMILY_EXTENSION	KNOWN_EXACT_WHOLE	148
opchar	trockene Pulverfraktion I im Ansatz	GDT660:EXACT_WHOLE	PROVISIONAL_CONCRETE_EXACT_WHOLE	KNOWN_EXACT_WHOLE	210
opchdy	fertiges Trockenpulverpräparat	GDT662:EXACT_WHOLE	STRONG_PRACTICAL_OR_COMPOSITIONAL	KNOWN_EXACT_WHOLE	225
opchedy	vollständig getrocknetes Pulverpräparat	GDT664:EXACT_WHOLE	STRONG_PRACTICAL_OR_COMPOSITIONAL	KNOWN_EXACT_WHOLE	230
opchey	Trockenpulver-Ansatz, Form I	GDT663:EXACT_WHOLE	STRONG_PRACTICAL_OR_COMPOSITIONAL	KNOWN_EXACT_WHOLE	230
opol	Pulveransatz	GDT664:EXACT_WHOLE	MEDIUM_EXACT_WHOLE	KNOWN_EXACT_WHOLE	230
or	Drogenportion	GDT654:REVISE_AMBIGUOUS_TO_EXACT	EXACT_WHOLE_AR_OR_CONSOLIDATION	KNOWN_EXACT_WHOLE	150
oraiiin	Drogenportion IV	GDT663:EXACT_WHOLE	MEDIUM_EXACT_WHOLE	KNOWN_EXACT_WHOLE	230
oraiin	Portion III	V13:TARGET_SURFACE_DEFAULT	NEW_V11_TARGET_DEFAULT	KNOWN_EXACT_WHOLE	80
orain	Drogenportion II	GDT664:EXACT_WHOLE	STRONG_PRACTICAL_OR_COMPOSITIONAL	KNOWN_EXACT_WHOLE	230
oral	Rohstoffportion, Klasse I	GDT655:REVISE_AL_OR_COMPOSITION	EXACT_WHOLE_DAL_AL_CONSOLIDATION	KNOWN_EXACT_WHOLE	152
orchedy	Portion vollständig getrocknete Droge	GDT664:EXACT_WHOLE	MEDIUM_EXACT_WHOLE	KNOWN_EXACT_WHOLE	230
oro	Ansatzportion	GDT662:EXACT_WHOLE	MEDIUM_EXACT_WHOLE	KNOWN_EXACT_WHOLE	225
orol	Drogenstoffportion	GDT653:STRONG_DIRECT_BOUNDARY_COMPOUND	EXACT_WHOLE_FAMILY_EXTENSION	KNOWN_EXACT_WHOLE	148
osal	Ansatz aus Saatrohstoff, Form I	GDT652:STRONG_MATERIA_COMPOUND	EXACT_WHOLE_FAMILY_EXTENSION	KNOWN_EXACT_WHOLE	148
oshctho	im o-Rahmen feuchte cth-Pflanzenteilform; Endung o offen	V13:WRAPPED_MOIST_CTH_PART	NEW_LOW_SINGLETON_DEFAULT	KNOWN_CONTEXT_LICENSED	60
oshol	Mazerat aus eingeweichter Droge	GDT664:EXACT_WHOLE	MEDIUM_EXACT_WHOLE	KNOWN_EXACT_WHOLE	230
otaiiin	kalt im Zubereitungsrahmen, Grad IV	V13:QUALITY_DEGREE_SERIES	PRODUCTIVE_EXACT_SERIES	KNOWN_CONTEXT_LICENSED	70
otaiin	kalt im Zubereitungsrahmen, Grad III	V13:QUALITY_DEGREE_SERIES	PRODUCTIVE_EXACT_SERIES	KNOWN_CONTEXT_LICENSED	70
otain	kalt im Zubereitungsrahmen, Grad II	V13:QUALITY_DEGREE_SERIES	PRODUCTIVE_EXACT_SERIES	KNOWN_CONTEXT_LICENSED	70
otal	Rohstoffklasse I im Ansatz, kalt am Gradanfang	GDT656:REVISE_AL_QUALITY_MODEL	EXACT_WHOLE_AL_QUALITY_POSITION_SHELL	KNOWN_EXACT_WHOLE	154
otalor	kalte Ansatzportion aus Rohstoff I	GDT661:EXACT_WHOLE	STRONG_FAMILY_COMPOSITION	KNOWN_EXACT_WHOLE	220
otam	ein Maß kalten Ansatzes	GDT658:EXACT_CONTEXTUAL_WHOLE	EXACT_WHOLE_RESIDUAL_CONCRETE_COMPLETION	KNOWN_EXACT_WHOLE	156
otan	kalt im Zubereitungsrahmen, Grad I	V13:QUALITY_DEGREE_SERIES	PRODUCTIVE_EXACT_SERIES	KNOWN_CONTEXT_LICENSED	70
otar	kalte Drogenfraktion I im Ansatz	GDT654:NEW_EXACT_WHOLE	EXACT_WHOLE_AR_OR_CONSOLIDATION	KNOWN_EXACT_WHOLE	150
otchal	Ansatz aus kalt-trockenem Rohstoff Klasse I am Gradanfang	GDT657:EXACT_NESTED_WHOLE	EXACT_WHOLE_MULTI_QUALITY_AL_ORDER	KNOWN_EXACT_WHOLE	155
otchdy	kalt-trockener Ansatz am Anfang des Grades, abgeschlossen	GDT647:FAMILY_MIGRATION	EXACT_QUALITY_SUBDEGREE_FAMILY	KNOWN_EXACT_WHOLE	130
otchedy	kalt-trockener Ansatz in der Mitte des Grades, abgeschlossen	GDT647:FAMILY_MIGRATION	EXACT_QUALITY_SUBDEGREE_FAMILY	KNOWN_EXACT_WHOLE	130
otcheedy	kalt-trockener Ansatz am Ende des Grades, abgeschlossen	GDT647:FAMILY_MIGRATION_READER_WARNING	ZL3B_QUALITY_SUBDEGREE_READER_WARNING	KNOWN_READER_VARIANT_WHOLE	130
otcheey	kalt-trockener Ansatz am Ende des Grades	GDT647:FAMILY_MIGRATION	EXACT_QUALITY_SUBDEGREE_FAMILY	KNOWN_EXACT_WHOLE	130
otchey	kalt-trockener Ansatz in der Mitte des Grades	GDT647:FAMILY_MIGRATION	EXACT_QUALITY_SUBDEGREE_FAMILY	KNOWN_EXACT_WHOLE	130
otcho	kalt-trockene Zubereitung	GDT650:STRONG_ATTESTED_FAMILY	EXACT_WHOLE_FAMILY_EXTENSION	KNOWN_EXACT_WHOLE	145
otchol	kalt-trockener Zubereitungsstoff	GDT638:ROUND_06	EXACT_WHOLE_SURFACE_PROMOTION	KNOWN_EXACT_WHOLE	110
otchor	kalt-trockene Drogenportion im Ansatz	GDT645:ROUND_02	EXACT_ZL3B_WHOLE_DOWNSTREAM_COMPLETION	KNOWN_EXACT_WHOLE	125
otchy	kalt-trockener Ansatz am Anfang des Grades	GDT647:FAMILY_MIGRATION	EXACT_QUALITY_SUBDEGREE_FAMILY	KNOWN_EXACT_WHOLE	130
otdy	kalter Ansatz am Anfang des Grades, abgeschlossen	GDT647:FAMILY_MIGRATION	EXACT_QUALITY_SUBDEGREE_FAMILY	KNOWN_EXACT_WHOLE	130
oteal	Rohstoffklasse I im Ansatz, kalt in der Gradmitte	GDT656:NEW_EXACT_WHOLE	EXACT_WHOLE_AL_QUALITY_POSITION_SHELL	KNOWN_EXACT_WHOLE	154
otedy	kalter Ansatz in der Mitte des Grades, abgeschlossen	GDT647:FAMILY_MIGRATION	EXACT_QUALITY_SUBDEGREE_FAMILY	KNOWN_EXACT_WHOLE	130
oteeal	Rohstoffklasse I im Ansatz, kalt am Gradende	GDT656:NEW_EXACT_WHOLE	EXACT_WHOLE_AL_QUALITY_POSITION_SHELL	KNOWN_EXACT_WHOLE	154
oteedy	kalter Ansatz am Ende des Grades, abgeschlossen	GDT647:FAMILY_MIGRATION	EXACT_QUALITY_SUBDEGREE_FAMILY	KNOWN_EXACT_WHOLE	130
oteeo	zweiter Kaltansatz	GDT662:EXACT_WHOLE	MEDIUM_EXACT_WHOLE	KNOWN_EXACT_WHOLE	225
oteey	kalter Ansatz am Ende des Grades	GDT647:FAMILY_MIGRATION	EXACT_QUALITY_SUBDEGREE_FAMILY	KNOWN_EXACT_WHOLE	130
otey	kalter Ansatz in der Mitte des Grades	GDT647:FAMILY_MIGRATION	EXACT_QUALITY_SUBDEGREE_FAMILY	KNOWN_EXACT_WHOLE	130
otol	kaltes Zubereitungsgut	GDT648:STRICT_WHOLE_COMPLETION	EXACT_WHOLE_COMPOSITIONAL_COMPLETION	KNOWN_EXACT_WHOLE	140
otoldy	fertiger Kaltansatz	GDT662:EXACT_WHOLE	STRONG_PRACTICAL_OR_COMPOSITIONAL	KNOWN_EXACT_WHOLE	225
otor	kalte Drogenportion im Ansatz	GDT654:NEW_EXACT_WHOLE	EXACT_WHOLE_AR_OR_CONSOLIDATION	KNOWN_EXACT_WHOLE	150
otshal	Ansatz aus kalt-feuchtem Rohstoff Klasse I am Gradanfang	GDT657:EXACT_NESTED_WHOLE	EXACT_WHOLE_MULTI_QUALITY_AL_ORDER	KNOWN_EXACT_WHOLE	155
otshdy	kalt-feuchter Ansatz am Anfang des Grades, abgeschlossen	GDT647:FAMILY_MIGRATION	EXACT_QUALITY_SUBDEGREE_FAMILY	KNOWN_EXACT_WHOLE	130
otshedy	kalt-feuchter Ansatz in der Mitte des Grades, abgeschlossen	GDT647:FAMILY_MIGRATION	EXACT_QUALITY_SUBDEGREE_FAMILY	KNOWN_EXACT_WHOLE	130
otshey	kalt-feuchter Ansatz in der Mitte des Grades	GDT647:FAMILY_MIGRATION	EXACT_QUALITY_SUBDEGREE_FAMILY	KNOWN_EXACT_WHOLE	130
otshy	kalt-feuchter Ansatz am Anfang des Grades	GDT647:FAMILY_MIGRATION	EXACT_QUALITY_SUBDEGREE_FAMILY	KNOWN_EXACT_WHOLE	130
oty	kalter Ansatz am Anfang des Grades	GDT647:FAMILY_MIGRATION	EXACT_QUALITY_SUBDEGREE_FAMILY	KNOWN_EXACT_WHOLE	130
otydy	kalter Ansatz in Grundform, fertig	GDT662:EXACT_WHOLE	MEDIUM_EXACT_WHOLE	KNOWN_EXACT_WHOLE	225
oychey	Ansatz aus dieser Trockenform I	GDT663:EXACT_WHOLE	MEDIUM_EXACT_WHOLE	KNOWN_EXACT_WHOLE	230
paiin	Pulver, Typ/Charge III	V13:SCOPED_CONCRETE_HEAD_FORM	NEW_V12_ATTESTED_CONCRETE_DEFAULT	KNOWN_EXACT_WHOLE	90
paiir	Pulver: Teil-/Sortierklasse III	GDT637:ATTESTED_LADDER_CELL	SCOPED_LADDER_EXTENSION	KNOWN_EXACT_WHOLE	100
pair	Pulverfraktion II	V13:SCOPED_RESIDUAL_HEAD_FORM	NEW_V13_ATTESTED_CONCRETE_DEFAULT	KNOWN_EXACT_WHOLE	90
pal	Pulverrohstoff I	V13:SCOPED_RESIDUAL_HEAD_FORM	NEW_V13_ATTESTED_CONCRETE_DEFAULT	KNOWN_EXACT_WHOLE	90
pam	Pulver: Maß-/Einheitsform I	V13:SCOPED_RESIDUAL_HEAD_FORM	NEW_V13_ATTESTED_CONCRETE_DEFAULT	KNOWN_EXACT_WHOLE	90
par	Pulverfraktion I	V13:SCOPED_RESIDUAL_HEAD_FORM	NEW_V13_ATTESTED_CONCRETE_DEFAULT	KNOWN_EXACT_WHOLE	90
pchdy	Pulver, getrocknete Kurz-/Kompaktform	V13:SCOPED_RESIDUAL_HEAD_FORM	NEW_V13_ATTESTED_CONCRETE_DEFAULT	KNOWN_EXACT_WHOLE	90
pchedy	getrocknetes Pulver	V13:SCOPED_CONCRETE_HEAD_FORM	NEW_V12_ATTESTED_CONCRETE_DEFAULT	KNOWN_EXACT_WHOLE	90
pcheey	Pulver, trocken gebunden, Form II	V13:SCOPED_RESIDUAL_HEAD_FORM	NEW_V13_ATTESTED_CONCRETE_DEFAULT	KNOWN_EXACT_WHOLE	90
pcheo	trockene Pulverzubereitung/Trockenansatz	V13:SCOPED_RESIDUAL_HEAD_FORM	NEW_V13_ATTESTED_CONCRETE_DEFAULT	KNOWN_EXACT_WHOLE	90
pcheol	getrockneter Pulverstoff	GDT662:EXACT_WHOLE	STRONG_PRACTICAL_OR_COMPOSITIONAL	KNOWN_EXACT_WHOLE	225
pchey	Pulver, trocken gebunden, Form I	V13:SCOPED_RESIDUAL_HEAD_FORM	NEW_V13_ATTESTED_CONCRETE_DEFAULT	KNOWN_EXACT_WHOLE	90
pchol	trockener Pulverstoff/Trockengut	V13:SCOPED_RESIDUAL_HEAD_FORM	NEW_V13_ATTESTED_CONCRETE_DEFAULT	KNOWN_EXACT_WHOLE	90
pchy	Pulver, trockene Grundform	V13:SCOPED_RESIDUAL_HEAD_FORM	NEW_V13_ATTESTED_CONCRETE_DEFAULT	KNOWN_EXACT_WHOLE	90
poaiin	Pulverzubereitung, Charge III	V13:SCOPED_RESIDUAL_HEAD_FORM	NEW_V13_ATTESTED_CONCRETE_DEFAULT	KNOWN_EXACT_WHOLE	90
podaiin	Pulverzubereitung, Dosis III	V13:SCOPED_RESIDUAL_HEAD_FORM	NEW_V13_ATTESTED_CONCRETE_DEFAULT	KNOWN_EXACT_WHOLE	90
pody	Pulver, fertig aufbereitet	V13:SCOPED_RESIDUAL_HEAD_FORM	NEW_V13_ATTESTED_CONCRETE_DEFAULT	KNOWN_EXACT_WHOLE	90
poiin	Pulverzubereitung, Form III	V13:SCOPED_RESIDUAL_HEAD_FORM	NEW_V13_ATTESTED_CONCRETE_DEFAULT	KNOWN_EXACT_WHOLE	90
pol	Pulverstoff	V13:SCOPED_CONCRETE_HEAD_FORM	NEW_V12_ATTESTED_CONCRETE_DEFAULT	KNOWN_EXACT_WHOLE	90
polchedy	getrockneter Pulverstoff/-ansatz	V13:SCOPED_RESIDUAL_HEAD_FORM	NEW_V13_ATTESTED_CONCRETE_DEFAULT	KNOWN_EXACT_WHOLE	90
por	Pulverportion	V13:SCOPED_CONCRETE_HEAD_FORM	NEW_V12_ATTESTED_CONCRETE_DEFAULT	KNOWN_EXACT_WHOLE	90
poraiin	Pulverportion III	V13:SCOPED_RESIDUAL_HEAD_FORM	NEW_V13_ATTESTED_CONCRETE_DEFAULT	KNOWN_EXACT_WHOLE	90
poral	Pulver-Rohstoffportion	V13:SCOPED_RESIDUAL_HEAD_FORM	NEW_V13_ATTESTED_CONCRETE_DEFAULT	KNOWN_EXACT_WHOLE	90
posaiin	Salzpulver-Zubereitung III	V13:TARGET_SURFACE_DEFAULT	NEW_V11_TARGET_DEFAULT	KNOWN_EXACT_WHOLE	80
pshedy	angefeuchtetes Pulver/Paste	V13:SCOPED_CONCRETE_HEAD_FORM	NEW_V12_ATTESTED_CONCRETE_DEFAULT	KNOWN_EXACT_WHOLE	90
pshey	angefeuchtetes Pulver, Form I	V13:SCOPED_RESIDUAL_HEAD_FORM	NEW_V13_ATTESTED_CONCRETE_DEFAULT	KNOWN_EXACT_WHOLE	90
py	Pulver in Grundform	V13:SCOPED_RESIDUAL_HEAD_FORM	NEW_V13_ATTESTED_CONCRETE_DEFAULT	KNOWN_EXACT_WHOLE	90
qekeochor	heiße trocken angesetzte Drogenportion	GDT661:EXACT_WHOLE	LOW_EXPLORATORY	KNOWN_EXACT_WHOLE	220
qo	nehmen	GDT662:EXACT_WHOLE	STRONG_PRACTICAL_OR_COMPOSITIONAL	KNOWN_EXACT_WHOLE	225
qoal	Rohstoffklasse I	GDT656:NEW_EXACT_WHOLE	EXACT_WHOLE_AL_QUALITY_POSITION_SHELL	KNOWN_EXACT_WHOLE	154
qoar	Drogenfraktion I	GDT654:NEW_EXACT_WHOLE	EXACT_WHOLE_AR_OR_CONSOLIDATION	KNOWN_EXACT_WHOLE	150
qoctheol	Krautgrundstoff	GDT662:EXACT_WHOLE	LOW_EXPLORATORY	KNOWN_EXACT_WHOLE	225
qodaiin	Qualitätsgrad III	GDT662:EXACT_WHOLE	STRONG_PRACTICAL_OR_COMPOSITIONAL	KNOWN_EXACT_WHOLE	225
qodaim	nimm zwei Maße	GDT664:EXACT_WHOLE	LOW_EXPLORATORY	KNOWN_EXACT_WHOLE	230
qodain	Qualitätsgrad II	GDT660:EXACT_WHOLE	PROVISIONAL_CONCRETE_EXACT_WHOLE	KNOWN_EXACT_WHOLE	210
qodal	abgemessene Rohstoffmenge I im Ansatz	GDT655:NEW_EXACT_WHOLE	EXACT_WHOLE_DAL_AL_CONSOLIDATION	KNOWN_EXACT_WHOLE	152
qodchy	nimm eine Dosis Trockendroge	GDT664:EXACT_WHOLE	MEDIUM_EXACT_WHOLE	KNOWN_EXACT_WHOLE	230
qoeeeety	lasse den Ansatz vollständig abkühlen und ruhen	GDT664:EXACT_WHOLE	LOW_EXPLORATORY	KNOWN_EXACT_WHOLE	230
qoeey	nimm die Endportion hinzu	GDT664:EXACT_WHOLE	LOW_EXPLORATORY	KNOWN_EXACT_WHOLE	230
qok	erhitze Folgendes	GDT664:CONTEXT_SHORT_DEFAULT	CONTEXT_READER_MERGE__FREE_DEFAULT_EXPLORATORY	KNOWN_CONTEXT_LICENSED	230
qokaiiin	heiß im qo-Rahmen, Grad IV	V13:QUALITY_DEGREE_SERIES	PRODUCTIVE_EXACT_SERIES	KNOWN_CONTEXT_LICENSED	70
qokaiin	heiß, Grad III	V13:TARGET_SURFACE_DEFAULT	NEW_V11_TARGET_DEFAULT	KNOWN_EXACT_WHOLE	80
qokain	heiß, Grad II	V13:TARGET_SURFACE_DEFAULT	NEW_V11_TARGET_DEFAULT	KNOWN_EXACT_WHOLE	80
qokal	Rohstoffklasse I, heiß am Gradanfang	GDT656:REVISE_AL_QUALITY_MODEL	EXACT_WHOLE_AL_QUALITY_POSITION_SHELL	KNOWN_EXACT_WHOLE	154
qokam	nimm ein Maß und erhitze es	GDT664:EXACT_WHOLE	STRONG_PRACTICAL_OR_COMPOSITIONAL	KNOWN_EXACT_WHOLE	230
qokan	heiß im qo-Rahmen, Grad I	V13:QUALITY_DEGREE_SERIES	PRODUCTIVE_EXACT_SERIES	KNOWN_CONTEXT_LICENSED	70
qokar	heiße Drogenfraktion I	GDT654:REVISE_CONFLICTING_EXACT	EXACT_WHOLE_AR_OR_CONSOLIDATION	KNOWN_EXACT_WHOLE	150
qokchal	Rohstoffklasse I, heiß-trocken am Gradanfang	GDT657:READER_UNSTABLE_LOCAL_ANALOGY	EXACT_WHOLE_MULTI_QUALITY_AL_ORDER	KNOWN_EXACT_WHOLE	155
qokchd	abgemessene heiß-trockene Droge	GDT663:EXACT_WHOLE	MEDIUM_EXACT_WHOLE	KNOWN_EXACT_WHOLE	230
qokchdy	heiß und trocken am Anfang des Grades, abgeschlossen	GDT647:FAMILY_MIGRATION	EXACT_QUALITY_SUBDEGREE_FAMILY	KNOWN_EXACT_WHOLE	130
qokchdyl	heiß-trocken aufbereitetes Drogenholz	GDT662:EXACT_WHOLE	LOW_EXPLORATORY	KNOWN_EXACT_WHOLE	225
qokchedy	heiß und trocken in der Mitte des Grades, abgeschlossen	GDT647:FAMILY_MIGRATION	EXACT_QUALITY_SUBDEGREE_FAMILY	KNOWN_EXACT_WHOLE	130
qokcheedy	heiß und trocken am Ende des Grades, abgeschlossen	GDT647:FAMILY_MIGRATION	EXACT_QUALITY_SUBDEGREE_FAMILY	KNOWN_EXACT_WHOLE	130
qokcheey	heiß und trocken am Ende des Grades	GDT647:FAMILY_MIGRATION	EXACT_QUALITY_SUBDEGREE_FAMILY	KNOWN_EXACT_WHOLE	130
qokchey	heiß und trocken in der Mitte des Grades	GDT647:FAMILY_MIGRATION	EXACT_QUALITY_SUBDEGREE_FAMILY	KNOWN_EXACT_WHOLE	130
qokchol	heiß-trockenes Drogenmaterial	GDT663:EXACT_WHOLE	STRONG_PRACTICAL_OR_COMPOSITIONAL	KNOWN_EXACT_WHOLE	230
qokchy	heiß und trocken am Anfang des Grades	GDT647:FAMILY_MIGRATION	EXACT_QUALITY_SUBDEGREE_FAMILY	KNOWN_EXACT_WHOLE	130
qokdy	heiß am Anfang des Grades, abgeschlossen	GDT647:FAMILY_MIGRATION	EXACT_QUALITY_SUBDEGREE_FAMILY	KNOWN_EXACT_WHOLE	130
qokeal	Rohstoffklasse I, heiß in der Gradmitte	GDT656:NEW_EXACT_WHOLE	EXACT_WHOLE_AL_QUALITY_POSITION_SHELL	KNOWN_EXACT_WHOLE	154
qokechdy	erhitze und trockne bis zum Abschluss	GDT664:EXACT_WHOLE	MEDIUM_EXACT_WHOLE	KNOWN_EXACT_WHOLE	230
qokechey	heiß getrocknete Droge, Mittelstufe	GDT663:EXACT_WHOLE	MEDIUM_EXACT_WHOLE	KNOWN_EXACT_WHOLE	230
qokedy	heiß in der Mitte des Grades, abgeschlossen	GDT647:FAMILY_MIGRATION	EXACT_QUALITY_SUBDEGREE_FAMILY	KNOWN_EXACT_WHOLE	130
qokeeaiin	erhitze drei Teile bis zur Endstufe	GDT664:EXACT_WHOLE	MEDIUM_EXACT_WHOLE	KNOWN_EXACT_WHOLE	230
qokeeal	Rohstoffklasse I, heiß am Gradende	GDT656:NEW_EXACT_WHOLE	EXACT_WHOLE_AL_QUALITY_POSITION_SHELL	KNOWN_EXACT_WHOLE	154
qokeed	erhitze bis zur Endstufe und schließe ab	GDT664:EXACT_WHOLE	STRONG_PRACTICAL_OR_COMPOSITIONAL	KNOWN_EXACT_WHOLE	230
qokeedy	heiß am Ende des Grades, abgeschlossen	GDT647:FAMILY_MIGRATION	EXACT_QUALITY_SUBDEGREE_FAMILY	KNOWN_EXACT_WHOLE	130
qokeeedy	heißer Zustand, Bindungsstufe III	V13:TARGET_SURFACE_DEFAULT	NEW_V11_TARGET_DEFAULT	KNOWN_EXACT_WHOLE	80
qokeeey	stark erhitzt, Endstufe III	GDT662:EXACT_WHOLE	MEDIUM_EXACT_WHOLE	KNOWN_EXACT_WHOLE	225
qokeeo	heißer Ansatz, Bindungsstufe II	V13:TARGET_SURFACE_DEFAULT	NEW_V11_TARGET_DEFAULT	KNOWN_EXACT_WHOLE	80
qokeeody	vollständig ausgekochter Ansatz	GDT663:EXACT_WHOLE	STRONG_PRACTICAL_OR_COMPOSITIONAL	KNOWN_EXACT_WHOLE	230
qokeey	heiß am Ende des Grades	GDT647:FAMILY_MIGRATION	EXACT_QUALITY_SUBDEGREE_FAMILY	KNOWN_EXACT_WHOLE	130
qokeo	bereite einen heißen Auszug	GDT664:EXACT_WHOLE	MEDIUM_EXACT_WHOLE	KNOWN_EXACT_WHOLE	230
qokey	heiß in der Mitte des Grades	GDT647:FAMILY_MIGRATION	EXACT_QUALITY_SUBDEGREE_FAMILY	KNOWN_EXACT_WHOLE	130
qokol	erhitzen	GDT662:EXACT_WHOLE	STRONG_PRACTICAL_OR_COMPOSITIONAL	KNOWN_EXACT_WHOLE	225
qokor	heiße Drogenportion	GDT654:NEW_EXACT_WHOLE	EXACT_WHOLE_AR_OR_CONSOLIDATION	KNOWN_EXACT_WHOLE	150
qokorar	heiße Drogenportion, Fraktion I	GDT661:EXACT_WHOLE	MEDIUM_EXACT_WHOLE	KNOWN_EXACT_WHOLE	220
qokshdy	heiß und feucht am Anfang des Grades, abgeschlossen	GDT647:FAMILY_MIGRATION	EXACT_QUALITY_SUBDEGREE_FAMILY	KNOWN_EXACT_WHOLE	130
qokshedy	heiß und feucht in der Mitte des Grades, abgeschlossen	GDT647:FAMILY_MIGRATION	EXACT_QUALITY_SUBDEGREE_FAMILY	KNOWN_EXACT_WHOLE	130
qoksheedy	heiß und feucht am Ende des Grades, abgeschlossen	GDT647:FAMILY_MIGRATION_READER_WARNING	ZL3B_QUALITY_SUBDEGREE_READER_WARNING	KNOWN_READER_VARIANT_WHOLE	130
qokshey	heiß und feucht in der Mitte des Grades	GDT647:FAMILY_MIGRATION	EXACT_QUALITY_SUBDEGREE_FAMILY	KNOWN_EXACT_WHOLE	130
qokshy	heiß und feucht am Anfang des Grades	GDT647:FAMILY_MIGRATION	EXACT_QUALITY_SUBDEGREE_FAMILY	KNOWN_EXACT_WHOLE	130
qoky	heiß am Anfang des Grades	GDT647:FAMILY_MIGRATION	EXACT_QUALITY_SUBDEGREE_FAMILY	KNOWN_EXACT_WHOLE	130
qol	Drogenstoff zugeben	GDT662:EXACT_WHOLE	STRONG_PRACTICAL_OR_COMPOSITIONAL	KNOWN_EXACT_WHOLE	225
qolkchey	gib heiß getrocknete Droge hinzu	GDT664:EXACT_WHOLE	MEDIUM_EXACT_WHOLE	KNOWN_EXACT_WHOLE	230
qolkeeoly	erhitzte Drogenbasis; danach abseihen	GDT662:EXACT_WHOLE	LOW_EXPLORATORY	KNOWN_EXACT_WHOLE	225
qoly	gib Vorstehendes hinzu und schließe die Zugabe ab	GDT663:EXACT_WHOLE	STRONG_PRACTICAL_OR_COMPOSITIONAL	KNOWN_EXACT_WHOLE	230
qooldy	gib den fertigen Auszug hinzu	GDT664:EXACT_WHOLE	MEDIUM_EXACT_WHOLE	KNOWN_EXACT_WHOLE	230
qoor	Drogenportion	GDT654:NEW_EXACT_WHOLE	EXACT_WHOLE_AR_OR_CONSOLIDATION	KNOWN_EXACT_WHOLE	150
qopchdy	nimm fertig getrocknetes Pulver	GDT664:EXACT_WHOLE	MEDIUM_EXACT_WHOLE	KNOWN_EXACT_WHOLE	230
qor	nimm eine Drogenportion	GDT663:EXACT_WHOLE	STRONG_PRACTICAL_OR_COMPOSITIONAL	KNOWN_EXACT_WHOLE	230
qoraiin	nimm eine Drogenportion, Menge III	GDT663:EXACT_WHOLE	MEDIUM_EXACT_WHOLE	KNOWN_EXACT_WHOLE	230
qorchain	nimm zwei Teile Trockendroge	GDT664:EXACT_WHOLE	MEDIUM_EXACT_WHOLE	KNOWN_EXACT_WHOLE	230
qotaiiin	kalt im qo-Rahmen, Grad IV	V13:QUALITY_DEGREE_SERIES	PRODUCTIVE_EXACT_SERIES	KNOWN_CONTEXT_LICENSED	70
qotaiin	kalt, Grad III	V13:TARGET_SURFACE_DEFAULT	NEW_V11_TARGET_DEFAULT	KNOWN_EXACT_WHOLE	80
qotain	kalt im qo-Rahmen, Grad II	V13:QUALITY_DEGREE_SERIES	PRODUCTIVE_EXACT_SERIES	KNOWN_CONTEXT_LICENSED	70
qotainol	kaltes Material, Grad II	V13:TARGET_SURFACE_DEFAULT	NEW_V11_TARGET_DEFAULT	KNOWN_EXACT_WHOLE	80
qotal	Rohstoffklasse I, kalt am Gradanfang	GDT656:NEW_EXACT_WHOLE	EXACT_WHOLE_AL_QUALITY_POSITION_SHELL	KNOWN_EXACT_WHOLE	154
qotaldy	kalter Rohstoff I, fertig aufbereitet	GDT663:EXACT_WHOLE	MEDIUM_EXACT_WHOLE	KNOWN_EXACT_WHOLE	230
qotam	nimm ein Maß kalten Ansatzes	GDT664:EXACT_WHOLE	MEDIUM_EXACT_WHOLE	KNOWN_EXACT_WHOLE	230
qotan	kalt im qo-Rahmen, Grad I	V13:QUALITY_DEGREE_SERIES	PRODUCTIVE_EXACT_SERIES	KNOWN_CONTEXT_LICENSED	70
qotar	kalte Drogenfraktion I	GDT654:NEW_EXACT_WHOLE	EXACT_WHOLE_AR_OR_CONSOLIDATION	KNOWN_EXACT_WHOLE	150
qotchdy	kalt und trocken am Anfang des Grades, abgeschlossen	GDT647:FAMILY_MIGRATION	EXACT_QUALITY_SUBDEGREE_FAMILY	KNOWN_EXACT_WHOLE	130
qotchedy	kalt und trocken in der Mitte des Grades, abgeschlossen	GDT647:FAMILY_MIGRATION	EXACT_QUALITY_SUBDEGREE_FAMILY	KNOWN_EXACT_WHOLE	130
qotcheedy	kalt und trocken am Ende des Grades, abgeschlossen	GDT647:FAMILY_MIGRATION	EXACT_QUALITY_SUBDEGREE_FAMILY	KNOWN_EXACT_WHOLE	130
qotcheey	kalt und trocken am Ende des Grades	GDT647:FAMILY_MIGRATION_READER_WARNING	ZL3B_QUALITY_SUBDEGREE_READER_WARNING	KNOWN_READER_VARIANT_WHOLE	130
qotchey	kalt und trocken in der Mitte des Grades	GDT647:FAMILY_MIGRATION	EXACT_QUALITY_SUBDEGREE_FAMILY	KNOWN_EXACT_WHOLE	130
qotchod	kalt-trockene Zubereitung, fertig gebunden	GDT644:ROUND_04	EXACT_ZL3B_WHOLE_DOWNSTREAM_COMPLETION	KNOWN_EXACT_WHOLE	125
qotchol	Material: kalt und trocken	GDT638:ROUND_05	EXACT_WHOLE_SURFACE_PROMOTION	KNOWN_EXACT_WHOLE	110
qotchor	kalt-trockene Drogenportion	GDT639:ROUND_01	EXACT_WHOLE_SURFACE_COMPONENT_REPAIR	KNOWN_EXACT_WHOLE	120
qotchy	kalt und trocken am Anfang des Grades	GDT647:FAMILY_MIGRATION	EXACT_QUALITY_SUBDEGREE_FAMILY	KNOWN_EXACT_WHOLE	130
qotdy	kalt am Anfang des Grades, abgeschlossen	GDT647:FAMILY_MIGRATION_READER_WARNING	ZL3B_QUALITY_SUBDEGREE_READER_WARNING	KNOWN_READER_VARIANT_WHOLE	130
qoteal	Rohstoffklasse I, kalt in der Gradmitte	GDT656:NEW_EXACT_WHOLE	EXACT_WHOLE_AL_QUALITY_POSITION_SHELL	KNOWN_EXACT_WHOLE	154
qotedy	kalt in der Mitte des Grades, abgeschlossen	GDT647:FAMILY_MIGRATION	EXACT_QUALITY_SUBDEGREE_FAMILY	KNOWN_EXACT_WHOLE	130
qoteedy	kalt am Ende des Grades, abgeschlossen	GDT647:FAMILY_MIGRATION	EXACT_QUALITY_SUBDEGREE_FAMILY	KNOWN_EXACT_WHOLE	130
qoteees	kalter Qualitätsendwert, abgeschlossen	GDT661:EXACT_WHOLE	LOW_EXPLORATORY	KNOWN_EXACT_WHOLE	220
qoteey	kalt am Ende des Grades	GDT647:FAMILY_MIGRATION	EXACT_QUALITY_SUBDEGREE_FAMILY	KNOWN_EXACT_WHOLE	130
qotey	kalt in der Mitte des Grades	GDT647:FAMILY_MIGRATION	EXACT_QUALITY_SUBDEGREE_FAMILY	KNOWN_EXACT_WHOLE	130
qoteytyqoky	zunächst bis Mittelstufe kühlen, dann heiß ansetzen	GDT663:EXACT_WHOLE	LOW_EXPLORATORY	KNOWN_EXACT_WHOLE	230
qotl	kalte Holzdroge	GDT663:EXACT_WHOLE	MEDIUM_EXACT_WHOLE	KNOWN_EXACT_WHOLE	230
qotoeey	kühle den Ansatz vollständig	GDT664:EXACT_WHOLE	MEDIUM_EXACT_WHOLE	KNOWN_EXACT_WHOLE	230
qotoiin	kalte Zubereitung, Form III	GDT663:EXACT_WHOLE	MEDIUM_EXACT_WHOLE	KNOWN_EXACT_WHOLE	230
qotol	kaltes Material	V13:TARGET_SURFACE_DEFAULT	NEW_V11_TARGET_DEFAULT	KNOWN_EXACT_WHOLE	80
qotor	kalte Drogenportion	GDT640:ROUND_02	EXACT_WHOLE_SURFACE_DOWNSTREAM_PREDICTION	KNOWN_EXACT_WHOLE	121
qotshdy	kalt und feucht am Anfang des Grades, abgeschlossen	GDT647:FAMILY_MIGRATION	EXACT_QUALITY_SUBDEGREE_FAMILY	KNOWN_EXACT_WHOLE	130
qotshedy	kalt und feucht in der Mitte des Grades, abgeschlossen	GDT647:FAMILY_MIGRATION	EXACT_QUALITY_SUBDEGREE_FAMILY	KNOWN_EXACT_WHOLE	130
qotshey	kalt und feucht in der Mitte des Grades	GDT647:FAMILY_MIGRATION	EXACT_QUALITY_SUBDEGREE_FAMILY	KNOWN_EXACT_WHOLE	130
qotshy	kalt und feucht am Anfang des Grades	GDT647:FAMILY_MIGRATION	EXACT_QUALITY_SUBDEGREE_FAMILY	KNOWN_EXACT_WHOLE	130
qoty	kalt am Anfang des Grades	GDT647:FAMILY_MIGRATION	EXACT_QUALITY_SUBDEGREE_FAMILY	KNOWN_EXACT_WHOLE	130
qoykam	nimm hiervon ein Maß und erhitze es	GDT664:EXACT_WHOLE	MEDIUM_EXACT_WHOLE	KNOWN_EXACT_WHOLE	230
qykaiin	erhitze hiervon bis Stufe III	GDT664:EXACT_WHOLE	MEDIUM_EXACT_WHOLE	KNOWN_EXACT_WHOLE	230
ra	Wurzelanteil	GDT662:EXACT_WHOLE	MEDIUM_EXACT_WHOLE	KNOWN_EXACT_WHOLE	225
raiin	Wurzel, Typ/Charge III	V13:SCOPED_CONCRETE_HEAD_FORM	NEW_V12_ATTESTED_CONCRETE_DEFAULT	KNOWN_EXACT_WHOLE	90
raiir	Wurzeldroge: Teil-/Sortierklasse III	GDT637:ATTESTED_LADDER_CELL	SCOPED_LADDER_EXTENSION	KNOWN_EXACT_WHOLE	100
rair	Wurzelfraktion II	V13:SCOPED_RESIDUAL_HEAD_FORM	NEW_V13_ATTESTED_CONCRETE_DEFAULT	KNOWN_EXACT_WHOLE	90
ral	Wurzelrohstoff I	V13:SCOPED_RESIDUAL_HEAD_FORM	NEW_V13_ATTESTED_CONCRETE_DEFAULT	KNOWN_EXACT_WHOLE	90
ram	Wurzel/Wurzeldroge: Maß-/Einheitsform I	V13:SCOPED_RESIDUAL_HEAD_FORM	NEW_V13_ATTESTED_CONCRETE_DEFAULT	KNOWN_EXACT_WHOLE	90
rar	Wurzelfraktion I	V13:SCOPED_RESIDUAL_HEAD_FORM	NEW_V13_ATTESTED_CONCRETE_DEFAULT	KNOWN_EXACT_WHOLE	90
raralchl	trockne die rohe Wurzelfraktion I	GDT664:EXACT_WHOLE	LOW_EXPLORATORY	KNOWN_EXACT_WHOLE	230
rchdy	Wurzel/Wurzeldroge, getrocknete Kurz-/Kompaktform	V13:SCOPED_RESIDUAL_HEAD_FORM	NEW_V13_ATTESTED_CONCRETE_DEFAULT	KNOWN_EXACT_WHOLE	90
rcheald	getrockneter Wurzelstoff	V13:TARGET_SURFACE_DEFAULT	NEW_V11_TARGET_DEFAULT	KNOWN_EXACT_WHOLE	80
rchedy	getrocknete Wurzel	V13:SCOPED_CONCRETE_HEAD_FORM	NEW_V12_ATTESTED_CONCRETE_DEFAULT	KNOWN_EXACT_WHOLE	90
rcheey	Wurzel/Wurzeldroge, trocken gebunden, Form II	V13:SCOPED_RESIDUAL_HEAD_FORM	NEW_V13_ATTESTED_CONCRETE_DEFAULT	KNOWN_EXACT_WHOLE	90
rcheo	trockene Wurzel/Wurzeldrogezubereitung/Trockenansatz	V13:SCOPED_RESIDUAL_HEAD_FORM	NEW_V13_ATTESTED_CONCRETE_DEFAULT	KNOWN_EXACT_WHOLE	90
rchey	Wurzel/Wurzeldroge, trocken gebunden, Form I	V13:SCOPED_RESIDUAL_HEAD_FORM	NEW_V13_ATTESTED_CONCRETE_DEFAULT	KNOWN_EXACT_WHOLE	90
rchol	trockener Wurzel/Wurzeldrogestoff/Trockengut	V13:SCOPED_RESIDUAL_HEAD_FORM	NEW_V13_ATTESTED_CONCRETE_DEFAULT	KNOWN_EXACT_WHOLE	90
rchy	Wurzel/Wurzeldroge, trockene Grundform	V13:SCOPED_RESIDUAL_HEAD_FORM	NEW_V13_ATTESTED_CONCRETE_DEFAULT	KNOWN_EXACT_WHOLE	90
rkar	heiße Wurzelfraktion I	GDT654:NEW_EXACT_WHOLE	EXACT_WHOLE_AR_OR_CONSOLIDATION	KNOWN_EXACT_WHOLE	150
roaiin	Wurzel/Wurzeldrogezubereitung, Charge III	V13:SCOPED_RESIDUAL_HEAD_FORM	NEW_V13_ATTESTED_CONCRETE_DEFAULT	KNOWN_EXACT_WHOLE	90
rodaiin	Wurzel/Wurzeldrogezubereitung, Dosis III	V13:SCOPED_RESIDUAL_HEAD_FORM	NEW_V13_ATTESTED_CONCRETE_DEFAULT	KNOWN_EXACT_WHOLE	90
rody	Wurzel/Wurzeldroge, fertig aufbereitet	V13:SCOPED_RESIDUAL_HEAD_FORM	NEW_V13_ATTESTED_CONCRETE_DEFAULT	KNOWN_EXACT_WHOLE	90
roiiin	Wurzeldroge: Formklasse IV	GDT637:ATTESTED_LADDER_CELL	SCOPED_LADDER_EXTENSION	KNOWN_EXACT_WHOLE	100
roiin	Wurzel/Wurzeldrogezubereitung, Form III	V13:SCOPED_RESIDUAL_HEAD_FORM	NEW_V13_ATTESTED_CONCRETE_DEFAULT	KNOWN_EXACT_WHOLE	90
rol	Wurzelstoff	V13:SCOPED_CONCRETE_HEAD_FORM	NEW_V12_ATTESTED_CONCRETE_DEFAULT	KNOWN_EXACT_WHOLE	90
rolchedy	getrockneter Wurzel/Wurzeldrogestoff/-ansatz	V13:SCOPED_RESIDUAL_HEAD_FORM	NEW_V13_ATTESTED_CONCRETE_DEFAULT	KNOWN_EXACT_WHOLE	90
rolchey	getrockneter Wurzelstoff, Mittelstufe	GDT663:EXACT_WHOLE	MEDIUM_EXACT_WHOLE	KNOWN_EXACT_WHOLE	230
rolkeedy	erhitze den Wurzelauszug vollständig	GDT664:EXACT_WHOLE	MEDIUM_EXACT_WHOLE	KNOWN_EXACT_WHOLE	230
ror	Wurzelportion	V13:SCOPED_CONCRETE_HEAD_FORM	NEW_V12_ATTESTED_CONCRETE_DEFAULT	KNOWN_EXACT_WHOLE	90
roraiin	Wurzelportion III	V13:SCOPED_RESIDUAL_HEAD_FORM	NEW_V13_ATTESTED_CONCRETE_DEFAULT	KNOWN_EXACT_WHOLE	90
roral	Wurzel-Rohstoffportion	V13:SCOPED_RESIDUAL_HEAD_FORM	NEW_V13_ATTESTED_CONCRETE_DEFAULT	KNOWN_EXACT_WHOLE	90
rory	Wurzelportion, Grundform	GDT663:EXACT_WHOLE	MEDIUM_EXACT_WHOLE	KNOWN_EXACT_WHOLE	230
rshedy	eingeweichte Wurzel	V13:SCOPED_CONCRETE_HEAD_FORM	NEW_V12_ATTESTED_CONCRETE_DEFAULT	KNOWN_EXACT_WHOLE	90
rshey	eingeweichte Wurzel, Form I	V13:SCOPED_RESIDUAL_HEAD_FORM	NEW_V13_ATTESTED_CONCRETE_DEFAULT	KNOWN_EXACT_WHOLE	90
ry	rohe Wurzel	V13:SCOPED_RESIDUAL_HEAD_FORM	NEW_V13_ATTESTED_CONCRETE_DEFAULT	KNOWN_EXACT_WHOLE	90
sa	gib Saatgut zu	GDT664:CONTEXT_SHORT_DEFAULT	CONTEXT_READER_MERGE__FREE_DEFAULT_EXPLORATORY	KNOWN_CONTEXT_LICENSED	230
saii	Saatgutmenge III	GDT661:EXACT_WHOLE	LOW_EXPLORATORY	KNOWN_EXACT_WHOLE	220
saiiin	Saatgutcharge IV	GDT662:EXACT_WHOLE	MEDIUM_EXACT_WHOLE	KNOWN_EXACT_WHOLE	225
saiim	Samendroge: Mengenklasse III	GDT637:ATTESTED_LADDER_CELL	SCOPED_LADDER_EXTENSION	KNOWN_EXACT_WHOLE	100
saiin	Samen/Saatgut, Typ/Charge III	V13:SCOPED_CONCRETE_HEAD_FORM	NEW_V12_ATTESTED_CONCRETE_DEFAULT	KNOWN_EXACT_WHOLE	90
saiir	Samendroge: Teil-/Sortierklasse III	GDT637:ATTESTED_LADDER_CELL	SCOPED_LADDER_EXTENSION	KNOWN_EXACT_WHOLE	100
saim	Samendroge: Mengenklasse II	GDT637:ATTESTED_LADDER_CELL	SCOPED_LADDER_EXTENSION	KNOWN_EXACT_WHOLE	100
sain	Saatgut, Typ/Charge II	GDT661:EXACT_WHOLE	STRONG_FAMILY_COMPOSITION	KNOWN_EXACT_WHOLE	220
sair	Samenfraktion II	V13:SCOPED_RESIDUAL_HEAD_FORM	NEW_V13_ATTESTED_CONCRETE_DEFAULT	KNOWN_EXACT_WHOLE	90
sal	Saat-Rohstoff I	V13:SCOPED_RESIDUAL_HEAD_FORM	NEW_V13_ATTESTED_CONCRETE_DEFAULT	KNOWN_EXACT_WHOLE	90
salchey	Saatrohstoff bis zur mittleren Trockenstufe	GDT664:EXACT_WHOLE	MEDIUM_EXACT_WHOLE	KNOWN_EXACT_WHOLE	230
salchtedytar	fertig getrocknete, abgekühlte Samenfraktion I	GDT663:EXACT_WHOLE	LOW_EXPLORATORY	KNOWN_EXACT_WHOLE	230
salshey	Saatrohstoff bis zur mittleren Einweichstufe	GDT664:EXACT_WHOLE	MEDIUM_EXACT_WHOLE	KNOWN_EXACT_WHOLE	230
saltar	kalte Saatgutfraktion I	GDT664:EXACT_WHOLE	MEDIUM_EXACT_WHOLE	KNOWN_EXACT_WHOLE	230
sam	Samen/Saatgut: Maß-/Einheitsform I	V13:SCOPED_RESIDUAL_HEAD_FORM	NEW_V13_ATTESTED_CONCRETE_DEFAULT	KNOWN_EXACT_WHOLE	90
sar	Samenfraktion I	V13:SCOPED_RESIDUAL_HEAD_FORM	NEW_V13_ATTESTED_CONCRETE_DEFAULT	KNOWN_EXACT_WHOLE	90
saral	rohe Samenfraktion I	GDT663:EXACT_WHOLE	MEDIUM_EXACT_WHOLE	KNOWN_EXACT_WHOLE	230
say	gib eine Gabe Saatgut zu	GDT664:EXACT_WHOLE	MEDIUM_EXACT_WHOLE	KNOWN_EXACT_WHOLE	230
schaiin	getrocknetes Saatgut, Stufe III	GDT664:EXACT_WHOLE	MEDIUM_EXACT_WHOLE	KNOWN_EXACT_WHOLE	230
schdy	Samen/Saatgut, getrocknete Kurz-/Kompaktform	V13:SCOPED_RESIDUAL_HEAD_FORM	NEW_V13_ATTESTED_CONCRETE_DEFAULT	KNOWN_EXACT_WHOLE	90
schedy	getrocknete Samen/Saat	V13:SCOPED_CONCRETE_HEAD_FORM	NEW_V12_ATTESTED_CONCRETE_DEFAULT	KNOWN_EXACT_WHOLE	90
scheey	Samen/Saatgut, trocken gebunden, Form II	V13:SCOPED_RESIDUAL_HEAD_FORM	NEW_V13_ATTESTED_CONCRETE_DEFAULT	KNOWN_EXACT_WHOLE	90
scheo	trockene Samen/Saatgutzubereitung/Trockenansatz	V13:SCOPED_RESIDUAL_HEAD_FORM	NEW_V13_ATTESTED_CONCRETE_DEFAULT	KNOWN_EXACT_WHOLE	90
schesy	getrocknete Samendroge	GDT663:EXACT_WHOLE	MEDIUM_EXACT_WHOLE	KNOWN_EXACT_WHOLE	230
schey	Samen/Saatgut, trocken gebunden, Form I	V13:SCOPED_RESIDUAL_HEAD_FORM	NEW_V13_ATTESTED_CONCRETE_DEFAULT	KNOWN_EXACT_WHOLE	90
schodain	trockener Samenansatz, Dosis II	GDT662:EXACT_WHOLE	MEDIUM_EXACT_WHOLE	KNOWN_EXACT_WHOLE	225
schokey	heiß-trockener Samenansatz in der Gradmitte	GDT660:EXACT_WHOLE	PROVISIONAL_CONCRETE_EXACT_WHOLE	KNOWN_EXACT_WHOLE	210
schol	trockener Samen/Saatgutstoff/Trockengut	V13:SCOPED_RESIDUAL_HEAD_FORM	NEW_V13_ATTESTED_CONCRETE_DEFAULT	KNOWN_EXACT_WHOLE	90
schos	trockene Arzneimischung aus Samen	GDT658:EXACT_TWO_SLOTS_S_WHOLE	EXACT_WHOLE_RESIDUAL_CONCRETE_COMPLETION	KNOWN_EXACT_WHOLE	156
schy	Samen/Saatgut, trockene Grundform	V13:SCOPED_RESIDUAL_HEAD_FORM	NEW_V13_ATTESTED_CONCRETE_DEFAULT	KNOWN_EXACT_WHOLE	90
shaiiin	feucht, Grad IV	V13:QUALITY_DEGREE_SERIES	PRODUCTIVE_EXACT_SERIES	KNOWN_CONTEXT_LICENSED	70
shaiin	feucht, Grad III	V13:QUALITY_DEGREE_SERIES	PRODUCTIVE_EXACT_SERIES	KNOWN_CONTEXT_LICENSED	70
shain	feucht, Grad II	V13:QUALITY_DEGREE_SERIES	PRODUCTIVE_EXACT_SERIES	KNOWN_CONTEXT_LICENSED	70
shal	Rohstoffklasse I, feucht am Gradanfang	GDT656:NEW_EXACT_WHOLE	EXACT_WHOLE_AL_QUALITY_POSITION_SHELL	KNOWN_EXACT_WHOLE	154
sham	ein Maß Flüssigkeit	GDT662:EXACT_WHOLE	STRONG_PRACTICAL_OR_COMPOSITIONAL	KNOWN_EXACT_WHOLE	225
shan	feucht, Grad I	V13:QUALITY_DEGREE_SERIES	PRODUCTIVE_EXACT_SERIES	KNOWN_CONTEXT_LICENSED	70
shar	angefeuchtete Drogenfraktion I	GDT662:EXACT_WHOLE	STRONG_PRACTICAL_OR_COMPOSITIONAL	KNOWN_EXACT_WHOLE	225
shas	angefeuchtete Kräutermischung	GDT664:EXACT_WHOLE	MEDIUM_EXACT_WHOLE	KNOWN_EXACT_WHOLE	230
shckhdy	Arzneikompositum: feucht, Gradanfang, abgeschlossen	GDT651:PROVISIONAL_LOW_N_CKH_FAMILY	EXACT_WHOLE_FAMILY_EXTENSION	KNOWN_EXACT_WHOLE	147
shckhedy	Arzneikompositum: feucht, Gradmitte, abgeschlossen	GDT651:PROVISIONAL_LOW_N_CKH_FAMILY	EXACT_WHOLE_FAMILY_EXTENSION	KNOWN_EXACT_WHOLE	147
shckheody	fertig angesetztes feuchtes Arzneikompositum	GDT662:EXACT_WHOLE	LOW_EXPLORATORY	KNOWN_EXACT_WHOLE	225
shckhey	Arzneikompositum: feucht, Gradmitte	GDT651:STRONG_LEARNED_CKH_FAMILY	EXACT_WHOLE_FAMILY_EXTENSION	KNOWN_EXACT_WHOLE	147
shckhy	Arzneikompositum: feucht, Gradanfang	GDT651:STRONG_LEARNED_CKH_FAMILY	EXACT_WHOLE_FAMILY_EXTENSION	KNOWN_EXACT_WHOLE	147
shcthey	angefeuchtete Krautdroge, Form I	GDT664:EXACT_WHOLE	MEDIUM_EXACT_WHOLE	KNOWN_EXACT_WHOLE	230
shcthy	feuchte CTH-Materialform; im Herbal feuchtes Blatt-/Krautgut	V13:MOIST_CTH_MATERIAL	NEW_PRIMARY_WORKING_WORD__SEMANTIC_PROVISIONAL	KNOWN_CONTEXT_LICENSED	60
shdal	feuchte abgemessene Rohstoffmenge I am Gradanfang	GDT655:NEW_EXACT_WHOLE	EXACT_WHOLE_DAL_AL_CONSOLIDATION	KNOWN_EXACT_WHOLE	152
shdy	feucht am Anfang des Grades, abgeschlossen	GDT647:FAMILY_MIGRATION	EXACT_QUALITY_SUBDEGREE_FAMILY	KNOWN_EXACT_WHOLE	130
she	feucht, attributiv gebunden	V13:TARGET_SURFACE_DEFAULT	NEW_V11_TARGET_DEFAULT	KNOWN_EXACT_WHOLE	80
sheal	Rohstoffklasse I, feucht in der Gradmitte	GDT656:NEW_EXACT_WHOLE	EXACT_WHOLE_AL_QUALITY_POSITION_SHELL	KNOWN_EXACT_WHOLE	154
sheckhedy	feuchtes Arzneikompositum in der Gradmitte, abgeschlossen	GDT651:REVISED_FOUR_SHELL_CKH_GRID	EXACT_WHOLE_FAMILY_REVISION	KNOWN_EXACT_WHOLE	147
sheckhey	feuchtes Arzneikompositum in der Gradmitte	GDT651:REVISED_FOUR_SHELL_CKH_GRID	EXACT_WHOLE_FAMILY_REVISION	KNOWN_EXACT_WHOLE	147
sheckhy	feuchtes Arzneikompositum am Gradanfang	GDT651:REVISED_FOUR_SHELL_CKH_GRID	EXACT_WHOLE_FAMILY_REVISION	KNOWN_EXACT_WHOLE	147
shecthy	feuchtes CTH-Drogenmaterial; im Herbal feuchtes Blatt-/Krautgut	V13:MOIST_BOUND_CTH_MATERIAL	REVISED_V10_CONCRETE_DEFAULT	KNOWN_CONTEXT_LICENSED	60
shedal	feuchte abgemessene Rohstoffmenge I in der Gradmitte	GDT655:NEW_EXACT_WHOLE	EXACT_WHOLE_DAL_AL_CONSOLIDATION	KNOWN_EXACT_WHOLE	152
shedefam	ein Maß eingeweichter Blütendroge	GDT658:READER_WARNING_BOUND_F_WHOLE	EXACT_WHOLE_RESIDUAL_CONCRETE_COMPLETION	KNOWN_EXACT_WHOLE	156
shedy	feucht in der Mitte des Grades, abgeschlossen	GDT647:FAMILY_MIGRATION	EXACT_QUALITY_SUBDEGREE_FAMILY	KNOWN_EXACT_WHOLE	130
shee	vollständig anfeuchten	GDT663:EXACT_WHOLE	STRONG_PRACTICAL_OR_COMPOSITIONAL	KNOWN_EXACT_WHOLE	230
sheeal	Rohstoffklasse I, feucht am Gradende	GDT656:NEW_EXACT_WHOLE	EXACT_WHOLE_AL_QUALITY_POSITION_SHELL	KNOWN_EXACT_WHOLE	154
sheecthey	feuchtes CTH-Drogenmaterial, Form I, mit erweiterter Bindungsstufe II	V13:MOIST_EXTENDED_BOUND_CTH_FORM_I	NEW_V10_CONCRETE_DEFAULT	KNOWN_CONTEXT_LICENSED	60
sheed	Einweichung vollständig abgeschlossen	GDT664:EXACT_WHOLE	MEDIUM_EXACT_WHOLE	KNOWN_EXACT_WHOLE	230
sheedy	feucht am Ende des Grades, abgeschlossen	GDT647:FAMILY_MIGRATION	EXACT_QUALITY_SUBDEGREE_FAMILY	KNOWN_EXACT_WHOLE	130
sheekchy	vollständig anfeuchten, dann heiß-trocken ansetzen	GDT662:EXACT_WHOLE	MEDIUM_EXACT_WHOLE	KNOWN_EXACT_WHOLE	225
sheety	vollständig angefeuchtet und gekühlt	GDT663:EXACT_WHOLE	MEDIUM_EXACT_WHOLE	KNOWN_EXACT_WHOLE	230
sheey	feucht am Ende des Grades	GDT647:FAMILY_MIGRATION	EXACT_QUALITY_SUBDEGREE_FAMILY	KNOWN_EXACT_WHOLE	130
shekal	Rohstoffklasse I: feucht in der Gradmitte; heiß am Gradanfang	GDT657:EXACT_ORDERED_WHOLE	EXACT_WHOLE_MULTI_QUALITY_AL_ORDER	KNOWN_EXACT_WHOLE	155
sheo	Feuchtzubereitung	GDT650:STRONG_COMPOSITIONAL_SHELL	EXACT_WHOLE_FAMILY_EXTENSION	KNOWN_EXACT_WHOLE	145
sheoal	feucht angesetzte Zubereitung aus Rohstoffklasse I	GDT657:EXACT_PREPARATION_HEAD_WHOLE	EXACT_WHOLE_MULTI_QUALITY_AL_ORDER	KNOWN_EXACT_WHOLE	155
sheockhey	feucht angesetztes Arzneikompositum in der Gradmitte	GDT652:PROVISIONAL_LOW_N_COMPONENT_GRID	EXACT_WHOLE_FAMILY_EXTENSION	KNOWN_EXACT_WHOLE	148
sheockhy	feucht angesetztes Arzneikompositum am Gradanfang	GDT652:PROVISIONAL_LOW_N_COMPONENT_GRID	EXACT_WHOLE_FAMILY_EXTENSION	KNOWN_EXACT_WHOLE	148
sheocthy	attributiv feuchte CTH-Drogenzubereitung	V13:MOIST_BOUND_CTH_PREPARATION	REVISED_V10_CONCRETE_DEFAULT	KNOWN_CONTEXT_LICENSED	60
sheody	angefeuchteter Ansatz, abgeschlossen	GDT661:EXACT_WHOLE	STRONG_FAMILY_COMPOSITION	KNOWN_EXACT_WHOLE	220
sheoees	vollständig eingeweichte Arzneimischung	GDT662:EXACT_WHOLE	LOW_EXPLORATORY	KNOWN_EXACT_WHOLE	225
sheokeedy	feucht angesetzte heiße Zubereitung am Gradende, abgeschlossen	GDT652:PROVISIONAL_LOW_N_COMPONENT_GRID	EXACT_WHOLE_FAMILY_EXTENSION	KNOWN_EXACT_WHOLE	148
sheokey	feucht angesetzte heiße Zubereitung in der Gradmitte	GDT652:PROVISIONAL_LOW_N_COMPONENT_GRID	EXACT_WHOLE_FAMILY_EXTENSION	KNOWN_EXACT_WHOLE	148
sheoky	feucht angesetzte heiße Zubereitung am Gradanfang	GDT652:STRONG_COMPONENT_GRID	EXACT_WHOLE_FAMILY_EXTENSION	KNOWN_EXACT_WHOLE	148
sheol	feuchtes Material	V13:TARGET_SURFACE_DEFAULT	NEW_V11_TARGET_DEFAULT	KNOWN_EXACT_WHOLE	80
sheor	feuchter Drogenteil	GDT648:STRICT_WHOLE_COMPLETION	EXACT_WHOLE_COMPOSITIONAL_COMPLETION	KNOWN_EXACT_WHOLE	140
sheotal	feucht angesetzte Zubereitung aus kaltem Rohstoff Klasse I am Gradanfang	GDT657:EXACT_PREPARATION_HEAD_WHOLE	EXACT_WHOLE_MULTI_QUALITY_AL_ORDER	KNOWN_EXACT_WHOLE	155
sheoty	kalt angesetzte Feuchtzubereitung	GDT662:EXACT_WHOLE	MEDIUM_EXACT_WHOLE	KNOWN_EXACT_WHOLE	225
sheoy	feucht angesetzte Zubereitung am Gradanfang	GDT661:EXACT_WHOLE	MEDIUM_EXACT_WHOLE	KNOWN_EXACT_WHOLE	220
shes	feuchtes Drogenmaterial, Mittelstufe	GDT661:EXACT_WHOLE	MEDIUM_EXACT_WHOLE	KNOWN_EXACT_WHOLE	220
shety	feucht-kalt ansetzen	GDT662:EXACT_WHOLE	STRONG_PRACTICAL_OR_COMPOSITIONAL	KNOWN_EXACT_WHOLE	225
shey	feucht in der Mitte des Grades	GDT647:FAMILY_MIGRATION	EXACT_QUALITY_SUBDEGREE_FAMILY	KNOWN_EXACT_WHOLE	130
shkair	heiße angefeuchtete Drogenfraktion II	GDT661:EXACT_WHOLE	LOW_EXPLORATORY	KNOWN_EXACT_WHOLE	220
sho	feuchter Ansatz	V13:TARGET_SURFACE_DEFAULT	NEW_V11_TARGET_DEFAULT	KNOWN_EXACT_WHOLE	80
shocho	angefeuchteter Trockenansatz	GDT663:EXACT_WHOLE	MEDIUM_EXACT_WHOLE	KNOWN_EXACT_WHOLE	230
shockhey	Arzneikompositum im Feuchtansatz in der Gradmitte	GDT652:STRONG_COMPONENT_GRID	EXACT_WHOLE_FAMILY_EXTENSION	KNOWN_EXACT_WHOLE	148
shockhy	Arzneikompositum im Feuchtansatz am Gradanfang	GDT652:STRONG_COMPONENT_GRID	EXACT_WHOLE_FAMILY_EXTENSION	KNOWN_EXACT_WHOLE	148
shocthy	feuchte CTH-Drogenzubereitung; im Herbal feuchte Blatt-/Krautzubereitung	V13:MOIST_CTH_PREPARATION	REVISED_V10_CONCRETE_DEFAULT	KNOWN_CONTEXT_LICENSED	60
shody	vollständig eingeweichter Ansatz	GDT663:EXACT_WHOLE	STRONG_PRACTICAL_OR_COMPOSITIONAL	KNOWN_EXACT_WHOLE	230
shoiin	Feuchtansatz, Form III	GDT649:STRONG_FAMILY_DEFAULT	EXACT_WHOLE_FAMILY_EXTENSION	KNOWN_EXACT_WHOLE	145
shokaiin	feucht-heißer Ansatz, Grad III	V13:TARGET_SURFACE_DEFAULT	NEW_V11_TARGET_DEFAULT	KNOWN_EXACT_WHOLE	80
shokal	Feuchtansatz aus heißem Rohstoff Klasse I am Gradanfang	GDT657:EXACT_ORDERED_WHOLE	EXACT_WHOLE_MULTI_QUALITY_AL_ORDER	KNOWN_EXACT_WHOLE	155
shokeey	heiß-feuchter Ansatz am Gradende	GDT652:PROVISIONAL_LOW_N_COMPONENT_GRID	EXACT_WHOLE_FAMILY_EXTENSION	KNOWN_EXACT_WHOLE	148
shokey	heiß-feuchter Ansatz in der Gradmitte	GDT652:STRONG_COMPONENT_GRID	EXACT_WHOLE_FAMILY_EXTENSION	KNOWN_EXACT_WHOLE	148
shoky	heiß-feuchter Ansatz am Gradanfang	GDT652:STRONG_COMPONENT_GRID	EXACT_WHOLE_FAMILY_EXTENSION	KNOWN_EXACT_WHOLE	148
shol	feucht; nominal feuchtes Gut/Material	V13:MOIST_OL_FORM	NEW_PRIMARY_DEFAULT	KNOWN_CONTEXT_LICENSED	60
sholdy	vollständig eingeweichte Droge	GDT663:EXACT_WHOLE	STRONG_PRACTICAL_OR_COMPOSITIONAL	KNOWN_EXACT_WHOLE	230
sholkeedy	feuchte Drogenbasis, vollständig erhitzt	GDT663:EXACT_WHOLE	MEDIUM_EXACT_WHOLE	KNOWN_EXACT_WHOLE	230
sholoiin	eingeweichte Drogenzubereitung, Form III	GDT663:EXACT_WHOLE	MEDIUM_EXACT_WHOLE	KNOWN_EXACT_WHOLE	230
shoqoky	Feuchtansatz, heiß am Anfang	GDT663:EXACT_WHOLE	MEDIUM_EXACT_WHOLE	KNOWN_EXACT_WHOLE	230
shor	Blüten-/Fruchtstand; reproduktiver Teil	V13:PART_OR_FORM	INHERITED_CONTEXT_SPLIT	KNOWN_CONTEXT_LICENSED	60
shosaiin	eingeweichtes Saatgut, Charge III	GDT663:EXACT_WHOLE	MEDIUM_EXACT_WHOLE	KNOWN_EXACT_WHOLE	230
shtal	Rohstoffklasse I, feucht-kalt am Gradanfang	GDT657:EXACT_ORDERED_WHOLE	EXACT_WHOLE_MULTI_QUALITY_AL_ORDER	KNOWN_EXACT_WHOLE	155
shy	feucht am Anfang des Grades	GDT647:FAMILY_MIGRATION	EXACT_QUALITY_SUBDEGREE_FAMILY	KNOWN_EXACT_WHOLE	130
skar	heiße Samenfraktion I	GDT653:EXPLORATORY_SINGLETON_COMPOUND	EXACT_WHOLE_FAMILY_EXTENSION	KNOWN_EXACT_WHOLE	148
soaiin	Samen/Saatgutzubereitung, Charge III	V13:SCOPED_RESIDUAL_HEAD_FORM	NEW_V13_ATTESTED_CONCRETE_DEFAULT	KNOWN_EXACT_WHOLE	90
sodaiin	Samen/Saatgutzubereitung, Dosis III	V13:SCOPED_RESIDUAL_HEAD_FORM	NEW_V13_ATTESTED_CONCRETE_DEFAULT	KNOWN_EXACT_WHOLE	90
sodal	abgemessene Saat-Rohstoffmenge I im Ansatz	GDT655:REVISE_DAL_MODEL	EXACT_WHOLE_DAL_AL_CONSOLIDATION	KNOWN_EXACT_WHOLE	152
sody	Samen/Saatgut, fertig aufbereitet	V13:SCOPED_RESIDUAL_HEAD_FORM	NEW_V13_ATTESTED_CONCRETE_DEFAULT	KNOWN_EXACT_WHOLE	90
soiiin	Samendroge: Formklasse IV	GDT637:ATTESTED_LADDER_CELL	SCOPED_LADDER_EXTENSION	KNOWN_EXACT_WHOLE	100
soiin	Samen/Saatgutzubereitung, Form III	V13:SCOPED_RESIDUAL_HEAD_FORM	NEW_V13_ATTESTED_CONCRETE_DEFAULT	KNOWN_EXACT_WHOLE	90
sokaiin	heißer Samenansatz, Grad III	GDT661:EXACT_WHOLE	MEDIUM_EXACT_WHOLE	KNOWN_EXACT_WHOLE	220
sokchy	heiß-trockener Samenansatz, Grundform	GDT663:EXACT_WHOLE	MEDIUM_EXACT_WHOLE	KNOWN_EXACT_WHOLE	230
sokeedy	heißer Samenansatz am Gradende, fertig	GDT661:EXACT_WHOLE	MEDIUM_EXACT_WHOLE	KNOWN_EXACT_WHOLE	220
sokol	heißer Saatgutabsud	GDT664:EXACT_WHOLE	MEDIUM_EXACT_WHOLE	KNOWN_EXACT_WHOLE	230
sol	Samenmaterial/Saatgut	V13:SCOPED_CONCRETE_HEAD_FORM	NEW_V12_ATTESTED_CONCRETE_DEFAULT	KNOWN_EXACT_WHOLE	90
solaiin	Salz, Menge III	GDT663:EXACT_WHOLE	MEDIUM_EXACT_WHOLE	KNOWN_EXACT_WHOLE	230
solchedy	getrockneter Samen/Saatgutstoff/-ansatz	V13:SCOPED_RESIDUAL_HEAD_FORM	NEW_V13_ATTESTED_CONCRETE_DEFAULT	KNOWN_EXACT_WHOLE	90
solkchy	Saatgut, heiß-trocken am Gradanfang	GDT660:EXACT_WHOLE	PROVISIONAL_CONCRETE_EXACT_WHOLE	KNOWN_EXACT_WHOLE	210
solkeedy	Saatgutansatz vollständig erhitzt	GDT664:EXACT_WHOLE	MEDIUM_EXACT_WHOLE	KNOWN_EXACT_WHOLE	230
solor	eine Portion Saatgutansatz	GDT664:EXACT_WHOLE	MEDIUM_EXACT_WHOLE	KNOWN_EXACT_WHOLE	230
sols	fertige Salzspecies	GDT663:EXACT_WHOLE	MEDIUM_EXACT_WHOLE	KNOWN_EXACT_WHOLE	230
sor	Samenportion	V13:SCOPED_CONCRETE_HEAD_FORM	NEW_V12_ATTESTED_CONCRETE_DEFAULT	KNOWN_EXACT_WHOLE	90
soraiin	Samenportion III	V13:SCOPED_RESIDUAL_HEAD_FORM	NEW_V13_ATTESTED_CONCRETE_DEFAULT	KNOWN_EXACT_WHOLE	90
soral	Samen-Rohstoffportion	V13:SCOPED_RESIDUAL_HEAD_FORM	NEW_V13_ATTESTED_CONCRETE_DEFAULT	KNOWN_EXACT_WHOLE	90
soysar	Samenzubereitung, Grundform; Samenfraktion I	GDT643:ROUND_04	EXACT_ZL3B_WHOLE_EXPOSED_HOLE	KNOWN_EXACT_WHOLE	124
sshedy	eingeweichte Samen/Saat	V13:SCOPED_CONCRETE_HEAD_FORM	NEW_V12_ATTESTED_CONCRETE_DEFAULT	KNOWN_EXACT_WHOLE	90
ssheey	vollständig eingeweichtes Saatgut	GDT664:EXACT_WHOLE	MEDIUM_EXACT_WHOLE	KNOWN_EXACT_WHOLE	230
sshey	eingeweichte Saat, Form I	V13:SCOPED_RESIDUAL_HEAD_FORM	NEW_V13_ATTESTED_CONCRETE_DEFAULT	KNOWN_EXACT_WHOLE	90
sy	Saatgut in Grundform	V13:SCOPED_RESIDUAL_HEAD_FORM	NEW_V13_ATTESTED_CONCRETE_DEFAULT	KNOWN_EXACT_WHOLE	90
taiiin	kalt, Grad IV	V13:QUALITY_DEGREE_SERIES	PRODUCTIVE_EXACT_SERIES	KNOWN_CONTEXT_LICENSED	70
taiin	kalt, Grad III	V13:QUALITY_DEGREE_SERIES	PRODUCTIVE_EXACT_SERIES	KNOWN_CONTEXT_LICENSED	70
tain	kalt, Grad II	V13:QUALITY_DEGREE_SERIES	PRODUCTIVE_EXACT_SERIES	KNOWN_CONTEXT_LICENSED	70
tal	Rohstoffklasse I, kalt am Gradanfang	GDT656:NEW_EXACT_WHOLE	EXACT_WHOLE_AL_QUALITY_POSITION_SHELL	KNOWN_EXACT_WHOLE	154
taldain	kalter Rohstoff I, Dosis II	GDT663:EXACT_WHOLE	MEDIUM_EXACT_WHOLE	KNOWN_EXACT_WHOLE	230
talody	kalter Rohstoff I, als Ansatz fertig	GDT663:EXACT_WHOLE	MEDIUM_EXACT_WHOLE	KNOWN_EXACT_WHOLE	230
tan	kalt, Grad I	V13:QUALITY_DEGREE_SERIES	PRODUCTIVE_EXACT_SERIES	KNOWN_CONTEXT_LICENSED	70
tar	kalte Drogenfraktion I	GDT654:NEW_EXACT_WHOLE	EXACT_WHOLE_AR_OR_CONSOLIDATION	KNOWN_EXACT_WHOLE	150
taral	kalte Rohdrogenfraktion I	GDT662:EXACT_WHOLE	MEDIUM_EXACT_WHOLE	KNOWN_EXACT_WHOLE	225
tchal	Rohstoffklasse I, kalt-trocken am Gradanfang	GDT657:EXACT_ORDERED_WHOLE	EXACT_WHOLE_MULTI_QUALITY_AL_ORDER	KNOWN_EXACT_WHOLE	155
tchcthy	kalt-trockenes cth-Blatt-/Krautgut	V13:NESTED_COLD_DRY_CTH_PART	NEW_LOW_SINGLETON_DEFAULT	KNOWN_CONTEXT_LICENSED	60
tchdy	kalt und trocken am Anfang des Grades, abgeschlossen	GDT647:FAMILY_MIGRATION	EXACT_QUALITY_SUBDEGREE_FAMILY	KNOWN_EXACT_WHOLE	130
tchedy	kalt und trocken in der Mitte des Grades, abgeschlossen	GDT647:FAMILY_MIGRATION	EXACT_QUALITY_SUBDEGREE_FAMILY	KNOWN_EXACT_WHOLE	130
tcheey	kalt und trocken am Ende des Grades	GDT646:ROUND_01	EXACT_ZL3B_WHOLE_DOWNSTREAM_COMPLETION	KNOWN_EXACT_WHOLE	125
tcheol	kalt-trockener Drogenstoff	GDT642:ROUND_03	EXACT_WHOLE_E_OL_OR_CARRIER	KNOWN_EXACT_WHOLE	123
tcheor	kalt-trockener Drogenteil	GDT641:ROUND_01	EXACT_WHOLE_SURFACE_TCH_COMPLETION	KNOWN_EXACT_WHOLE	122
tchey	kalt und trocken in der Mitte des Grades	GDT647:FAMILY_MIGRATION	EXACT_QUALITY_SUBDEGREE_FAMILY	KNOWN_EXACT_WHOLE	130
tcho	Kalt-Trockenansatz	GDT663:EXACT_WHOLE	STRONG_PRACTICAL_OR_COMPOSITIONAL	KNOWN_EXACT_WHOLE	230
tchol	kalt-trockenes Drogenmaterial	GDT662:EXACT_WHOLE	STRONG_PRACTICAL_OR_COMPOSITIONAL	KNOWN_EXACT_WHOLE	225
tchor	kalt-trockene Drogenportion	GDT662:EXACT_WHOLE	STRONG_PRACTICAL_OR_COMPOSITIONAL	KNOWN_EXACT_WHOLE	225
tchy	kalt und trocken am Anfang des Grades	GDT647:FAMILY_MIGRATION	EXACT_QUALITY_SUBDEGREE_FAMILY	KNOWN_EXACT_WHOLE	130
tdain	kalter Grad-/Maßwert II	GDT661:EXACT_WHOLE	LOW_EXPLORATORY	KNOWN_EXACT_WHOLE	220
techedy	kühle die vollständig getrocknete Droge ab	GDT664:EXACT_WHOLE	MEDIUM_EXACT_WHOLE	KNOWN_EXACT_WHOLE	230
tedy	kalt in der Mitte des Grades, abgeschlossen	GDT647:FAMILY_MIGRATION	EXACT_QUALITY_SUBDEGREE_FAMILY	KNOWN_EXACT_WHOLE	130
tedyol	Grundansatz bis zur mittleren Kühlstufe gebracht und abgeschlossen	GDT664:EXACT_WHOLE	MEDIUM_EXACT_WHOLE	KNOWN_EXACT_WHOLE	230
teedar	abgemessene kalte Fraktion I, Endstufe	GDT663:EXACT_WHOLE	MEDIUM_EXACT_WHOLE	KNOWN_EXACT_WHOLE	230
teedy	kalt am Ende des Grades, abgeschlossen	GDT647:FAMILY_MIGRATION	EXACT_QUALITY_SUBDEGREE_FAMILY	KNOWN_EXACT_WHOLE	130
teeedy	vollständig abgekühlt und abgeschlossen	GDT664:EXACT_WHOLE	MEDIUM_EXACT_WHOLE	KNOWN_EXACT_WHOLE	230
teeodain	zwei Maße vollständig gekühlter Ansatz	GDT664:EXACT_WHOLE	MEDIUM_EXACT_WHOLE	KNOWN_EXACT_WHOLE	230
tees	kalte Arzneispecies, Endstufe	GDT662:EXACT_WHOLE	LOW_EXPLORATORY	KNOWN_EXACT_WHOLE	225
teey	kalt am Ende des Grades	GDT647:FAMILY_MIGRATION	EXACT_QUALITY_SUBDEGREE_FAMILY	KNOWN_EXACT_WHOLE	130
teody	kühle den Ansatz ab und schließe	GDT664:EXACT_WHOLE	MEDIUM_EXACT_WHOLE	KNOWN_EXACT_WHOLE	230
tey	kalt in der Mitte des Grades	GDT647:FAMILY_MIGRATION	EXACT_QUALITY_SUBDEGREE_FAMILY	KNOWN_EXACT_WHOLE	130
toiin	kalte Zubereitung, Form III	GDT649:PROVISIONAL_LOW_N_FAMILY_DEFAULT	EXACT_WHOLE_FAMILY_EXTENSION	KNOWN_EXACT_WHOLE	145
tol	kalt; nominal kaltes Gut/Material	V13:COLD_OL_FORM	NEW_PRIMARY_DEFAULT	KNOWN_CONTEXT_LICENSED	60
tolkain	gekühltes Material, wiedererwärmt auf Stufe II	GDT663:EXACT_WHOLE	MEDIUM_EXACT_WHOLE	KNOWN_EXACT_WHOLE	230
tor	kalte Drogenportion	GDT654:NEW_EXACT_WHOLE	EXACT_WHOLE_AR_OR_CONSOLIDATION	KNOWN_EXACT_WHOLE	150
totchy	kalter Ansatz aus kalt-trockener Droge	GDT662:EXACT_WHOLE	LOW_EXPLORATORY	KNOWN_EXACT_WHOLE	225
tshdy	kalt und feucht am Anfang des Grades, abgeschlossen	GDT647:FAMILY_MIGRATION	EXACT_QUALITY_SUBDEGREE_FAMILY	KNOWN_EXACT_WHOLE	130
tshedy	kalt und feucht in der Mitte des Grades, abgeschlossen	GDT647:FAMILY_MIGRATION	EXACT_QUALITY_SUBDEGREE_FAMILY	KNOWN_EXACT_WHOLE	130
tsheey	kalt und feucht am Ende des Grades	GDT647:FAMILY_MIGRATION	EXACT_QUALITY_SUBDEGREE_FAMILY	KNOWN_EXACT_WHOLE	130
tshey	kalt und feucht in der Mitte des Grades	GDT647:FAMILY_MIGRATION	EXACT_QUALITY_SUBDEGREE_FAMILY	KNOWN_EXACT_WHOLE	130
tshy	kalt und feucht am Anfang des Grades	GDT647:FAMILY_MIGRATION	EXACT_QUALITY_SUBDEGREE_FAMILY	KNOWN_EXACT_WHOLE	130
ty	kalt am Anfang des Grades	GDT647:FAMILY_MIGRATION	EXACT_QUALITY_SUBDEGREE_FAMILY	KNOWN_EXACT_WHOLE	130
ychair	zweiter trockener Anteil dieser Droge	GDT645:ROUND_03	EXACT_ZL3B_WHOLE_DOWNSTREAM_COMPLETION	KNOWN_EXACT_WHOLE	125
ychedy	Eintrag: getrocknete Droge, fertig	GDT663:EXACT_WHOLE	MEDIUM_EXACT_WHOLE	KNOWN_EXACT_WHOLE	230
ycheeo	Eintrag: zweiter Trockenansatz	GDT662:EXACT_WHOLE	MEDIUM_EXACT_WHOLE	KNOWN_EXACT_WHOLE	225
ycheo	nimm hierzu den Trockenansatz	GDT664:EXACT_WHOLE	MEDIUM_EXACT_WHOLE	KNOWN_EXACT_WHOLE	230
ycheodain	nimm hierzu zwei Dosen Trockenansatz	GDT664:EXACT_WHOLE	MEDIUM_EXACT_WHOLE	KNOWN_EXACT_WHOLE	230
ycheol	trockener Drogenstoff dieser Droge	GDT650:STRONG_LOCAL_ENTRY_FAMILY	EXACT_WHOLE_FAMILY_EXTENSION	KNOWN_EXACT_WHOLE	145
ychklkaiin	nimm Holzdroge, trockne und erhitze sie auf Stufe III	GDT664:EXACT_WHOLE	LOW_EXPLORATORY	KNOWN_EXACT_WHOLE	230
ycho	Eintrag: Trockenansatz	GDT662:EXACT_WHOLE	MEDIUM_EXACT_WHOLE	KNOWN_EXACT_WHOLE	225
ychoy	Eintrag/Bezug: Trockenansatz am Gradanfang	GDT661:EXACT_WHOLE	MEDIUM_EXACT_WHOLE	KNOWN_EXACT_WHOLE	220
yckhey	Eintrags-/Bezugsform: Arzneikompositum in der Gradmitte	GDT660:EXACT_WHOLE	PROVISIONAL_CONCRETE_EXACT_WHOLE	KNOWN_EXACT_WHOLE	210
yckhodaiin	Eintrag: Kompositum-Ansatz, Dosis III	GDT663:EXACT_WHOLE	MEDIUM_EXACT_WHOLE	KNOWN_EXACT_WHOLE	230
ydaiin	davon drei Maße	GDT662:EXACT_WHOLE	STRONG_PRACTICAL_OR_COMPOSITIONAL	KNOWN_EXACT_WHOLE	225
ydain	davon zwei Maße	GDT664:EXACT_WHOLE	MEDIUM_EXACT_WHOLE	KNOWN_EXACT_WHOLE	230
ydair	davon zwei Teile der Fraktion	GDT664:EXACT_WHOLE	MEDIUM_EXACT_WHOLE	KNOWN_EXACT_WHOLE	230
ydy	Wertfeldwechsel/-schluss	GDT660:EXACT_WHOLE	PROVISIONAL_CONCRETE_EXACT_WHOLE	KNOWN_EXACT_WHOLE	210
ykain	erhitze hiervon auf Stufe II	GDT664:EXACT_WHOLE	MEDIUM_EXACT_WHOLE	KNOWN_EXACT_WHOLE	230
ykal	Eintrag: heißer Rohstoff, Klasse I	GDT663:EXACT_WHOLE	MEDIUM_EXACT_WHOLE	KNOWN_EXACT_WHOLE	230
ykanam	nimm hiervon ein Maß und erwärme es leicht	GDT664:EXACT_WHOLE	MEDIUM_EXACT_WHOLE	KNOWN_EXACT_WHOLE	230
ykar	nimm hiervon die erste erhitzte Drogenfraktion	GDT664:EXACT_WHOLE	STRONG_PRACTICAL_OR_COMPOSITIONAL	KNOWN_EXACT_WHOLE	230
ykchokeo	Eintrag: heiß-trockener Auszug	GDT662:EXACT_WHOLE	LOW_EXPLORATORY	KNOWN_EXACT_WHOLE	225
ykchon	nimm hierzu einen heiß-trockenen Ansatz, Stufe I	GDT664:EXACT_WHOLE	MEDIUM_EXACT_WHOLE	KNOWN_EXACT_WHOLE	230
ykchy	Eintrag/Bezug: heiß-trocken am Gradanfang	GDT661:EXACT_WHOLE	STRONG_FAMILY_COMPOSITION	KNOWN_EXACT_WHOLE	220
ykeedar	erhitze hiervon die erste Fraktion vollständig	GDT664:EXACT_WHOLE	MEDIUM_EXACT_WHOLE	KNOWN_EXACT_WHOLE	230
ykeedy	Eintrag/Bezug: heiß am Gradende, abgeschlossen	GDT661:EXACT_WHOLE	MEDIUM_EXACT_WHOLE	KNOWN_EXACT_WHOLE	220
ykolody	nimm hiervon den heißen Auszug und stelle ihn fertig	GDT664:EXACT_WHOLE	MEDIUM_EXACT_WHOLE	KNOWN_EXACT_WHOLE	230
ykoly	Eintrag: heißer Drogenstoff	GDT663:EXACT_WHOLE	MEDIUM_EXACT_WHOLE	KNOWN_EXACT_WHOLE	230
yky	hierzu leicht erhitzen	GDT664:EXACT_WHOLE	MEDIUM_EXACT_WHOLE	KNOWN_EXACT_WHOLE	230
ylg	in ein Holzgefäß geben	GDT663:EXACT_WHOLE	LOW_EXPLORATORY	KNOWN_EXACT_WHOLE	230
ypshedy	Eintrag: fertige Pulverpaste	GDT662:EXACT_WHOLE	LOW_EXPLORATORY	KNOWN_EXACT_WHOLE	225
yshealdy	Eintrag: angefeuchteter Rohstoff I, fertig	GDT663:EXACT_WHOLE	MEDIUM_EXACT_WHOLE	KNOWN_EXACT_WHOLE	230
ysheey	Eintrags-/Bezugsform: feucht am Gradende	GDT660:EXACT_WHOLE	PROVISIONAL_CONCRETE_EXACT_WHOLE	KNOWN_EXACT_WHOLE	210
yshey	weiche hiervon bis zur mittleren Stufe ein	GDT664:EXACT_WHOLE	MEDIUM_EXACT_WHOLE	KNOWN_EXACT_WHOLE	230
ytaiin	Eintrag: kalt, Stufe III	GDT663:EXACT_WHOLE	STRONG_PRACTICAL_OR_COMPOSITIONAL	KNOWN_EXACT_WHOLE	230
ytal	Eintrag/Bezug: kalter Rohstoff I am Gradanfang	GDT661:EXACT_WHOLE	STRONG_FAMILY_COMPOSITION	KNOWN_EXACT_WHOLE	220
ytar	nimm hiervon die erste gekühlte Drogenfraktion	GDT664:EXACT_WHOLE	STRONG_PRACTICAL_OR_COMPOSITIONAL	KNOWN_EXACT_WHOLE	230
ytas	nimm hierzu einen Teil kalte Droge	GDT664:EXACT_WHOLE	MEDIUM_EXACT_WHOLE	KNOWN_EXACT_WHOLE	230
ytchocthol	Eintrag: kalt-trockener Krautansatz	GDT662:EXACT_WHOLE	LOW_EXPLORATORY	KNOWN_EXACT_WHOLE	225
ytchor	kalt-trockene Portion dieser Droge	GDT644:ROUND_05	EXACT_ZL3B_WHOLE_DOWNSTREAM_COMPLETION	KNOWN_EXACT_WHOLE	125
ytchy	Eintrag: kalt-trockene Grundform	GDT663:EXACT_WHOLE	STRONG_PRACTICAL_OR_COMPOSITIONAL	KNOWN_EXACT_WHOLE	230
yteody	Eintrag/Bezug: kalte Zubereitung, abgeschlossen	GDT661:EXACT_WHOLE	STRONG_FAMILY_COMPOSITION	KNOWN_EXACT_WHOLE	220
