statement_id	page	record	missing_components	extra_components	clean_instruction_de	reason_de
H1-S001	f10r	H1	OS	NONE	Bei der breiten gezahnten Bluetenpflanze: Den laufenden Posten kurz entnehmen; den Ansatz im Arbeitsgang bereiten und aus der Quelle anwenden; Wasser entnehmen, danach den Posten weiterfuehren, nach Sollmass ansetzen und kurz anwenden.	Fluessige Expansion verschweigt einen Kartenwert oder benutzt ein gleichlautendes Hilfsverb.
H1-S002	f10r	H1	NONE	SH	Bei der breiten gezahnten Bluetenpflanze: Den laufenden Posten ansetzen, danach entnehmen und weiterfuehren, weiterarbeiten und ihn bereitet halten.	Fluessige Expansion verschweigt einen Kartenwert oder benutzt ein gleichlautendes Hilfsverb.
H2-S001	f10r	H2	O	SH	Bei der breiten gezahnten Bluetenpflanze: Vom laufenden Ansatz kurz entnehmen; den Posten bereitet halten, den Ansatz nach Sollmass weiterbearbeiten und als aktuellen Posten verfuegbar lassen.	Fluessige Expansion verschweigt einen Kartenwert oder benutzt ein gleichlautendes Hilfsverb.
H2-S003	f10r	H2	NONE	OL+OT	Bei der breiten gezahnten Bluetenpflanze: Im Arbeitsgang den aktuellen Ansatz zugeben; denselben Ansatz als laufenden Posten beibehalten, bis zur Arbeitsstufe weiter zugeben und anschliessend im Arbeitsgang nach Sollmass entnehmen.	Fluessige Expansion verschweigt einen Kartenwert oder benutzt ein gleichlautendes Hilfsverb.
H3-S001	f11r	H3	O+T+Y	OR	Bei der dicht bluehenden Kronenpflanze: Den Ansatz an der Zielstelle weiter halten; auswringen, bis zum Sollmass halten, in den Empfaenger fuellen, laenger halten, entnehmen und den Schritt schliessen.	Fluessige Expansion verschweigt einen Kartenwert oder benutzt ein gleichlautendes Hilfsverb.
H3-S003	f11r	H3	NONE	OL	Bei der dicht bluehenden Kronenpflanze: Den vorigen Vorgang wiederaufnehmen, den aktuellen Posten beibehalten, ihm zugeben und ihn bis zum Sollmass weiterfuehren.	Fluessige Expansion verschweigt einen Kartenwert oder benutzt ein gleichlautendes Hilfsverb.
H3-S004	f11r	H3	NONE	SH	Bei der dicht bluehenden Kronenpflanze: Danach den laufenden Posten; dann weiter ansetzen; dann ihn bereitet halten; dann ihn beibehalten.	Fluessige Expansion verschweigt einen Kartenwert oder benutzt ein gleichlautendes Hilfsverb.
H4-S001	f55v	H4	NONE	OT	Bei der breitblaettrigen rispigen Pflanze: Nach Sollmass ansetzen; dem laufenden Posten eine Portion und danach eine Nachgabe zugeben; den Arbeitsgang schliessen.	Fluessige Expansion verschweigt einen Kartenwert oder benutzt ein gleichlautendes Hilfsverb.
H4-S002	f55v	H4	NONE	OT	Bei der breitblaettrigen rispigen Pflanze: Nach Sollmass den laufenden Posten umsetzen und anschliessend verwahren.	Fluessige Expansion verschweigt einen Kartenwert oder benutzt ein gleichlautendes Hilfsverb.
H4-S004	f55v	H4	AIN	NONE	Bei der breitblaettrigen rispigen Pflanze: Nach Sollmass an der Zielstelle ansetzen, den laufenden Posten weiter anwenden, als Ansatz beibehalten und als Ansatzportion fuehren.	Fluessige Expansion verschweigt einen Kartenwert oder benutzt ein gleichlautendes Hilfsverb.
H5-S005	f56r	H5	NONE	CTH	Bei der mehrkoepfigen stacheligen Pflanze: Die Zutat bereiten, den laufenden Posten ansetzen und die Zutat aus der Quelle zugeben; danach eine Portion in den Arbeitsgang nehmen.	Fluessige Expansion verschweigt einen Kartenwert oder benutzt ein gleichlautendes Hilfsverb.
B1-S014	f81v	B1	NONE	SH	Am gemeinsamen zweireihigen Becken: Den Posten umsetzen und an der Sammelstelle halten; zur Zielstelle leiten und umsetzen, dort weiterarbeiten und danach zur Quelle wechseln.	Fluessige Expansion verschweigt einen Kartenwert oder benutzt ein gleichlautendes Hilfsverb.
B2-S004	f82r	B2	NONE	OT	An den oberen Paarbecken mit Zylinder: An der Zielstelle ansetzen; den Posten durch den Durchlass leiten und umsetzen, laenger ansetzen, danach kurz durch den Durchlass leiten und schliessen.	Fluessige Expansion verschweigt einen Kartenwert oder benutzt ein gleichlautendes Hilfsverb.
B2-S005	f82r	B2	NONE	SH	An den oberen Paarbecken mit Zylinder: Den Posten an der Zielstelle ansetzen und bis zum Sollmass an der Sammelstelle halten. Ihn durch den Durchlass fuehren, zweimal nach Sollmass ansetzen, im Arbeitsgang kurz bis zur Bereitschaft weiterarbeiten, laenger erwaermen, leiten und schliessen.	Fluessige Expansion verschweigt einen Kartenwert oder benutzt ein gleichlautendes Hilfsverb.
B2-S016	f82r	B2	OT	NONE	An den Randstationen des unteren Beckens: An der Zielstelle aus der Quelle leiten und umsetzen. Kurz entnehmen und teilen; nach Sollmass den naechsten Posten laenger fuehren, nach Sollmass und kurz ansetzen, fuellen, umsetzen und schliessen.	Fluessige Expansion verschweigt einen Kartenwert oder benutzt ein gleichlautendes Hilfsverb.
B3-S001	f83r	B3	NONE	SH	An der oberen offenen Faecherstation: Laenger an der Sammelstelle halten und den Schritt schliessen.	Fluessige Expansion verschweigt einen Kartenwert oder benutzt ein gleichlautendes Hilfsverb.
B3-S003	f83r	B3	NONE	OT	An der oberen offenen Faecherstation: Den laufenden Posten nach Sollmass beibehalten, anschliessend leiten und umsetzen, dann schliessen.	Fluessige Expansion verschweigt einen Kartenwert oder benutzt ein gleichlautendes Hilfsverb.
B3-S004	f83r	B3	NONE	OL	An der oberen offenen Faecherstation: Nach Sollmass ansetzen; danach zur Zielstelle wechseln und aus der Quelle weiterarbeiten.	Fluessige Expansion verschweigt einen Kartenwert oder benutzt ein gleichlautendes Hilfsverb.
B3-S013	f83r	B3	NONE	SH	Am unteren Korbgefaess: Nach Sollmass ansetzen; dann als Portion zugeben; dann kurz den laufenden Posten bereitet halten; dann kurz ansetzen; den Schritt schliessen.	Fluessige Expansion verschweigt einen Kartenwert oder benutzt ein gleichlautendes Hilfsverb.
B3-S026	f83r	B3	NONE	SH	Im bildlich unverbundenen Zwischenabschnitt und am durch den Bogen verbundenen Hauptpaar: Laenger aus der Quelle arbeiten; nach Sollmass leiten, den Posten umsetzen, eine Portion ansetzen und bereitet halten; den Ansatz an der Zielstelle kuehlen, laenger an der Sammelstelle halten und schliessen.	Fluessige Expansion verschweigt einen Kartenwert oder benutzt ein gleichlautendes Hilfsverb.
B3-S034	f83r	B3	NONE	SH	Am durch den Bogen verbundenen Hauptpaar: Den Arbeitsgang bis zur Arbeitsstufe fuehren; den Posten bereitet halten und anwenden; danach nach Sollmass an der Zielstelle weiterfuehren, absetzen und schliessen.	Fluessige Expansion verschweigt einen Kartenwert oder benutzt ein gleichlautendes Hilfsverb.
B4-S014	f83r	B4	NONE	SH	An der linken offenen Randstation: Den Ansatz als laufenden Posten fuehren; ihn kurz im Arbeitsgang am Durchlass halten, die laufende Fluessigkeit als aktuellen Posten fuehren und schliessen.	Fluessige Expansion verschweigt einen Kartenwert oder benutzt ein gleichlautendes Hilfsverb.
B6-S001	f83r	B6	NONE	SH	An der rechten S-Lauf-Nebenstation: Den Posten laenger an der Sammelstelle halten, kurz zugeben, an der Zielstelle kuehlen, nach Sollmass weiterarbeiten, eine Portion nehmen und den Ansatz zur Zielstelle leiten.	Fluessige Expansion verschweigt einen Kartenwert oder benutzt ein gleichlautendes Hilfsverb.
