six_page_local_card_ordinal	reader_local_card_ordinal	local_card_host_key	source_event_id	physical_page	register	locus	record_id	owner_de	surface	component_recipe	name_override_count	name_override_slot_ids	raw_name_core_sequence	gdt586_primary_reader_de	running_statement_link_status	name_layer_status	guard	integration_route
1	577	LOCAL_CARD:ORIGINAL22_LOCAL_ADDRESS:P912-E0848	P912-E0848	f75r	BIOLOGICAL	f75r.47	NOT_APPLICABLE	Zielklasse wählen; am zweiten Grad eintragen und schließen.	sal	S+AL	0	NONE	NONE	Leite den Strom zur Zielstation oder ins Zielbecken um.	NONE__LOCAL_CARD_GUARD_FORBIDS_RUNNING_SENTENCE_INHERITANCE	UNCHANGED_BY_NAME_LAYER	FIXED_744_LOCAL_CARDS__OWNER_RECORD_BUNDLE_AND_LOCUS_RETAINED__NO_RUNNING_STATEMENT_ATTACHMENT	SEPARATE_LOCAL_APPENDIX__NEVER_INHERIT_INTO_RUNNING_STATEMENT
2	578	LOCAL_CARD:ORIGINAL22_LOCAL_ADDRESS:P912-E0849	P912-E0849	f75r	BIOLOGICAL	f75r.47	NOT_APPLICABLE	Zielklasse wählen; am zweiten Grad eintragen und schließen.	okeedy	OK+EE+DY	0	NONE	NONE	Beschicke oder bereite vor: auf Grad II; im Rahmen [LOCAL_CONTROL:P912-E0849@3:DY]: Arbeitsgang abschließen.	NONE__LOCAL_CARD_GUARD_FORBIDS_RUNNING_SENTENCE_INHERITANCE	UNCHANGED_BY_NAME_LAYER	FIXED_744_LOCAL_CARDS__OWNER_RECORD_BUNDLE_AND_LOCUS_RETAINED__NO_RUNNING_STATEMENT_ATTACHMENT	SEPARATE_LOCAL_APPENDIX__NEVER_INHERIT_INTO_RUNNING_STATEMENT
3	579	LOCAL_CARD:ORIGINAL22_LOCAL_ADDRESS:P912-E0850	P912-E0850	f75r	BIOLOGICAL	f75r.48	NOT_APPLICABLE	Diesen Zielplatz mit dem wiederholten Gegenplatz verbinden.	daly	AL+Y	0	NONE	NONE	auf der lokalen Karte [LOCAL_CARD:ORIGINAL22_LOCAL_ADDRESS:P912-E0850]: zur Zielstation oder ins Zielbecken, Stationsansatz.	NONE__LOCAL_CARD_GUARD_FORBIDS_RUNNING_SENTENCE_INHERITANCE	UNCHANGED_BY_NAME_LAYER	FIXED_744_LOCAL_CARDS__OWNER_RECORD_BUNDLE_AND_LOCUS_RETAINED__NO_RUNNING_STATEMENT_ATTACHMENT	SEPARATE_LOCAL_APPENDIX__NEVER_INHERIT_INTO_RUNNING_STATEMENT
4	580	LOCAL_CARD:ORIGINAL22_LOCAL_ADDRESS:P912-E0851	P912-E0851	f75r	BIOLOGICAL	f75r.48	NOT_APPLICABLE	Diesen Zielplatz mit dem wiederholten Gegenplatz verbinden.	ychey	Y+Y	0	NONE	NONE	auf der lokalen Karte [LOCAL_CARD:ORIGINAL22_LOCAL_ADDRESS:P912-E0851]: Stationsansatz, Stationsansatz.	NONE__LOCAL_CARD_GUARD_FORBIDS_RUNNING_SENTENCE_INHERITANCE	UNCHANGED_BY_NAME_LAYER	FIXED_744_LOCAL_CARDS__OWNER_RECORD_BUNDLE_AND_LOCUS_RETAINED__NO_RUNNING_STATEMENT_ATTACHMENT	SEPARATE_LOCAL_APPENDIX__NEVER_INHERIT_INTO_RUNNING_STATEMENT
5	581	LOCAL_CARD:ORIGINAL22_LOCAL_ADDRESS:P912-E0852	P912-E0852	f75r	BIOLOGICAL	f75r.49	NOT_APPLICABLE	Dieselbe Klasse an der unteren Quelladresse fortführen.	sols	OL+S	0	NONE	NONE	Fahre im selben Arbeitsgang fort. Wähle die Einheit aus.	NONE__LOCAL_CARD_GUARD_FORBIDS_RUNNING_SENTENCE_INHERITANCE	UNCHANGED_BY_NAME_LAYER	FIXED_744_LOCAL_CARDS__OWNER_RECORD_BUNDLE_AND_LOCUS_RETAINED__NO_RUNNING_STATEMENT_ATTACHMENT	SEPARATE_LOCAL_APPENDIX__NEVER_INHERIT_INTO_RUNNING_STATEMENT
6	582	LOCAL_CARD:ORIGINAL22_LOCAL_ADDRESS:P912-E0853	P912-E0853	f75r	BIOLOGICAL	f75r.49	NOT_APPLICABLE	Dieselbe Klasse an der unteren Quelladresse fortführen.	dara	D_ADDR+AR+A_ADDR	0	NONE	NONE	auf der lokalen Karte [LOCAL_CARD:ORIGINAL22_LOCAL_ADDRESS:P912-E0853]: an der Stations-Arbeitsstelle, von der Ausgangsstation oder aus dem Ausgangsbecken, an der Stations-Hauptstelle.	NONE__LOCAL_CARD_GUARD_FORBIDS_RUNNING_SENTENCE_INHERITANCE	UNCHANGED_BY_NAME_LAYER	FIXED_744_LOCAL_CARDS__OWNER_RECORD_BUNDLE_AND_LOCUS_RETAINED__NO_RUNNING_STATEMENT_ATTACHMENT	SEPARATE_LOCAL_APPENDIX__NEVER_INHERIT_INTO_RUNNING_STATEMENT
7	583	LOCAL_CARD:ORIGINAL22_LOCAL_ADDRESS:P912-E0854	P912-E0854	f75r	BIOLOGICAL	f75r.50	NOT_APPLICABLE	Diesen Platz auswählen, markieren und wieder als laufenden Platz setzen.	ychty	Y+CH+T+Y	0	NONE	NONE	Entnimm oder lass den Stationsansatz ab. Reguliere den Stationsansatz.	NONE__LOCAL_CARD_GUARD_FORBIDS_RUNNING_SENTENCE_INHERITANCE	UNCHANGED_BY_NAME_LAYER	FIXED_744_LOCAL_CARDS__OWNER_RECORD_BUNDLE_AND_LOCUS_RETAINED__NO_RUNNING_STATEMENT_ATTACHMENT	SEPARATE_LOCAL_APPENDIX__NEVER_INHERIT_INTO_RUNNING_STATEMENT
8	584	LOCAL_CARD:ORIGINAL22_LOCAL_ADDRESS:P912-E0855	P912-E0855	f75r	BIOLOGICAL	f75r.51	NOT_APPLICABLE	Eine Einheit auswählen und ihren örtlichen Gang aufrufen.	saino	S+AIN+O	0	NONE	NONE	Wähle die Anwendungsportion in Anwendungsform aus.	NONE__LOCAL_CARD_GUARD_FORBIDS_RUNNING_SENTENCE_INHERITANCE	UNCHANGED_BY_NAME_LAYER	FIXED_744_LOCAL_CARDS__OWNER_RECORD_BUNDLE_AND_LOCUS_RETAINED__NO_RUNNING_STATEMENT_ATTACHMENT	SEPARATE_LOCAL_APPENDIX__NEVER_INHERIT_INTO_RUNNING_STATEMENT
9	585	LOCAL_CARD:ORIGINAL22_LOCAL_ADDRESS:P912-E0856	P912-E0856	f75r	BIOLOGICAL	f75r.52	NOT_APPLICABLE	Den gewählten Zielplatz schließen.	saldy	S+AL+DY	0	NONE	NONE	Leite den Strom zur Zielstation oder ins Zielbecken um. Schließe den Arbeitsgang.	NONE__LOCAL_CARD_GUARD_FORBIDS_RUNNING_SENTENCE_INHERITANCE	UNCHANGED_BY_NAME_LAYER	FIXED_744_LOCAL_CARDS__OWNER_RECORD_BUNDLE_AND_LOCUS_RETAINED__NO_RUNNING_STATEMENT_ATTACHMENT	SEPARATE_LOCAL_APPENDIX__NEVER_INHERIT_INTO_RUNNING_STATEMENT
10	586	LOCAL_CARD:ORIGINAL22_LOCAL_ADDRESS:P912-E0857	P912-E0857	f75r	BIOLOGICAL	f75r.53	NOT_APPLICABLE	Eine Einheit gehört zu diesem Platz.	dainy	AIN+Y	0	NONE	NONE	auf der lokalen Karte [LOCAL_CARD:ORIGINAL22_LOCAL_ADDRESS:P912-E0857]: Anwendungsportion, Stationsansatz.	NONE__LOCAL_CARD_GUARD_FORBIDS_RUNNING_SENTENCE_INHERITANCE	UNCHANGED_BY_NAME_LAYER	FIXED_744_LOCAL_CARDS__OWNER_RECORD_BUNDLE_AND_LOCUS_RETAINED__NO_RUNNING_STATEMENT_ATTACHMENT	SEPARATE_LOCAL_APPENDIX__NEVER_INHERIT_INTO_RUNNING_STATEMENT
11	596	LOCAL_CARD:ORIGINAL22_LOCAL_ADDRESS:P1003-E0081	P1003-E0081	f77r	BIOLOGICAL	f77r.1	G475-R085	Name oder Kennung fuer obere Figuren-, Bogen- und Auslassstation	darchdar	AR+AR	2	LOCAL_NAME:P1003-E0081:NAME_1|LOCAL_NAME:P1003-E0081:NAME_2	d|chd	Badstation »Endfigur [d]« / Badstation »linker Speiseanschluss [chd]« — Ausgangszuordnung, Ausgangszuordnung.	NONE__LOCAL_CARD_GUARD_FORBIDS_RUNNING_SENTENCE_INHERITANCE	EXACT_GDT585_NAME_LABEL_SELECTED	FIXED_744_LOCAL_CARDS__OWNER_RECORD_BUNDLE_AND_LOCUS_RETAINED__NO_RUNNING_STATEMENT_ATTACHMENT	SEPARATE_LOCAL_APPENDIX__NEVER_INHERIT_INTO_RUNNING_STATEMENT
12	597	LOCAL_CARD:ORIGINAL22_LOCAL_ADDRESS:P1003-E0082	P1003-E0082	f77r	BIOLOGICAL	f77r.2	G475-R085	Name oder Kennung fuer obere Figuren-, Bogen- und Auslassstation	olkchs	OL	1	LOCAL_NAME:P1003-E0082:NAME_1	kchs	Badstation »linker Anschlusskopf [kchs]« — Fortsetzungsvermerk.	NONE__LOCAL_CARD_GUARD_FORBIDS_RUNNING_SENTENCE_INHERITANCE	EXACT_GDT585_NAME_LABEL_SELECTED	FIXED_744_LOCAL_CARDS__OWNER_RECORD_BUNDLE_AND_LOCUS_RETAINED__NO_RUNNING_STATEMENT_ATTACHMENT	SEPARATE_LOCAL_APPENDIX__NEVER_INHERIT_INTO_RUNNING_STATEMENT
13	598	LOCAL_CARD:ORIGINAL22_LOCAL_ADDRESS:P1003-E0083	P1003-E0083	f77r	BIOLOGICAL	f77r.3	G475-R086	Name oder Kennung fuer obere Figuren-, Bogen- und Auslassstation	otedy	OT+E+DY	0	NONE	NONE	im Rahmen [LOCAL_CONTROL:P1003-E0083@1:OT]: danach / neuer Arbeitsgang; im lokalen Record [LOCAL_RECORD:G475-R086]: auf Grad I; im Rahmen [LOCAL_CONTROL:P1003-E0083@3:DY]: Arbeitsgang abschließen.	NONE__LOCAL_CARD_GUARD_FORBIDS_RUNNING_SENTENCE_INHERITANCE	UNCHANGED_BY_NAME_LAYER	FIXED_744_LOCAL_CARDS__OWNER_RECORD_BUNDLE_AND_LOCUS_RETAINED__NO_RUNNING_STATEMENT_ATTACHMENT	SEPARATE_LOCAL_APPENDIX__NEVER_INHERIT_INTO_RUNNING_STATEMENT
14	599	LOCAL_CARD:ORIGINAL22_LOCAL_ADDRESS:P1003-E0084	P1003-E0084	f77r	BIOLOGICAL	f77r.4	G475-R087	Name oder Kennung fuer obere Figuren-, Bogen- und Auslassstation	otork	OT	1	LOCAL_NAME:P1003-E0084:NAME_1	ork	Badstation »mittlerer Tropfkopf [ork]« — Folgevermerk.	NONE__LOCAL_CARD_GUARD_FORBIDS_RUNNING_SENTENCE_INHERITANCE	EXACT_GDT585_NAME_LABEL_SELECTED	FIXED_744_LOCAL_CARDS__OWNER_RECORD_BUNDLE_AND_LOCUS_RETAINED__NO_RUNNING_STATEMENT_ATTACHMENT	SEPARATE_LOCAL_APPENDIX__NEVER_INHERIT_INTO_RUNNING_STATEMENT
15	600	LOCAL_CARD:ORIGINAL22_LOCAL_ADDRESS:P1003-E0085	P1003-E0085	f77r	BIOLOGICAL	f77r.5	G475-R088	Name oder Kennung fuer obere Figuren-, Bogen- und Auslassstation	otol	OT+OL	0	NONE	NONE	im Rahmen [LOCAL_CONTROL:P1003-E0085@1:OT]: danach / neuer Arbeitsgang; im Rahmen [LOCAL_CONTROL:P1003-E0085@2:OL]: weiter im selben Arbeitsgang.	NONE__LOCAL_CARD_GUARD_FORBIDS_RUNNING_SENTENCE_INHERITANCE	UNCHANGED_BY_NAME_LAYER	FIXED_744_LOCAL_CARDS__OWNER_RECORD_BUNDLE_AND_LOCUS_RETAINED__NO_RUNNING_STATEMENT_ATTACHMENT	SEPARATE_LOCAL_APPENDIX__NEVER_INHERIT_INTO_RUNNING_STATEMENT
16	601	LOCAL_CARD:ORIGINAL22_LOCAL_ADDRESS:P1003-E0086	P1003-E0086	f77r	BIOLOGICAL	f77r.6	G475-R089	Name oder Kennung fuer obere Figuren-, Bogen- und Auslassstation	dchdy	CHD+DY	0	NONE	NONE	Behandle den Ansatz. Schließe den Arbeitsgang.	NONE__LOCAL_CARD_GUARD_FORBIDS_RUNNING_SENTENCE_INHERITANCE	UNCHANGED_BY_NAME_LAYER	FIXED_744_LOCAL_CARDS__OWNER_RECORD_BUNDLE_AND_LOCUS_RETAINED__NO_RUNNING_STATEMENT_ATTACHMENT	SEPARATE_LOCAL_APPENDIX__NEVER_INHERIT_INTO_RUNNING_STATEMENT
17	602	LOCAL_CARD:ORIGINAL22_LOCAL_ADDRESS:P1003-E0087	P1003-E0087	f77r	BIOLOGICAL	f77r.7	G475-R090	Name oder Kennung fuer obere Figuren-, Bogen- und Auslassstation	soral	AL	1	LOCAL_NAME:P1003-E0087:NAME_1	sor	Badstation »rechter Sprühkopf [sor]« — Zielzuordnung.	NONE__LOCAL_CARD_GUARD_FORBIDS_RUNNING_SENTENCE_INHERITANCE	EXACT_GDT585_NAME_LABEL_SELECTED	FIXED_744_LOCAL_CARDS__OWNER_RECORD_BUNDLE_AND_LOCUS_RETAINED__NO_RUNNING_STATEMENT_ATTACHMENT	SEPARATE_LOCAL_APPENDIX__NEVER_INHERIT_INTO_RUNNING_STATEMENT
18	603	LOCAL_CARD:ORIGINAL22_LOCAL_ADDRESS:P1003-E0088	P1003-E0088	f77r	BIOLOGICAL	f77r.8	G475-R091	Name oder Kennung fuer obere Figuren-, Bogen- und Auslassstation	dotedy	OT	2	LOCAL_NAME:P1003-E0088:NAME_1|LOCAL_NAME:P1003-E0088:NAME_2	d|edy	Badstation »Endfigur [d]« / Badstation »rechter Endanschluss [edy]« — Folgevermerk.	NONE__LOCAL_CARD_GUARD_FORBIDS_RUNNING_SENTENCE_INHERITANCE	EXACT_GDT585_NAME_LABEL_SELECTED	FIXED_744_LOCAL_CARDS__OWNER_RECORD_BUNDLE_AND_LOCUS_RETAINED__NO_RUNNING_STATEMENT_ATTACHMENT	SEPARATE_LOCAL_APPENDIX__NEVER_INHERIT_INTO_RUNNING_STATEMENT
19	604	LOCAL_CARD:ORIGINAL22_LOCAL_ADDRESS:P1003-E0410	P1003-E0410	f77r	BIOLOGICAL	f77r.49	G475-R092	Name oder Kennung fuer untere Gefaess-/Beckenstation	otchdy	OT+CHD+DY	0	NONE	NONE	Beginne danach den nächsten Arbeitsgang. Behandle den Ansatz. Schließe den Arbeitsgang.	NONE__LOCAL_CARD_GUARD_FORBIDS_RUNNING_SENTENCE_INHERITANCE	UNCHANGED_BY_NAME_LAYER	FIXED_744_LOCAL_CARDS__OWNER_RECORD_BUNDLE_AND_LOCUS_RETAINED__NO_RUNNING_STATEMENT_ATTACHMENT	SEPARATE_LOCAL_APPENDIX__NEVER_INHERIT_INTO_RUNNING_STATEMENT
20	605	LOCAL_CARD:ORIGINAL22_LOCAL_ADDRESS:P1003-E0411	P1003-E0411	f77r	BIOLOGICAL	f77r.50	G475-R093	Name oder Kennung fuer untere Gefaess-/Beckenstation	otolaiin	OT+OL+AIIN	0	NONE	NONE	im Rahmen [LOCAL_CONTROL:P1003-E0411@1:OT]: danach / neuer Arbeitsgang; im Rahmen [LOCAL_CONTROL:P1003-E0411@2:OL]: weiter im selben Arbeitsgang; im lokalen Record [LOCAL_RECORD:G475-R093]: Stations- oder Badmaß.	NONE__LOCAL_CARD_GUARD_FORBIDS_RUNNING_SENTENCE_INHERITANCE	UNCHANGED_BY_NAME_LAYER	FIXED_744_LOCAL_CARDS__OWNER_RECORD_BUNDLE_AND_LOCUS_RETAINED__NO_RUNNING_STATEMENT_ATTACHMENT	SEPARATE_LOCAL_APPENDIX__NEVER_INHERIT_INTO_RUNNING_STATEMENT
21	606	LOCAL_CARD:ORIGINAL22_LOCAL_ADDRESS:P1003-E0412	P1003-E0412	f77r	BIOLOGICAL	f77r.50	G475-R093	Name oder Kennung fuer untere Gefaess-/Beckenstation	o	O	0	NONE	NONE	im lokalen Record [LOCAL_RECORD:G475-R093]: in Anwendungsform.	NONE__LOCAL_CARD_GUARD_FORBIDS_RUNNING_SENTENCE_INHERITANCE	UNCHANGED_BY_NAME_LAYER	FIXED_744_LOCAL_CARDS__OWNER_RECORD_BUNDLE_AND_LOCUS_RETAINED__NO_RUNNING_STATEMENT_ATTACHMENT	SEPARATE_LOCAL_APPENDIX__NEVER_INHERIT_INTO_RUNNING_STATEMENT
22	607	LOCAL_CARD:ORIGINAL22_LOCAL_ADDRESS:P912-E1111	P912-E1111	f81v	BIOLOGICAL	f81v.28	NOT_APPLICABLE	gemeinsames Bad- und Beckenfeld	otain	OT+AIN	0	NONE	NONE	im Rahmen [LOCAL_CONTROL:P912-E1111@1:OT]: danach / neuer Arbeitsgang; auf der lokalen Karte [LOCAL_CARD:ORIGINAL22_LOCAL_ADDRESS:P912-E1111]: Anwendungsportion.	NONE__LOCAL_CARD_GUARD_FORBIDS_RUNNING_SENTENCE_INHERITANCE	UNCHANGED_BY_NAME_LAYER	FIXED_744_LOCAL_CARDS__OWNER_RECORD_BUNDLE_AND_LOCUS_RETAINED__NO_RUNNING_STATEMENT_ATTACHMENT	SEPARATE_LOCAL_APPENDIX__NEVER_INHERIT_INTO_RUNNING_STATEMENT
23	608	LOCAL_CARD:ORIGINAL22_LOCAL_ADDRESS:P912-E1112	P912-E1112	f81v	BIOLOGICAL	f81v.28	NOT_APPLICABLE	gemeinsames Bad- und Beckenfeld	olkal	OL+K+AL	0	NONE	NONE	im Rahmen [LOCAL_CONTROL:P912-E1112@1:OL]: weiter im selben Arbeitsgang; Führe zu: zur Zielstation oder ins Zielbecken.	NONE__LOCAL_CARD_GUARD_FORBIDS_RUNNING_SENTENCE_INHERITANCE	UNCHANGED_BY_NAME_LAYER	FIXED_744_LOCAL_CARDS__OWNER_RECORD_BUNDLE_AND_LOCUS_RETAINED__NO_RUNNING_STATEMENT_ATTACHMENT	SEPARATE_LOCAL_APPENDIX__NEVER_INHERIT_INTO_RUNNING_STATEMENT
24	609	LOCAL_CARD:ORIGINAL22_LOCAL_ADDRESS:P912-E1185	P912-E1185	f82r	BIOLOGICAL	f82r.10	NOT_APPLICABLE	mehrere lokale Bad- und Leitungsstationen	oroldair	OR+OL+D_ADDR+AIR	0	NONE	NONE	auf der lokalen Karte [LOCAL_CARD:ORIGINAL22_LOCAL_ADDRESS:P912-E1185]: Becken- oder Körpereinheit, an der Stations-Arbeitsstelle, entlang des Stationswegs oder Kanals; im Rahmen [LOCAL_CONTROL:P912-E1185@2:OL]: weiter im selben Arbeitsgang.	NONE__LOCAL_CARD_GUARD_FORBIDS_RUNNING_SENTENCE_INHERITANCE	UNCHANGED_BY_NAME_LAYER	FIXED_744_LOCAL_CARDS__OWNER_RECORD_BUNDLE_AND_LOCUS_RETAINED__NO_RUNNING_STATEMENT_ATTACHMENT	SEPARATE_LOCAL_APPENDIX__NEVER_INHERIT_INTO_RUNNING_STATEMENT
25	610	LOCAL_CARD:ORIGINAL22_LOCAL_ADDRESS:P912-E1392	P912-E1392	f82r	BIOLOGICAL	f82r.34	NOT_APPLICABLE	mehrere lokale Bad- und Leitungsstationen	okor	OK+OR	0	NONE	NONE	Beschicke oder bereite vor: Becken- oder Körpereinheit.	NONE__LOCAL_CARD_GUARD_FORBIDS_RUNNING_SENTENCE_INHERITANCE	UNCHANGED_BY_NAME_LAYER	FIXED_744_LOCAL_CARDS__OWNER_RECORD_BUNDLE_AND_LOCUS_RETAINED__NO_RUNNING_STATEMENT_ATTACHMENT	SEPARATE_LOCAL_APPENDIX__NEVER_INHERIT_INTO_RUNNING_STATEMENT
26	611	LOCAL_CARD:ORIGINAL22_LOCAL_ADDRESS:P912-E1393	P912-E1393	f82r	BIOLOGICAL	f82r.35	NOT_APPLICABLE	mehrere lokale Bad- und Leitungsstationen	darol	DA+R+OL	0	NONE	NONE	Kennzeichne oder prüfe: im zweiten Durchgang; im Rahmen [LOCAL_CONTROL:P912-E1393@3:OL]: weiter im selben Arbeitsgang.	NONE__LOCAL_CARD_GUARD_FORBIDS_RUNNING_SENTENCE_INHERITANCE	UNCHANGED_BY_NAME_LAYER	FIXED_744_LOCAL_CARDS__OWNER_RECORD_BUNDLE_AND_LOCUS_RETAINED__NO_RUNNING_STATEMENT_ATTACHMENT	SEPARATE_LOCAL_APPENDIX__NEVER_INHERIT_INTO_RUNNING_STATEMENT
27	612	LOCAL_CARD:ORIGINAL22_LOCAL_ADDRESS:P912-E1394	P912-E1394	f82r	BIOLOGICAL	f82r.36	NOT_APPLICABLE	mehrere lokale Bad- und Leitungsstationen	okal	OK+AL	0	NONE	NONE	Beschicke oder bereite vor: zur Zielstation oder ins Zielbecken.	NONE__LOCAL_CARD_GUARD_FORBIDS_RUNNING_SENTENCE_INHERITANCE	UNCHANGED_BY_NAME_LAYER	FIXED_744_LOCAL_CARDS__OWNER_RECORD_BUNDLE_AND_LOCUS_RETAINED__NO_RUNNING_STATEMENT_ATTACHMENT	SEPARATE_LOCAL_APPENDIX__NEVER_INHERIT_INTO_RUNNING_STATEMENT
28	613	LOCAL_CARD:ORIGINAL22_LOCAL_ADDRESS:P912-E1395	P912-E1395	f82r	BIOLOGICAL	f82r.37	NOT_APPLICABLE	mehrere lokale Bad- und Leitungsstationen	okaldy	OK+AL+DY	0	NONE	NONE	Beschicke oder bereite vor: zur Zielstation oder ins Zielbecken; im Rahmen [LOCAL_CONTROL:P912-E1395@3:DY]: Arbeitsgang abschließen.	NONE__LOCAL_CARD_GUARD_FORBIDS_RUNNING_SENTENCE_INHERITANCE	UNCHANGED_BY_NAME_LAYER	FIXED_744_LOCAL_CARDS__OWNER_RECORD_BUNDLE_AND_LOCUS_RETAINED__NO_RUNNING_STATEMENT_ATTACHMENT	SEPARATE_LOCAL_APPENDIX__NEVER_INHERIT_INTO_RUNNING_STATEMENT
29	614	LOCAL_CARD:ORIGINAL22_LOCAL_ADDRESS:P912-E1396	P912-E1396	f82r	BIOLOGICAL	f82r.38	NOT_APPLICABLE	mehrere lokale Bad- und Leitungsstationen	darary	DA+R+AR+Y	0	NONE	NONE	Kennzeichne oder prüfe: im zweiten Durchgang, von der Ausgangsstation oder aus dem Ausgangsbecken, Stationsansatz.	NONE__LOCAL_CARD_GUARD_FORBIDS_RUNNING_SENTENCE_INHERITANCE	UNCHANGED_BY_NAME_LAYER	FIXED_744_LOCAL_CARDS__OWNER_RECORD_BUNDLE_AND_LOCUS_RETAINED__NO_RUNNING_STATEMENT_ATTACHMENT	SEPARATE_LOCAL_APPENDIX__NEVER_INHERIT_INTO_RUNNING_STATEMENT
30	615	LOCAL_CARD:ORIGINAL22_LOCAL_ADDRESS:P912-E1397	P912-E1397	f82r	BIOLOGICAL	f82r.39	NOT_APPLICABLE	mehrere lokale Bad- und Leitungsstationen	okairady	OK+AIR+A_ADDR+D_ADDR+Y	0	NONE	NONE	Beschicke oder bereite vor: entlang des Stationswegs oder Kanals, an der Stations-Hauptstelle, an der Stations-Arbeitsstelle, Stationsansatz.	NONE__LOCAL_CARD_GUARD_FORBIDS_RUNNING_SENTENCE_INHERITANCE	UNCHANGED_BY_NAME_LAYER	FIXED_744_LOCAL_CARDS__OWNER_RECORD_BUNDLE_AND_LOCUS_RETAINED__NO_RUNNING_STATEMENT_ATTACHMENT	SEPARATE_LOCAL_APPENDIX__NEVER_INHERIT_INTO_RUNNING_STATEMENT
31	616	LOCAL_CARD:ORIGINAL22_LOCAL_ADDRESS:P912-E1398	P912-E1398	f82r	BIOLOGICAL	f82r.40	NOT_APPLICABLE	mehrere lokale Bad- und Leitungsstationen	sororl	S+OR+OR+L	0	NONE	NONE	Leite die Becken- oder Körpereinheit über den Stationskontakt oder die Leitung um.	NONE__LOCAL_CARD_GUARD_FORBIDS_RUNNING_SENTENCE_INHERITANCE	UNCHANGED_BY_NAME_LAYER	FIXED_744_LOCAL_CARDS__OWNER_RECORD_BUNDLE_AND_LOCUS_RETAINED__NO_RUNNING_STATEMENT_ATTACHMENT	SEPARATE_LOCAL_APPENDIX__NEVER_INHERIT_INTO_RUNNING_STATEMENT
32	617	LOCAL_CARD:ORIGINAL22_LOCAL_ADDRESS:P912-E1399	P912-E1399	f82r	BIOLOGICAL	f82r.41	NOT_APPLICABLE	mehrere lokale Bad- und Leitungsstationen	olkoky	OL+K+OK+Y	0	NONE	NONE	im Rahmen [LOCAL_CONTROL:P912-E1399@1:OL]: weiter im selben Arbeitsgang; Führe zu; Beschicke oder bereite vor: Stationsansatz.	NONE__LOCAL_CARD_GUARD_FORBIDS_RUNNING_SENTENCE_INHERITANCE	UNCHANGED_BY_NAME_LAYER	FIXED_744_LOCAL_CARDS__OWNER_RECORD_BUNDLE_AND_LOCUS_RETAINED__NO_RUNNING_STATEMENT_ATTACHMENT	SEPARATE_LOCAL_APPENDIX__NEVER_INHERIT_INTO_RUNNING_STATEMENT
33	618	LOCAL_CARD:ORIGINAL22_LOCAL_ADDRESS:P912-E1400	P912-E1400	f82r	BIOLOGICAL	f82r.42	NOT_APPLICABLE	mehrere lokale Bad- und Leitungsstationen	sokoly	S+OK+OL+Y	0	NONE	NONE	Wähle die Einheit aus. Beschicke oder bereite den Stationsansatz vor. Fahre im selben Arbeitsgang fort.	NONE__LOCAL_CARD_GUARD_FORBIDS_RUNNING_SENTENCE_INHERITANCE	UNCHANGED_BY_NAME_LAYER	FIXED_744_LOCAL_CARDS__OWNER_RECORD_BUNDLE_AND_LOCUS_RETAINED__NO_RUNNING_STATEMENT_ATTACHMENT	SEPARATE_LOCAL_APPENDIX__NEVER_INHERIT_INTO_RUNNING_STATEMENT
34	619	LOCAL_CARD:ORIGINAL22_LOCAL_ADDRESS:P912-E1401	P912-E1401	f82r	BIOLOGICAL	f82r.43	NOT_APPLICABLE	mehrere lokale Bad- und Leitungsstationen	dolol	D_ADDR+OL+OL	0	NONE	NONE	auf der lokalen Karte [LOCAL_CARD:ORIGINAL22_LOCAL_ADDRESS:P912-E1401]: an der Stations-Arbeitsstelle; im Rahmen [LOCAL_CONTROL:P912-E1401@2:OL]: weiter im selben Arbeitsgang; im Rahmen [LOCAL_CONTROL:P912-E1401@3:OL]: weiter im selben Arbeitsgang.	NONE__LOCAL_CARD_GUARD_FORBIDS_RUNNING_SENTENCE_INHERITANCE	UNCHANGED_BY_NAME_LAYER	FIXED_744_LOCAL_CARDS__OWNER_RECORD_BUNDLE_AND_LOCUS_RETAINED__NO_RUNNING_STATEMENT_ATTACHMENT	SEPARATE_LOCAL_APPENDIX__NEVER_INHERIT_INTO_RUNNING_STATEMENT
35	620	LOCAL_CARD:ORIGINAL22_LOCAL_ADDRESS:P912-E1402	P912-E1402	f82r	BIOLOGICAL	f82r.44	NOT_APPLICABLE	mehrere lokale Bad- und Leitungsstationen	olaiin	OL+AIIN	0	NONE	NONE	im Rahmen [LOCAL_CONTROL:P912-E1402@1:OL]: weiter im selben Arbeitsgang; auf der lokalen Karte [LOCAL_CARD:ORIGINAL22_LOCAL_ADDRESS:P912-E1402]: Stations- oder Badmaß.	NONE__LOCAL_CARD_GUARD_FORBIDS_RUNNING_SENTENCE_INHERITANCE	UNCHANGED_BY_NAME_LAYER	FIXED_744_LOCAL_CARDS__OWNER_RECORD_BUNDLE_AND_LOCUS_RETAINED__NO_RUNNING_STATEMENT_ATTACHMENT	SEPARATE_LOCAL_APPENDIX__NEVER_INHERIT_INTO_RUNNING_STATEMENT
36	621	LOCAL_CARD:ORIGINAL22_LOCAL_ADDRESS:P912-E1403	P912-E1403	f82r	BIOLOGICAL	f82r.45	NOT_APPLICABLE	mehrere lokale Bad- und Leitungsstationen	okeear	OK+EE+AR	0	NONE	NONE	Beschicke oder bereite vor: auf Grad II, von der Ausgangsstation oder aus dem Ausgangsbecken.	NONE__LOCAL_CARD_GUARD_FORBIDS_RUNNING_SENTENCE_INHERITANCE	UNCHANGED_BY_NAME_LAYER	FIXED_744_LOCAL_CARDS__OWNER_RECORD_BUNDLE_AND_LOCUS_RETAINED__NO_RUNNING_STATEMENT_ATTACHMENT	SEPARATE_LOCAL_APPENDIX__NEVER_INHERIT_INTO_RUNNING_STATEMENT
37	622	LOCAL_CARD:ORIGINAL22_LOCAL_ADDRESS:P912-E1718	P912-E1718	f83r	BIOLOGICAL	f83r.45	NOT_APPLICABLE	lokale Becken-, Figuren- und Verbindungsstationen	chtorol	CH+T+OR+OL	0	NONE	NONE	Entnimm oder lass ab. Reguliere die Becken- oder Körpereinheit. Fahre im selben Arbeitsgang fort.	NONE__LOCAL_CARD_GUARD_FORBIDS_RUNNING_SENTENCE_INHERITANCE	UNCHANGED_BY_NAME_LAYER	FIXED_744_LOCAL_CARDS__OWNER_RECORD_BUNDLE_AND_LOCUS_RETAINED__NO_RUNNING_STATEMENT_ATTACHMENT	SEPARATE_LOCAL_APPENDIX__NEVER_INHERIT_INTO_RUNNING_STATEMENT
38	623	LOCAL_CARD:ORIGINAL22_LOCAL_ADDRESS:P912-E1719	P912-E1719	f83r	BIOLOGICAL	f83r.46	NOT_APPLICABLE	lokale Becken-, Figuren- und Verbindungsstationen	olsaiin	OL+S+AIIN	0	NONE	NONE	Fahre im selben Arbeitsgang fort. Wähle das Stations- oder Badmaß aus.	NONE__LOCAL_CARD_GUARD_FORBIDS_RUNNING_SENTENCE_INHERITANCE	UNCHANGED_BY_NAME_LAYER	FIXED_744_LOCAL_CARDS__OWNER_RECORD_BUNDLE_AND_LOCUS_RETAINED__NO_RUNNING_STATEMENT_ATTACHMENT	SEPARATE_LOCAL_APPENDIX__NEVER_INHERIT_INTO_RUNNING_STATEMENT
39	624	LOCAL_CARD:ORIGINAL22_LOCAL_ADDRESS:P912-E1731	P912-E1731	f83r	BIOLOGICAL	f83r.50	NOT_APPLICABLE	lokale Becken-, Figuren- und Verbindungsstationen	sasoldal	S+A_ADDR+S+OL+DA+L	0	NONE	NONE	Wähle die Einheit an der Stations-Hauptstelle aus. Leite den Strom im zweiten Durchgang und über den Stationskontakt oder die Leitung um. Fahre im selben Arbeitsgang fort.	NONE__LOCAL_CARD_GUARD_FORBIDS_RUNNING_SENTENCE_INHERITANCE	UNCHANGED_BY_NAME_LAYER	FIXED_744_LOCAL_CARDS__OWNER_RECORD_BUNDLE_AND_LOCUS_RETAINED__NO_RUNNING_STATEMENT_ATTACHMENT	SEPARATE_LOCAL_APPENDIX__NEVER_INHERIT_INTO_RUNNING_STATEMENT
40	625	LOCAL_CARD:ORIGINAL22_LOCAL_ADDRESS:P912-E1732	P912-E1732	f83r	BIOLOGICAL	f83r.51	NOT_APPLICABLE	lokale Becken-, Figuren- und Verbindungsstationen	darolsy	DA+R+OL+S+Y	0	NONE	NONE	Kennzeichne oder prüfe im zweiten Durchgang. Fahre im selben Arbeitsgang fort. Wähle den Stationsansatz aus.	NONE__LOCAL_CARD_GUARD_FORBIDS_RUNNING_SENTENCE_INHERITANCE	UNCHANGED_BY_NAME_LAYER	FIXED_744_LOCAL_CARDS__OWNER_RECORD_BUNDLE_AND_LOCUS_RETAINED__NO_RUNNING_STATEMENT_ATTACHMENT	SEPARATE_LOCAL_APPENDIX__NEVER_INHERIT_INTO_RUNNING_STATEMENT
