surface_id	visible_surface	register_status	prose_occurrences	astro_occurrences	common_atom_sequences	classification	historical_layer	composition_autonomy	apprentice_action_de	memorized_body_or_residue	classification_evidence	short_spoken_value_de
SF0001	a	ASTRO_ONLY	0	1	NONE	LOCAL_ASTRO_NOMENCLATOR	NOMENCLATOR_PLUS_OWNER	NONE	lokale Karte mit Diagrammplatz lernen	a	ASTRO:NO_COMMON_CORE	Hauptwert
SF0002	aiin	PROSE_AND_ASTRO	3	6	AIIN	PRODUCTIVE_BREVIGRAPH	BREVIGRAPH	FULL	aus Kernen zusammensetzen	NONE	PROSE:LITERAL_PRODUCTIVE_PARSE	Sollmaß
SF0003	ain	ASTRO_ONLY	0	2	AIN	PRODUCTIVE_CORE_SIGN	BREVIGRAPH_PLUS_OWNER	FULL_WITH_OWNER	Kern lesen, Diagrammbesitzer ergänzen	NONE	ASTRO:COMMON_CORE	gezaehlter Teil oder Unterabschnitt
SF0004	air	ASTRO_ONLY	0	4	AIR	PRODUCTIVE_CORE_SIGN	BREVIGRAPH_PLUS_OWNER	FULL_WITH_OWNER	Kern lesen, Diagrammbesitzer ergänzen	NONE	ASTRO:COMMON_CORE	Himmels-, Ring- oder Zeigerlauf
SF0005	airchy	ASTRO_ONLY	0	1	AIR	LOCAL_NOMENCLATOR_WITH_CORE_HINT	NOMENCLATOR_PLUS_BREVIGRAPH_HINT	PARTIAL	lokale Karte lernen; sichtbaren Kern nur als Hinweis lesen	NONE	ASTRO:COMMON_CORE	Himmels-, Ring- oder Zeigerlauf
SF0006	al	PROSE_ONLY	1	0	AL	PRODUCTIVE_BREVIGRAPH	BREVIGRAPH	FULL	aus Kernen zusammensetzen	NONE	PROSE:LITERAL_PRODUCTIVE_PARSE	dorthin
SF0007	alaiin	ASTRO_ONLY	0	1	AL+AIIN	PRODUCTIVE_ASTRO_COMPOSITION	BREVIGRAPH_PLUS_OWNER	FULL_WITH_OWNER	Kerne lesen, Diagrammbesitzer ergänzen	NONE	ASTRO:FAMILY_COMPOSITION	Ziel-Sollwert
SF0008	aldaiin	ASTRO_ONLY	0	1	AL+AIIN	PRODUCTIVE_ASTRO_COMPOSITION	BREVIGRAPH_PLUS_OWNER	FULL_WITH_OWNER	Kerne lesen, Diagrammbesitzer ergänzen	NONE	ASTRO:FAMILY_COMPOSITION	Ziel-Sollwert; lokaler D-Rahmen
SF0009	aldy	ASTRO_ONLY	0	1	AL	LOCAL_NOMENCLATOR_WITH_CORE_HINT	NOMENCLATOR_PLUS_BREVIGRAPH_HINT	PARTIAL	lokale Karte lernen; sichtbaren Kern nur als Hinweis lesen	NONE	ASTRO:COMMON_CORE	Zielsektor, Zielstern oder Zielfeld
SF0010	alys	ASTRO_ONLY	0	1	AL	LOCAL_NOMENCLATOR_WITH_CORE_HINT	NOMENCLATOR_PLUS_BREVIGRAPH_HINT	PARTIAL	lokale Karte lernen; sichtbaren Kern nur als Hinweis lesen	NONE	ASTRO:COMMON_CORE	Zielsektor, Zielstern oder Zielfeld
SF0011	am	ASTRO_ONLY	0	3	NONE	LOCAL_ASTRO_NOMENCLATOR	NOMENCLATOR_PLUS_OWNER	NONE	lokale Karte mit Diagrammplatz lernen	am	ASTRO:NO_COMMON_CORE	Aspektwert
SF0012	amy	ASTRO_ONLY	0	1	NONE	LOCAL_ASTRO_NOMENCLATOR	NOMENCLATOR_PLUS_OWNER	NONE	lokale Karte mit Diagrammplatz lernen	amy	ASTRO:NO_COMMON_CORE	aktueller Aspektwert
SF0013	ar	ASTRO_ONLY	0	9	AR	PRODUCTIVE_CORE_SIGN	BREVIGRAPH_PLUS_OWNER	FULL_WITH_OWNER	Kern lesen, Diagrammbesitzer ergänzen	NONE	ASTRO:COMMON_CORE	Ausgangssektor, Ursprung oder Bezugswert
SF0014	aram	ASTRO_ONLY	0	1	AR	LOCAL_NOMENCLATOR_WITH_CORE_HINT	NOMENCLATOR_PLUS_BREVIGRAPH_HINT	PARTIAL	lokale Karte lernen; sichtbaren Kern nur als Hinweis lesen	NONE	ASTRO:COMMON_CORE	Ausgangssektor, Ursprung oder Bezugswert
SF0015	ay	ASTRO_ONLY	0	2	NONE	LOCAL_ASTRO_NOMENCLATOR	NOMENCLATOR_PLUS_OWNER	NONE	lokale Karte mit Diagrammplatz lernen	ay	ASTRO:NO_COMMON_CORE	aktueller Hauptwert
SF0016	cfhy	PROSE_ONLY	1	0	CFH+Y	PRODUCTIVE_FRAME_PLUS_NOMENCLATOR_BODY	BREVIGRAPH_PLUS_NOMENCLATOR	PARTIAL	Rahmen lesen, Körper auswendig ergänzen	CFH	PROSE:PRODUCTIVE_FRAME_PLUS_MEMORIZED_BODY	aktuellen Posten auswringen
SF0017	ch	ASTRO_ONLY	0	1	NONE	LOCAL_ASTRO_NOMENCLATOR	NOMENCLATOR_PLUS_OWNER	NONE	lokale Karte mit Diagrammplatz lernen	ch	ASTRO:NO_COMMON_CORE	Zustand
SF0018	chaiin	PROSE_ONLY	1	0	AIIN	RENDERER_ALLOGRAPH_OF_PRODUCTIVE	RENDERER_PLUS_BREVIGRAPH	FULL_AFTER_RENDERER_NORMALIZATION	Renderer abziehen, dann zusammensetzen	NONE	PROSE:RENDERER_ALIAS_PLUS_PRODUCTIVE_PARSE	Sollmaß
SF0019	chair	PROSE_ONLY	1	0	AIR	PRODUCTIVE_BREVIGRAPH	BREVIGRAPH	FULL	aus Kernen zusammensetzen	NONE	PROSE:LITERAL_PRODUCTIVE_PARSE	Wasserzulauf
SF0020	chal	PROSE_ONLY	1	0	AL	RENDERER_ALLOGRAPH_OF_PRODUCTIVE	RENDERER_PLUS_BREVIGRAPH	FULL_AFTER_RENDERER_NORMALIZATION	Renderer abziehen, dann zusammensetzen	NONE	PROSE:RENDERER_ALIAS_PLUS_PRODUCTIVE_PARSE	dorthin
SF0021	char	PROSE_AND_ASTRO	2	1	AR	PRODUCTIVE_BREVIGRAPH	BREVIGRAPH	FULL	aus Kernen zusammensetzen	NONE	PROSE:LITERAL_PRODUCTIVE_PARSE	aus dem Ansatz
SF0022	chary	PROSE_ONLY	1	0	AR+Y	PRODUCTIVE_BREVIGRAPH	BREVIGRAPH	FULL	aus Kernen zusammensetzen	NONE	PROSE:LITERAL_PRODUCTIVE_PARSE	aus diesem Posten
SF0023	chckhal	PROSE_ONLY	1	0	CKH+AL	PRODUCTIVE_CORE_PLUS_EDGE	BREVIGRAPH	FULL	bekannten Kern und produktiven Rand zusammensetzen	NONE	PROSE:LEXICAL_BODY_PLUS_PRODUCTIVE_SUFFIX	zur Zielstelle durchleiten
SF0024	chckhy	PROSE_ONLY	3	0	CKH+Y	PRODUCTIVE_CORE_PLUS_EDGE	BREVIGRAPH	FULL	bekannten Kern und produktiven Rand zusammensetzen	NONE	PROSE:LEXICAL_BODY_PLUS_PRODUCTIVE_SUFFIX	durchleiten
SF0025	chda	ASTRO_ONLY	0	1	CHD	LOCAL_NOMENCLATOR_WITH_CORE_HINT	NOMENCLATOR_PLUS_BREVIGRAPH_HINT	PARTIAL	lokale Karte lernen; sichtbaren Kern nur als Hinweis lesen	NONE	ASTRO:COMMON_CORE	Wert oder Platzbezug uebertragen
SF0026	chdal	PROSE_ONLY	1	0	CHD+AL	PRODUCTIVE_CORE_PLUS_EDGE	BREVIGRAPH	FULL	bekannten Kern und produktiven Rand zusammensetzen	NONE	PROSE:LEXICAL_BODY_PLUS_PRODUCTIVE_SUFFIX	dort umsetzen
SF0027	chdy	PROSE_AND_ASTRO	1	1	CHD+Y	PRODUCTIVE_CORE_PLUS_EDGE	BREVIGRAPH	FULL	bekannten Kern und produktiven Rand zusammensetzen	NONE	PROSE:LEXICAL_BODY_PLUS_PRODUCTIVE_SUFFIX	laufenden Posten umsetzen
SF0028	cheal	PROSE_AND_ASTRO	1	1	AL	RENDERER_ALLOGRAPH_OF_PRODUCTIVE	RENDERER_PLUS_BREVIGRAPH	FULL_AFTER_RENDERER_NORMALIZATION	Renderer abziehen, dann zusammensetzen	NONE	PROSE:RENDERER_ALIAS_PLUS_PRODUCTIVE_PARSE	dorthin
SF0029	chealror	PROSE_ONLY	1	0	AL+OR	PRODUCTIVE_BREVIGRAPH	BREVIGRAPH	FULL	aus Kernen zusammensetzen	NONE	PROSE:LITERAL_PRODUCTIVE_PARSE	Ansatz von dort zur Zielstelle
SF0030	chear	ASTRO_ONLY	0	1	AR	LOCAL_NOMENCLATOR_WITH_CORE_HINT	NOMENCLATOR_PLUS_BREVIGRAPH_HINT	PARTIAL	lokale Karte lernen; sichtbaren Kern nur als Hinweis lesen	NONE	ASTRO:COMMON_CORE	Ausgangssektor, Ursprung oder Bezugswert
SF0031	checthy	PROSE_ONLY	2	0	CTH+Y	PRODUCTIVE_CORE_PLUS_EDGE	BREVIGRAPH	FULL	bekannten Kern und produktiven Rand zusammensetzen	NONE	PROSE:LEXICAL_BODY_PLUS_PRODUCTIVE_SUFFIX	bereit
SF0032	chedaiin	ASTRO_ONLY	0	1	CHD+AIIN	PRODUCTIVE_ASTRO_COMPOSITION	BREVIGRAPH_PLUS_OWNER	FULL_WITH_OWNER	Kerne lesen, Diagrammbesitzer ergänzen	NONE	ASTRO:FORWARD_SINGLE_CELL	ZUM SOLLWERT UMSETZEN
SF0033	chedain	PROSE_ONLY	1	0	CHD+AIN	PRODUCTIVE_CORE_PLUS_EDGE	BREVIGRAPH	FULL	bekannten Kern und produktiven Rand zusammensetzen	NONE	PROSE:LEXICAL_BODY_PLUS_PRODUCTIVE_SUFFIX	Portion umsetzen
SF0034	chedchy	PROSE_ONLY	1	0	CHD+Y	PRODUCTIVE_CORE_PLUS_EDGE	BREVIGRAPH	FULL	bekannten Kern und produktiven Rand zusammensetzen	NONE	PROSE:LEXICAL_BODY_PLUS_PRODUCTIVE_SUFFIX	diesen Posten überführen
SF0035	chedy	PROSE_ONLY	10	0	CHD+Y	PRODUCTIVE_CORE_PLUS_EDGE	BREVIGRAPH	FULL	bekannten Kern und produktiven Rand zusammensetzen	NONE	PROSE:LEXICAL_BODY_PLUS_PRODUCTIVE_SUFFIX	laufenden Posten umsetzen
SF0036	cheeckhody	PROSE_ONLY	1	0	EE+CKH+HO+CLOSE	PRODUCTIVE_CORE_PLUS_EDGE	BREVIGRAPH	FULL	bekannten Kern und produktiven Rand zusammensetzen	HO	PROSE:LEXICAL_BODY_PLUS_PRODUCTIVE_SUFFIX	länger auftragen; Schluss
SF0037	cheedar	PROSE_ONLY	1	0	CHD+AR	PRODUCTIVE_CORE_PLUS_EDGE	BREVIGRAPH	FULL	bekannten Kern und produktiven Rand zusammensetzen	CHD	PROSE:LEXICAL_BODY_PLUS_PRODUCTIVE_SUFFIX	von dort umsetzen
SF0038	cheedy	PROSE_ONLY	1	0	SHED+E+CLOSE	PRODUCTIVE_CORE_PLUS_EDGE	BREVIGRAPH	FULL	bekannten Kern und produktiven Rand zusammensetzen	NONE	PROSE:LEXICAL_BODY_PLUS_PRODUCTIVE_SUFFIX	kurz absetzen lassen; Schluss
SF0039	cheeety	PROSE_ONLY	1	0	EEE+TY	PRODUCTIVE_BREVIGRAPH	BREVIGRAPH	FULL	aus Kernen zusammensetzen	NONE	PROSE:LITERAL_PRODUCTIVE_PARSE	ganzen Teilposten
SF0040	cheeky	PROSE_ONLY	2	0	CHK+EE+Y	PRODUCTIVE_CORE_PLUS_EDGE	BREVIGRAPH	FULL	bekannten Kern und produktiven Rand zusammensetzen	NONE	PROSE:LEXICAL_BODY_PLUS_PRODUCTIVE_SUFFIX	länger erwärmen und offen halten
SF0041	chees	ASTRO_ONLY	0	1	NONE	LOCAL_ASTRO_NOMENCLATOR	NOMENCLATOR_PLUS_OWNER	NONE	lokale Karte mit Diagrammplatz lernen	chees	ASTRO:NO_COMMON_CORE	lange oder volle Diagrammstufe
SF0042	cheeteey	ASTRO_ONLY	0	1	NONE	LOCAL_ASTRO_NOMENCLATOR	NOMENCLATOR_PLUS_OWNER	NONE	lokale Karte mit Diagrammplatz lernen	cheeteey	ASTRO:NO_COMMON_CORE	lange oder volle Diagrammstufe + lange oder volle Diagrammstufe
SF0043	cheey	PROSE_AND_ASTRO	2	2	CHEEY	NOMENCLATOR_WHOLE_SIGN	NOMENCLATOR	NONE	ganze Karte lernen	CHEEY	PROSE:MEMORIZED_WHOLE	klarer Auszug
SF0044	chekody	ASTRO_ONLY	0	1	CHK+OD+Y	ASTRO_OD_PRODUCTIVE_MODIFIER	BOUND_TABLE_MODIFIER	FULL_WITH_OWNER	Grundkörper lesen, OD=markiert hinzufügen, Y/Argument rechts lesen	NONE	ASTRO_LOCAL:OD	erwärmten/gehaltenen Posten markieren
SF0045	cheky	PROSE_ONLY	3	0	CHK+E+Y	PRODUCTIVE_CORE_PLUS_EDGE	BREVIGRAPH	FULL	bekannten Kern und produktiven Rand zusammensetzen	NONE	PROSE:LEXICAL_BODY_PLUS_PRODUCTIVE_SUFFIX	kurz wärmen
SF0046	cheo	ASTRO_ONLY	0	1	CHEO	PRODUCTIVE_CORE_SIGN	BREVIGRAPH_PLUS_OWNER	FULL_WITH_OWNER	Kern lesen, Diagrammbesitzer ergänzen	NONE	ASTRO:COMMON_CORE	Ablesewert
SF0047	cheoar	PROSE_ONLY	1	0	CHEO+AR	PRODUCTIVE_CORE_PLUS_EDGE	BREVIGRAPH	FULL	bekannten Kern und produktiven Rand zusammensetzen	NONE	PROSE:LEXICAL_BODY_PLUS_PRODUCTIVE_SUFFIX	Auszug entnehmen
SF0048	cheody	ASTRO_ONLY	0	1	CHEO	LOCAL_NOMENCLATOR_WITH_CORE_HINT	NOMENCLATOR_PLUS_BREVIGRAPH_HINT	PARTIAL	lokale Karte lernen; sichtbaren Kern nur als Hinweis lesen	NONE	ASTRO:COMMON_CORE	Ablesewert fest
SF0049	cheokorchey	ASTRO_ONLY	0	1	CHEO+OR	LOCAL_NOMENCLATOR_WITH_COMPONENT_HINT	NOMENCLATOR_PLUS_BREVIGRAPH_HINT	PARTIAL	lokale Karte lernen, bekannten Kern als Hinweis nutzen	UNRESOLVED_LOCAL	ASTRO:LEARNED_WITH_HINT	Auszug/Ausgabe + Ansatz/Satz
SF0050	cheol	PROSE_ONLY	1	0	OL	PRODUCTIVE_BREVIGRAPH	BREVIGRAPH	FULL	aus Kernen zusammensetzen	NONE	PROSE:LITERAL_PRODUCTIVE_PARSE	fortsetzen
SF0051	cheor	ASTRO_ONLY	0	2	CHEO	LOCAL_NOMENCLATOR_WITH_CORE_HINT	NOMENCLATOR_PLUS_BREVIGRAPH_HINT	PARTIAL	lokale Karte lernen; sichtbaren Kern nur als Hinweis lesen	NONE	ASTRO:COMMON_CORE	Bedingungs-, Tabellen- oder Wahlansatz
SF0052	cheos	ASTRO_ONLY	0	1	CHEO	LOCAL_NOMENCLATOR_WITH_CORE_HINT	NOMENCLATOR_PLUS_BREVIGRAPH_HINT	PARTIAL	lokale Karte lernen; sichtbaren Kern nur als Hinweis lesen	NONE	ASTRO:COMMON_CORE	sekundärer Ablesewert
SF0053	ches	PROSE_ONLY	1	0	PARTITION	NOMENCLATOR_WHOLE_SIGN	NOMENCLATOR	NONE	ganze Karte lernen	PARTITION	PROSE:MEMORIZED_WHOLE	teilen
SF0054	cheteeser	ASTRO_ONLY	0	1	NONE	LOCAL_ASTRO_NOMENCLATOR	NOMENCLATOR_PLUS_OWNER	NONE	lokale Karte mit Diagrammplatz lernen	cheteeser	ASTRO:NO_COMMON_CORE	lange oder volle Diagrammstufe
SF0055	chetody	ASTRO_ONLY	0	1	NONE	LOCAL_ASTRO_NOMENCLATOR	NOMENCLATOR_PLUS_OWNER	NONE	lokale Karte mit Diagrammplatz lernen	chetody	ASTRO:NO_COMMON_CORE	abgeleiteter Platzwert
SF0056	chety	PROSE_ONLY	1	0	PARTITION+TY	LEXICAL_BODY_PLUS_PRODUCTIVE_EDGE	NOMENCLATOR_PLUS_BREVIGRAPH	PARTIAL	Körper lernen, produktiven Rand lesen	PARTITION	PROSE:LEXICAL_BODY_PLUS_PRODUCTIVE_SUFFIX	Teil abtrennen
SF0057	chey	PROSE_AND_ASTRO	7	4	Y	PRODUCTIVE_BREVIGRAPH	BREVIGRAPH	FULL	aus Kernen zusammensetzen	NONE	PROSE:LITERAL_PRODUCTIVE_PARSE	dieser Posten
SF0058	cheyky	ASTRO_ONLY	0	1	NONE	LOCAL_ASTRO_NOMENCLATOR	NOMENCLATOR_PLUS_OWNER	NONE	lokale Karte mit Diagrammplatz lernen	cheyky	ASTRO:NO_COMMON_CORE	Ablesung dieses Hauses
SF0059	chkain	PROSE_ONLY	1	0	AIN	PRODUCTIVE_BREVIGRAPH	BREVIGRAPH	FULL	aus Kernen zusammensetzen	NONE	PROSE:LITERAL_PRODUCTIVE_PARSE	eine Portion
SF0060	chkchdar	ASTRO_ONLY	0	1	KCH+AR	LOCAL_NOMENCLATOR_WITH_COMPONENT_HINT	NOMENCLATOR_PLUS_BREVIGRAPH_HINT	PARTIAL	lokale Karte lernen, bekannten Kern als Hinweis nutzen	UNRESOLVED_LOCAL	ASTRO:LEARNED_WITH_HINT	Bearbeiten + Quelle
SF0061	chkchykoly	ASTRO_ONLY	0	1	KCH+OL	LOCAL_NOMENCLATOR_WITH_COMPONENT_HINT	NOMENCLATOR_PLUS_BREVIGRAPH_HINT	PARTIAL	lokale Karte lernen, bekannten Kern als Hinweis nutzen	UNRESOLVED_LOCAL	ASTRO:LEARNED_WITH_HINT	Bearbeiten + Fortsetzen
SF0062	chkeedy	PROSE_ONLY	1	0	CHK+EE+CLOSE	PRODUCTIVE_CORE_PLUS_EDGE	BREVIGRAPH	FULL	bekannten Kern und produktiven Rand zusammensetzen	NONE	PROSE:LEXICAL_BODY_PLUS_PRODUCTIVE_SUFFIX	länger wärmen; Schluss
SF0063	chkeey	PROSE_ONLY	1	0	CHK+EE+Y	PRODUCTIVE_CORE_PLUS_EDGE	BREVIGRAPH	FULL	bekannten Kern und produktiven Rand zusammensetzen	NONE	PROSE:LEXICAL_BODY_PLUS_PRODUCTIVE_SUFFIX	diesen Posten länger warm halten
SF0064	chky	ASTRO_ONLY	0	1	NONE	LOCAL_ASTRO_NOMENCLATOR	NOMENCLATOR_PLUS_OWNER	NONE	lokale Karte mit Diagrammplatz lernen	chky	ASTRO:NO_COMMON_CORE	Grad oder Diagrammzustand justieren
SF0065	chldaiin	PROSE_ONLY	1	0	SHED+AIIN	PRODUCTIVE_CORE_PLUS_EDGE	BREVIGRAPH	FULL	bekannten Kern und produktiven Rand zusammensetzen	SHED	PROSE:LEXICAL_BODY_PLUS_PRODUCTIVE_SUFFIX	Absetzmaß
SF0066	cho	PROSE_AND_ASTRO	2	2	HO	NOMENCLATOR_WHOLE_SIGN	NOMENCLATOR	NONE	ganze Karte lernen	NONE	PROSE:LEXICAL_ROOT_ONLY	Zutat
SF0067	choaiin	ASTRO_ONLY	0	1	HO+AIIN	LOCAL_NOMENCLATOR_WITH_COMPONENT_HINT	NOMENCLATOR_PLUS_BREVIGRAPH_HINT	PARTIAL	lokale Karte lernen, bekannten Kern als Hinweis nutzen	UNRESOLVED_LOCAL	ASTRO:LEARNED_WITH_HINT	Eingangsposten + Sollwert/Maß
SF0068	chocfhy	ASTRO_ONLY	0	2	HO	LOCAL_NOMENCLATOR_WITH_CORE_HINT	NOMENCLATOR_PLUS_BREVIGRAPH_HINT	PARTIAL	lokale Karte lernen; sichtbaren Kern nur als Hinweis lesen	NONE	ASTRO:COMMON_CORE	Himmelsobjekt oder Eingangsbedingung
SF0069	chochor	PROSE_ONLY	1	0	HO+OR	PRODUCTIVE_CORE_PLUS_EDGE	BREVIGRAPH	FULL	bekannten Kern und produktiven Rand zusammensetzen	NONE	PROSE:LEXICAL_BODY_PLUS_PRODUCTIVE_SUFFIX	Zutatenansatz
SF0070	choctheeey	ASTRO_ONLY	0	1	HO+CTH	LOCAL_NOMENCLATOR_WITH_COMPONENT_HINT	NOMENCLATOR_PLUS_BREVIGRAPH_HINT	PARTIAL	lokale Karte lernen, bekannten Kern als Hinweis nutzen	UNRESOLVED_LOCAL	ASTRO:LEARNED_WITH_HINT	Eingangsposten + Bereitwert
SF0071	chod	ASTRO_ONLY	0	1	HO	LOCAL_NOMENCLATOR_WITH_CORE_HINT	NOMENCLATOR_PLUS_BREVIGRAPH_HINT	PARTIAL	lokale Karte lernen; sichtbaren Kern nur als Hinweis lesen	NONE	ASTRO:COMMON_CORE	Himmelsobjekt oder Eingangsbedingung
SF0072	chodaiin	PROSE_ONLY	1	0	HO+AIIN	PRODUCTIVE_CORE_PLUS_EDGE	BREVIGRAPH	FULL	bekannten Kern und produktiven Rand zusammensetzen	NONE	PROSE:LEXICAL_BODY_PLUS_PRODUCTIVE_SUFFIX	Zutatenmaß
SF0073	chodaly	PROSE_ONLY	1	0	HO+AL+Y	PRODUCTIVE_CORE_PLUS_EDGE	BREVIGRAPH	FULL	bekannten Kern und produktiven Rand zusammensetzen	NONE	PROSE:LEXICAL_BODY_PLUS_PRODUCTIVE_SUFFIX	diese Zutat zur Stelle bringen
SF0074	choeea	ASTRO_ONLY	0	1	HO	LOCAL_NOMENCLATOR_WITH_CORE_HINT	NOMENCLATOR_PLUS_BREVIGRAPH_HINT	PARTIAL	lokale Karte lernen; sichtbaren Kern nur als Hinweis lesen	NONE	ASTRO:COMMON_CORE	Himmelsobjekt oder Eingangsbedingung + lange oder volle Diagrammstufe
SF0075	choer	ASTRO_ONLY	0	1	HO	LOCAL_NOMENCLATOR_WITH_CORE_HINT	NOMENCLATOR_PLUS_BREVIGRAPH_HINT	PARTIAL	lokale Karte lernen; sichtbaren Kern nur als Hinweis lesen	NONE	ASTRO:COMMON_CORE	Himmelsobjekt oder Eingangsbedingung
SF0076	chokal	ASTRO_ONLY	0	1	HO+AL	LOCAL_NOMENCLATOR_WITH_COMPONENT_HINT	NOMENCLATOR_PLUS_BREVIGRAPH_HINT	PARTIAL	lokale Karte lernen, bekannten Kern als Hinweis nutzen	UNRESOLVED_LOCAL	ASTRO:LEARNED_WITH_HINT	Eingangsposten + Ziel
SF0077	chokcheo	PROSE_ONLY	1	0	OK+CHEO	PRODUCTIVE_CORE_PLUS_EDGE	BREVIGRAPH	FULL	bekannten Kern und produktiven Rand zusammensetzen	NONE	PROSE:LEXICAL_BODY_PLUS_PRODUCTIVE_SUFFIX	Auszug zugeben
SF0078	chokchy	PROSE_ONLY	1	0	OK+Y	PRODUCTIVE_BREVIGRAPH	BREVIGRAPH	FULL	aus Kernen zusammensetzen	NONE	PROSE:LITERAL_PRODUCTIVE_PARSE	Posten zur Weiterbearbeitung ansetzen
SF0079	choky	PROSE_AND_ASTRO	2	1	OK+Y	PRODUCTIVE_BREVIGRAPH	BREVIGRAPH	FULL	aus Kernen zusammensetzen	NONE	PROSE:LITERAL_PRODUCTIVE_PARSE	aktuellen Posten ansetzen
SF0080	chol	PROSE_AND_ASTRO	3	4	OL	RENDERER_ALLOGRAPH_OF_PRODUCTIVE	RENDERER_PLUS_BREVIGRAPH	FULL_AFTER_RENDERER_NORMALIZATION	Renderer abziehen, dann zusammensetzen	NONE	PROSE:RENDERER_ALIAS_PLUS_PRODUCTIVE_PARSE	fortsetzen
SF0081	cholor	PROSE_ONLY	1	0	OL+OR	PRODUCTIVE_BREVIGRAPH	BREVIGRAPH	FULL	aus Kernen zusammensetzen	NONE	PROSE:LITERAL_PRODUCTIVE_PARSE	Fortsetzungsansatz
SF0082	choly	ASTRO_ONLY	0	1	HO	LOCAL_NOMENCLATOR_WITH_CORE_HINT	NOMENCLATOR_PLUS_BREVIGRAPH_HINT	PARTIAL	lokale Karte lernen; sichtbaren Kern nur als Hinweis lesen	NONE	ASTRO:COMMON_CORE	im selben Ring, Band oder Satz fortsetzen
SF0083	chor	PROSE_ONLY	3	0	OR	PRODUCTIVE_BREVIGRAPH	BREVIGRAPH	FULL	aus Kernen zusammensetzen	NONE	PROSE:LITERAL_PRODUCTIVE_PARSE	Ansatz
SF0084	chos	ASTRO_ONLY	0	2	HO	LOCAL_NOMENCLATOR_WITH_CORE_HINT	NOMENCLATOR_PLUS_BREVIGRAPH_HINT	PARTIAL	lokale Karte lernen; sichtbaren Kern nur als Hinweis lesen	NONE	ASTRO:COMMON_CORE	Himmelsobjekt oder Eingangsbedingung
SF0085	choteey	ASTRO_ONLY	0	1	HO	LOCAL_NOMENCLATOR_WITH_CORE_HINT	NOMENCLATOR_PLUS_BREVIGRAPH_HINT	PARTIAL	lokale Karte lernen; sichtbaren Kern nur als Hinweis lesen	NONE	ASTRO:COMMON_CORE	naechster Platz oder folgende Bedingung + lange oder volle Diagrammstufe
SF0086	choy	PROSE_ONLY	1	0	HO+Y	PRODUCTIVE_CORE_PLUS_EDGE	BREVIGRAPH	FULL	bekannten Kern und produktiven Rand zusammensetzen	NONE	PROSE:LEXICAL_BODY_PLUS_PRODUCTIVE_SUFFIX	diese Zutat
SF0087	chpor	ASTRO_ONLY	0	1	OR	LOCAL_NOMENCLATOR_WITH_CORE_HINT	NOMENCLATOR_PLUS_BREVIGRAPH_HINT	PARTIAL	lokale Karte lernen; sichtbaren Kern nur als Hinweis lesen	NONE	ASTRO:COMMON_CORE	Bedingungs-, Tabellen- oder Wahlansatz
SF0088	chsdy	ASTRO_ONLY	0	1	NONE	LOCAL_ASTRO_NOMENCLATOR	NOMENCLATOR_PLUS_OWNER	NONE	lokale Karte mit Diagrammplatz lernen	chsdy	ASTRO:NO_COMMON_CORE	sekundärer Zustand fest
SF0089	chteey	ASTRO_ONLY	0	1	NONE	LOCAL_ASTRO_NOMENCLATOR	NOMENCLATOR_PLUS_OWNER	NONE	lokale Karte mit Diagrammplatz lernen	chteey	ASTRO:NO_COMMON_CORE	lange oder volle Diagrammstufe
SF0090	chty	PROSE_ONLY	1	0	PARTITION+TY	LEXICAL_BODY_PLUS_PRODUCTIVE_EDGE	NOMENCLATOR_PLUS_BREVIGRAPH	PARTIAL	Körper lernen, produktiven Rand lesen	PARTITION	PROSE:LEXICAL_BODY_PLUS_PRODUCTIVE_SUFFIX	Teil abtrennen
SF0091	chy	PROSE_AND_ASTRO	3	2	Y	RENDERER_ALLOGRAPH_OF_PRODUCTIVE	RENDERER_PLUS_BREVIGRAPH	FULL_AFTER_RENDERER_NORMALIZATION	Renderer abziehen, dann zusammensetzen	NONE	PROSE:RENDERER_ALIAS_PLUS_PRODUCTIVE_PARSE	dieser Posten
SF0092	chykar	ASTRO_ONLY	0	1	AR	LOCAL_NOMENCLATOR_WITH_CORE_HINT	NOMENCLATOR_PLUS_BREVIGRAPH_HINT	PARTIAL	lokale Karte lernen; sichtbaren Kern nur als Hinweis lesen	NONE	ASTRO:COMMON_CORE	Ausgangssektor, Ursprung oder Bezugswert
SF0093	chykchs	ASTRO_ONLY	0	1	KCH	LOCAL_NOMENCLATOR_WITH_CORE_HINT	NOMENCLATOR_PLUS_BREVIGRAPH_HINT	PARTIAL	lokale Karte lernen; sichtbaren Kern nur als Hinweis lesen	NONE	ASTRO:COMMON_CORE	Diagrammplatz berechnen oder bearbeiten
SF0094	cpheey	ASTRO_ONLY	0	1	NONE	LOCAL_ASTRO_NOMENCLATOR	NOMENCLATOR_PLUS_OWNER	NONE	lokale Karte mit Diagrammplatz lernen	cpheey	ASTRO:NO_COMMON_CORE	lange oder volle Diagrammstufe
SF0095	cphocthy	ASTRO_ONLY	0	1	CTH	LOCAL_NOMENCLATOR_WITH_CORE_HINT	NOMENCLATOR_PLUS_BREVIGRAPH_HINT	PARTIAL	lokale Karte lernen; sichtbaren Kern nur als Hinweis lesen	NONE	ASTRO:COMMON_CORE	Himmelsobjekt oder Eingangsbedingung
SF0096	cphol	ASTRO_ONLY	0	1	OL	LOCAL_NOMENCLATOR_WITH_CORE_HINT	NOMENCLATOR_PLUS_BREVIGRAPH_HINT	PARTIAL	lokale Karte lernen; sichtbaren Kern nur als Hinweis lesen	NONE	ASTRO:COMMON_CORE	im selben Ring, Band oder Satz fortsetzen
SF0097	cphy	PROSE_ONLY	1	0	CPH+Y	PRODUCTIVE_FRAME_PLUS_NOMENCLATOR_BODY	BREVIGRAPH_PLUS_NOMENCLATOR	PARTIAL	Rahmen lesen, Körper auswendig ergänzen	CPH	PROSE:PRODUCTIVE_FRAME_PLUS_MEMORIZED_BODY	aktuellen Posten nachseihen
SF0098	cthaiin	PROSE_ONLY	1	0	CTH+AIIN	PRODUCTIVE_CORE_PLUS_EDGE	BREVIGRAPH	FULL	bekannten Kern und produktiven Rand zusammensetzen	NONE	PROSE:LEXICAL_BODY_PLUS_PRODUCTIVE_SUFFIX	Fertigmaß
SF0099	cthoor	PROSE_ONLY	1	0	CTH+OR	PRODUCTIVE_CORE_PLUS_EDGE	BREVIGRAPH	FULL	bekannten Kern und produktiven Rand zusammensetzen	NONE	PROSE:LEXICAL_BODY_PLUS_PRODUCTIVE_SUFFIX	Ansatz bereit
SF0100	cthy	PROSE_ONLY	3	0	CTH+Y	PRODUCTIVE_CORE_PLUS_EDGE	BREVIGRAPH	FULL	bekannten Kern und produktiven Rand zusammensetzen	NONE	PROSE:LEXICAL_BODY_PLUS_PRODUCTIVE_SUFFIX	bereit
SF0101	d	ASTRO_ONLY	0	1	NONE	LOCAL_ASTRO_NOMENCLATOR	NOMENCLATOR_PLUS_OWNER	NONE	lokale Karte mit Diagrammplatz lernen	d	ASTRO:NO_COMMON_CORE	Festwert
SF0102	dadaiin	ASTRO_ONLY	0	1	AIIN	LOCAL_NOMENCLATOR_WITH_CORE_HINT	NOMENCLATOR_PLUS_BREVIGRAPH_HINT	PARTIAL	lokale Karte lernen; sichtbaren Kern nur als Hinweis lesen	NONE	ASTRO:COMMON_CORE	Sollwert oder Grad eines Diagrammplatzes
SF0103	daiial	ASTRO_ONLY	0	1	AL	LOCAL_NOMENCLATOR_WITH_CORE_HINT	NOMENCLATOR_PLUS_BREVIGRAPH_HINT	PARTIAL	lokale Karte lernen; sichtbaren Kern nur als Hinweis lesen	NONE	ASTRO:COMMON_CORE	Zielsektor, Zielstern oder Zielfeld
SF0104	daiiin	PROSE_ONLY	1	0	IIN	PRODUCTIVE_BREVIGRAPH	BREVIGRAPH	FULL	aus Kernen zusammensetzen	NONE	PROSE:LITERAL_PRODUCTIVE_PARSE	Öffnungsstufe
SF0105	daiin	PROSE_AND_ASTRO	11	4	AIIN	RENDERER_ALLOGRAPH_OF_PRODUCTIVE	RENDERER_PLUS_BREVIGRAPH	FULL_AFTER_RENDERER_NORMALIZATION	Renderer abziehen, dann zusammensetzen	NONE	PROSE:RENDERER_ALIAS_PLUS_PRODUCTIVE_PARSE	Sollmaß
SF0106	dain	PROSE_AND_ASTRO	2	1	DAIN	NOMENCLATOR_WHOLE_SIGN	NOMENCLATOR	NONE	ganze Karte lernen	DAIN	PROSE:MEMORIZED_WHOLE	Tuch
SF0107	dair	ASTRO_ONLY	0	3	AIR	LOCAL_NOMENCLATOR_WITH_CORE_HINT	NOMENCLATOR_PLUS_BREVIGRAPH_HINT	PARTIAL	lokale Karte lernen; sichtbaren Kern nur als Hinweis lesen	NONE	ASTRO:COMMON_CORE	Himmels-, Ring- oder Zeigerlauf
SF0108	dairydy	PROSE_ONLY	1	0	AIR+Y+CLOSE	PRODUCTIVE_CORE_PLUS_EDGE	BREVIGRAPH	FULL	bekannten Kern und produktiven Rand zusammensetzen	NONE	PROSE:LEXICAL_BODY_PLUS_PRODUCTIVE_SUFFIX	Wasserlauf schliessen; Schluss
SF0109	dal	PROSE_AND_ASTRO	5	5	AL	RENDERER_ALLOGRAPH_OF_PRODUCTIVE	RENDERER_PLUS_BREVIGRAPH	FULL_AFTER_RENDERER_NORMALIZATION	Renderer abziehen, dann zusammensetzen	NONE	PROSE:RENDERER_ALIAS_PLUS_PRODUCTIVE_PARSE	dorthin
SF0110	dalchdy	PROSE_ONLY	1	0	AL+CHD+CLOSE	PRODUCTIVE_CORE_PLUS_EDGE	BREVIGRAPH	FULL	bekannten Kern und produktiven Rand zusammensetzen	NONE	PROSE:LEXICAL_BODY_PLUS_PRODUCTIVE_SUFFIX	dorthin umsetzen; Schluss
SF0111	daldy	PROSE_ONLY	1	0	AL+CLOSE	PRODUCTIVE_CORE_PLUS_EDGE	BREVIGRAPH	FULL	bekannten Kern und produktiven Rand zusammensetzen	NONE	PROSE:LEXICAL_BODY_PLUS_PRODUCTIVE_SUFFIX	Nebenoeffnung; Schluss
SF0112	dar	PROSE_AND_ASTRO	2	2	AR	RENDERER_ALLOGRAPH_OF_PRODUCTIVE	RENDERER_PLUS_BREVIGRAPH	FULL_AFTER_RENDERER_NORMALIZATION	Renderer abziehen, dann zusammensetzen	NONE	PROSE:RENDERER_ALIAS_PLUS_PRODUCTIVE_PARSE	aus dem Ansatz
SF0113	daram	ASTRO_ONLY	0	1	AR	LOCAL_NOMENCLATOR_WITH_CORE_HINT	NOMENCLATOR_PLUS_BREVIGRAPH_HINT	PARTIAL	lokale Karte lernen; sichtbaren Kern nur als Hinweis lesen	NONE	ASTRO:COMMON_CORE	Ausgangssektor, Ursprung oder Bezugswert
SF0114	dary	ASTRO_ONLY	0	1	AR	LOCAL_NOMENCLATOR_WITH_CORE_HINT	NOMENCLATOR_PLUS_BREVIGRAPH_HINT	PARTIAL	lokale Karte lernen; sichtbaren Kern nur als Hinweis lesen	NONE	ASTRO:COMMON_CORE	Ausgangssektor, Ursprung oder Bezugswert
SF0115	dchdar	ASTRO_ONLY	0	1	CHD+AR	LOCAL_NOMENCLATOR_WITH_COMPONENT_HINT	NOMENCLATOR_PLUS_BREVIGRAPH_HINT	PARTIAL	lokale Karte lernen, bekannten Kern als Hinweis nutzen	UNRESOLVED_LOCAL	ASTRO:LEARNED_WITH_HINT	Umsetzen + Quelle
SF0116	dchdy	PROSE_ONLY	1	0	CHD+CLOSE	PRODUCTIVE_CORE_PLUS_EDGE	BREVIGRAPH	FULL	bekannten Kern und produktiven Rand zusammensetzen	NONE	PROSE:LEXICAL_BODY_PLUS_PRODUCTIVE_SUFFIX	weitergeführten Posten überführen; Schluss
SF0117	dchedy	PROSE_ONLY	1	0	CHD+CLOSE	PRODUCTIVE_CORE_PLUS_EDGE	BREVIGRAPH	FULL	bekannten Kern und produktiven Rand zusammensetzen	NONE	PROSE:LEXICAL_BODY_PLUS_PRODUCTIVE_SUFFIX	Posten überführen; Schluss
SF0118	dchetay	ASTRO_ONLY	0	1	NONE	LOCAL_ASTRO_NOMENCLATOR	NOMENCLATOR_PLUS_OWNER	NONE	lokale Karte mit Diagrammplatz lernen	dchetay	ASTRO:NO_COMMON_CORE	fester Hauptphasenwert
SF0119	dchey	PROSE_ONLY	1	0	DCHE+Y	PRODUCTIVE_FRAME_PLUS_NOMENCLATOR_BODY	BREVIGRAPH_PLUS_NOMENCLATOR	PARTIAL	Rahmen lesen, Körper auswendig ergänzen	DCHE	PROSE:PRODUCTIVE_FRAME_PLUS_MEMORIZED_BODY	Wurzel als aktueller Posten
SF0120	dchol	PROSE_ONLY	1	0	DCHOL	NOMENCLATOR_WHOLE_SIGN	NOMENCLATOR	NONE	ganze Karte lernen	DCHOL	PROSE:MEMORIZED_WHOLE	vorigen Posten fortsetzen
SF0121	dchor	ASTRO_ONLY	0	2	HO	LOCAL_NOMENCLATOR_WITH_CORE_HINT	NOMENCLATOR_PLUS_BREVIGRAPH_HINT	PARTIAL	lokale Karte lernen; sichtbaren Kern nur als Hinweis lesen	NONE	ASTRO:COMMON_CORE	Bedingungs-, Tabellen- oder Wahlansatz
SF0122	dchy	ASTRO_ONLY	0	1	NONE	LOCAL_ASTRO_NOMENCLATOR	NOMENCLATOR_PLUS_OWNER	NONE	lokale Karte mit Diagrammplatz lernen	dchy	ASTRO:NO_COMMON_CORE	fester Zustand
SF0123	dl	PROSE_ONLY	2	0	LOCAL_WHOLE	NOMENCLATOR_WHOLE_SIGN	NOMENCLATOR	NONE	ganze Karte lernen	LOCAL_WHOLE	PROSE:MEMORIZED_WHOLE	Zusatz
SF0124	doair	ASTRO_ONLY	0	1	AIR	LOCAL_NOMENCLATOR_WITH_CORE_HINT	NOMENCLATOR_PLUS_BREVIGRAPH_HINT	PARTIAL	lokale Karte lernen; sichtbaren Kern nur als Hinweis lesen	NONE	ASTRO:COMMON_CORE	Himmels-, Ring- oder Zeigerlauf
SF0125	doiin	ASTRO_ONLY	0	1	NONE	LOCAL_ASTRO_NOMENCLATOR	NOMENCLATOR_PLUS_OWNER	NONE	lokale Karte mit Diagrammplatz lernen	doiin	ASTRO:NO_COMMON_CORE	Grad- oder Bedingungsstufe
SF0126	doiir	ASTRO_ONLY	0	1	NONE	LOCAL_ASTRO_NOMENCLATOR	NOMENCLATOR_PLUS_OWNER	NONE	lokale Karte mit Diagrammplatz lernen	doiir	ASTRO:NO_COMMON_CORE	fester Grundindex
SF0127	dokan	ASTRO_ONLY	0	1	OK	LOCAL_NOMENCLATOR_WITH_CORE_HINT	NOMENCLATOR_PLUS_BREVIGRAPH_HINT	PARTIAL	lokale Karte lernen; sichtbaren Kern nur als Hinweis lesen	NONE	ASTRO:COMMON_CORE	Diagrammposten setzen oder aktivieren
SF0128	dolchedy	ASTRO_ONLY	0	1	OL+CHD	LOCAL_NOMENCLATOR_WITH_COMPONENT_HINT	NOMENCLATOR_PLUS_BREVIGRAPH_HINT	PARTIAL	lokale Karte lernen, bekannten Kern als Hinweis nutzen	UNRESOLVED_LOCAL	ASTRO:LEARNED_WITH_HINT	Fortsetzen + Umsetzen
SF0129	dolchsody	ASTRO_ONLY	0	1	OL	LOCAL_NOMENCLATOR_WITH_CORE_HINT	NOMENCLATOR_PLUS_BREVIGRAPH_HINT	PARTIAL	lokale Karte lernen; sichtbaren Kern nur als Hinweis lesen	NONE	ASTRO:COMMON_CORE	im selben Ring, Band oder Satz fortsetzen
SF0130	dosar	ASTRO_ONLY	0	1	AR	LOCAL_NOMENCLATOR_WITH_CORE_HINT	NOMENCLATOR_PLUS_BREVIGRAPH_HINT	PARTIAL	lokale Karte lernen; sichtbaren Kern nur als Hinweis lesen	NONE	ASTRO:COMMON_CORE	Ausgangssektor, Ursprung oder Bezugswert
SF0131	dshedy	PROSE_ONLY	1	0	SHED+E+CLOSE	PRODUCTIVE_CORE_PLUS_EDGE	BREVIGRAPH	FULL	bekannten Kern und produktiven Rand zusammensetzen	NONE	PROSE:LEXICAL_BODY_PLUS_PRODUCTIVE_SUFFIX	kurz absetzen; Schluss
SF0132	dsheol	PROSE_ONLY	1	0	SH+E+OL	PRODUCTIVE_CORE_PLUS_EDGE	BREVIGRAPH	FULL	bekannten Kern und produktiven Rand zusammensetzen	NONE	PROSE:LEXICAL_BODY_PLUS_PRODUCTIVE_SUFFIX	kurz weiter ruhen lassen
SF0133	dy	PROSE_AND_ASTRO	5	9	Y	RENDERER_ALLOGRAPH_OF_PRODUCTIVE	RENDERER_PLUS_BREVIGRAPH	FULL_AFTER_RENDERER_NORMALIZATION	Renderer abziehen, dann zusammensetzen	NONE	PROSE:RENDERER_ALIAS_PLUS_PRODUCTIVE_PARSE	dieser Posten
SF0134	eckhear	ASTRO_ONLY	0	1	CKHE+AR	LOCAL_NOMENCLATOR_WITH_COMPONENT_HINT	NOMENCLATOR_PLUS_BREVIGRAPH_HINT	PARTIAL	lokale Karte lernen, bekannten Kern als Hinweis nutzen	UNRESOLVED_LOCAL	ASTRO:LEARNED_WITH_HINT	Seihen/Trennen + Quelle
SF0135	eesydy	ASTRO_ONLY	0	1	NONE	LOCAL_ASTRO_NOMENCLATOR	NOMENCLATOR_PLUS_OWNER	NONE	lokale Karte mit Diagrammplatz lernen	eesydy	ASTRO:NO_COMMON_CORE	lange oder volle Diagrammstufe
SF0136	es	ASTRO_ONLY	0	1	NONE	LOCAL_ASTRO_NOMENCLATOR	NOMENCLATOR_PLUS_OWNER	NONE	lokale Karte mit Diagrammplatz lernen	es	ASTRO:NO_COMMON_CORE	ausgewählter Nebenwert
SF0137	etyd	PROSE_ONLY	1	0	E+TY	PRODUCTIVE_BREVIGRAPH	BREVIGRAPH	FULL	aus Kernen zusammensetzen	NONE	PROSE:LITERAL_PRODUCTIVE_PARSE	kleiner Restteil
SF0138	ey	ASTRO_ONLY	0	1	NONE	LOCAL_ASTRO_NOMENCLATOR	NOMENCLATOR_PLUS_OWNER	NONE	lokale Karte mit Diagrammplatz lernen	ey	ASTRO:NO_COMMON_CORE	aktueller Auswahlwert
SF0139	eykeody	ASTRO_ONLY	0	1	E+YK+E+OD+Y	ASTRO_OD_PRODUCTIVE_MODIFIER	BOUND_TABLE_MODIFIER	FULL_WITH_OWNER	Grundkörper lesen, OD=markiert hinzufügen, Y/Argument rechts lesen	NONE	ASTRO_LOCAL:OD	Klassenposten in kurzer Stufe markieren
SF0140	g	ASTRO_ONLY	0	1	NONE	LOCAL_ASTRO_NOMENCLATOR	NOMENCLATOR_PLUS_OWNER	NONE	lokale Karte mit Diagrammplatz lernen	g	ASTRO:NO_COMMON_CORE	Gradwert
SF0141	giin	ASTRO_ONLY	0	1	NONE	LOCAL_ASTRO_NOMENCLATOR	NOMENCLATOR_PLUS_OWNER	NONE	lokale Karte mit Diagrammplatz lernen	giin	ASTRO:NO_COMMON_CORE	Grad- oder Bedingungsstufe
SF0142	iokeeor	ASTRO_ONLY	0	1	OK+OR	LOCAL_NOMENCLATOR_WITH_COMPONENT_HINT	NOMENCLATOR_PLUS_BREVIGRAPH_HINT	PARTIAL	lokale Karte lernen, bekannten Kern als Hinweis nutzen	UNRESOLVED_LOCAL	ASTRO:LEARNED_WITH_HINT	Aktivieren + Ansatz/Satz
SF0143	kaiiin	PROSE_ONLY	1	0	IIN	PRODUCTIVE_BREVIGRAPH	BREVIGRAPH	FULL	aus Kernen zusammensetzen	NONE	PROSE:LITERAL_PRODUCTIVE_PARSE	Weichstufe
SF0144	kain	PROSE_ONLY	2	0	AIN	RENDERER_ALLOGRAPH_OF_PRODUCTIVE	RENDERER_PLUS_BREVIGRAPH	FULL_AFTER_RENDERER_NORMALIZATION	Renderer abziehen, dann zusammensetzen	NONE	PROSE:RENDERER_ALIAS_PLUS_PRODUCTIVE_PARSE	eine Portion
SF0145	kair	PROSE_ONLY	1	0	AIR	PRODUCTIVE_BREVIGRAPH	BREVIGRAPH	FULL	aus Kernen zusammensetzen	NONE	PROSE:LITERAL_PRODUCTIVE_PARSE	Beckenwasser
SF0146	kchal	PROSE_ONLY	1	0	KCH+AL	PRODUCTIVE_CORE_PLUS_EDGE	BREVIGRAPH	FULL	bekannten Kern und produktiven Rand zusammensetzen	NONE	PROSE:LEXICAL_BODY_PLUS_PRODUCTIVE_SUFFIX	an der Zielstelle bearbeiten
SF0147	kchey	PROSE_AND_ASTRO	1	1	KCH+E+Y	PRODUCTIVE_CORE_PLUS_EDGE	BREVIGRAPH	FULL	bekannten Kern und produktiven Rand zusammensetzen	NONE	PROSE:LEXICAL_BODY_PLUS_PRODUCTIVE_SUFFIX	diesen Posten kurz bearbeiten
SF0148	kchoar	PROSE_ONLY	1	0	CHEO+AR	PRODUCTIVE_CORE_PLUS_EDGE	BREVIGRAPH	FULL	bekannten Kern und produktiven Rand zusammensetzen	CHEO	PROSE:LEXICAL_BODY_PLUS_PRODUCTIVE_SUFFIX	Auszug daraus
SF0149	kchol	PROSE_ONLY	1	0	KCH+OL	PRODUCTIVE_CORE_PLUS_EDGE	BREVIGRAPH	FULL	bekannten Kern und produktiven Rand zusammensetzen	NONE	PROSE:LEXICAL_BODY_PLUS_PRODUCTIVE_SUFFIX	weiter bearbeiten
SF0150	kchy	PROSE_AND_ASTRO	1	1	KCH+Y	PRODUCTIVE_CORE_PLUS_EDGE	BREVIGRAPH	FULL	bekannten Kern und produktiven Rand zusammensetzen	NONE	PROSE:LEXICAL_BODY_PLUS_PRODUCTIVE_SUFFIX	diesen Posten bearbeiten
SF0151	keol	PROSE_ONLY	1	0	E+OL	PRODUCTIVE_BREVIGRAPH	BREVIGRAPH	FULL	aus Kernen zusammensetzen	NONE	PROSE:LITERAL_PRODUCTIVE_PARSE	kurz weiterbearbeiten
SF0152	lar	PROSE_ONLY	1	0	L+AR	PRODUCTIVE_BREVIGRAPH	BREVIGRAPH	FULL	aus Kernen zusammensetzen	NONE	PROSE:LITERAL_PRODUCTIVE_PARSE	von dort abfuehren
SF0153	lcheckhedy	PROSE_ONLY	1	0	L+CKHE+CLOSE	PRODUCTIVE_CORE_PLUS_EDGE	BREVIGRAPH	FULL	bekannten Kern und produktiven Rand zusammensetzen	NONE	PROSE:LEXICAL_BODY_PLUS_PRODUCTIVE_SUFFIX	abseihen; Schluss
SF0154	lcheckhy	PROSE_ONLY	1	0	L+CKH+Y	PRODUCTIVE_CORE_PLUS_EDGE	BREVIGRAPH	FULL	bekannten Kern und produktiven Rand zusammensetzen	NONE	PROSE:LEXICAL_BODY_PLUS_PRODUCTIVE_SUFFIX	Ausgangsdurchlass
SF0155	lched	PROSE_ONLY	1	0	L+CHD	PRODUCTIVE_CORE_PLUS_EDGE	BREVIGRAPH	FULL	bekannten Kern und produktiven Rand zusammensetzen	NONE	PROSE:LEXICAL_BODY_PLUS_PRODUCTIVE_SUFFIX	abführen
SF0156	lchedal	PROSE_ONLY	1	0	L+CHD+AL	PRODUCTIVE_CORE_PLUS_EDGE	BREVIGRAPH	FULL	bekannten Kern und produktiven Rand zusammensetzen	NONE	PROSE:LEXICAL_BODY_PLUS_PRODUCTIVE_SUFFIX	zur Ablaufstelle führen
SF0157	lchedar	PROSE_ONLY	1	0	L+CHD+AR	PRODUCTIVE_CORE_PLUS_EDGE	BREVIGRAPH	FULL	bekannten Kern und produktiven Rand zusammensetzen	NONE	PROSE:LEXICAL_BODY_PLUS_PRODUCTIVE_SUFFIX	von dort abführen
SF0158	lchedy	PROSE_ONLY	8	0	L+CHD+CLOSE	PRODUCTIVE_CORE_PLUS_EDGE	BREVIGRAPH	FULL	bekannten Kern und produktiven Rand zusammensetzen	NONE	PROSE:LEXICAL_BODY_PLUS_PRODUCTIVE_SUFFIX	abführen; Schluss
SF0159	lcheey	PROSE_ONLY	1	0	L+CHEEY	LEXICAL_BODY_PLUS_PRODUCTIVE_EDGE	NOMENCLATOR_PLUS_BREVIGRAPH	PARTIAL	Körper lernen, produktiven Rand lesen	CHEEY	PROSE:LEXICAL_BODY_PLUS_PRODUCTIVE_SUFFIX	Klarlauf abfuehren
SF0160	lchy	PROSE_ONLY	1	0	L+Y	PRODUCTIVE_BREVIGRAPH	BREVIGRAPH	FULL	aus Kernen zusammensetzen	NONE	PROSE:LITERAL_PRODUCTIVE_PARSE	abziehen
SF0161	ldalor	PROSE_ONLY	1	0	AL	PRODUCTIVE_BREVIGRAPH	BREVIGRAPH	FULL	aus Kernen zusammensetzen	NONE	PROSE:LITERAL_PRODUCTIVE_PARSE	Endziel
SF0162	ldy	PROSE_ONLY	2	0	L+CLOSE	PRODUCTIVE_CORE_PLUS_EDGE	BREVIGRAPH	FULL	bekannten Kern und produktiven Rand zusammensetzen	NONE	PROSE:LEXICAL_BODY_PLUS_PRODUCTIVE_SUFFIX	abziehen; Ende
SF0163	lkedy	PROSE_ONLY	1	0	L+E+CLOSE	PRODUCTIVE_CORE_PLUS_EDGE	BREVIGRAPH	FULL	bekannten Kern und produktiven Rand zusammensetzen	NONE	PROSE:LEXICAL_BODY_PLUS_PRODUCTIVE_SUFFIX	kurz abführen; Schluss
SF0164	lkshy	ASTRO_ONLY	0	1	NONE	LOCAL_ASTRO_NOMENCLATOR	NOMENCLATOR_PLUS_OWNER	NONE	lokale Karte mit Diagrammplatz lernen	lkshy	ASTRO:NO_COMMON_CORE	Position oder Bedingung halten
SF0165	lo	PROSE_ONLY	1	0	L	PRODUCTIVE_BREVIGRAPH	BREVIGRAPH	FULL	aus Kernen zusammensetzen	NONE	PROSE:LITERAL_PRODUCTIVE_PARSE	abfuehren
SF0166	lochedy	PROSE_ONLY	1	0	L+CHD+CLOSE	PRODUCTIVE_CORE_PLUS_EDGE	BREVIGRAPH	FULL	bekannten Kern und produktiven Rand zusammensetzen	NONE	PROSE:LEXICAL_BODY_PLUS_PRODUCTIVE_SUFFIX	Rest abfuehren; Schluss
SF0167	lol	PROSE_ONLY	1	0	L+OL	PRODUCTIVE_BREVIGRAPH	BREVIGRAPH	FULL	aus Kernen zusammensetzen	NONE	PROSE:LITERAL_PRODUCTIVE_PARSE	von dort weiterfuehren
SF0168	ls	PROSE_ONLY	1	0	L	PRODUCTIVE_BREVIGRAPH	BREVIGRAPH	FULL	aus Kernen zusammensetzen	NONE	PROSE:LITERAL_PRODUCTIVE_PARSE	Durchlassöffnung
SF0169	lshedy	PROSE_ONLY	2	0	WASH+CLOSE	LEXICAL_BODY_PLUS_PRODUCTIVE_EDGE	NOMENCLATOR_PLUS_BREVIGRAPH	PARTIAL	Körper lernen, produktiven Rand lesen	WASH	PROSE:LEXICAL_BODY_PLUS_PRODUCTIVE_SUFFIX	waschen; Schluss
SF0170	lsho	PROSE_ONLY	1	0	WASH	NOMENCLATOR_WHOLE_SIGN	NOMENCLATOR	NONE	ganze Karte lernen	WASH	PROSE:MEMORIZED_WHOLE	Waschgang beginnen
SF0171	ly	PROSE_ONLY	1	0	L+Y	PRODUCTIVE_BREVIGRAPH	BREVIGRAPH	FULL	aus Kernen zusammensetzen	NONE	PROSE:LITERAL_PRODUCTIVE_PARSE	aktuellen Posten abführen
SF0172	o	ASTRO_ONLY	0	2	NONE	LOCAL_ASTRO_NOMENCLATOR	NOMENCLATOR_PLUS_OWNER	NONE	lokale Karte mit Diagrammplatz lernen	o	ASTRO:NO_COMMON_CORE	Grundwert
SF0173	oaiin	ASTRO_ONLY	0	1	AIIN	LOCAL_NOMENCLATOR_WITH_CORE_HINT	NOMENCLATOR_PLUS_BREVIGRAPH_HINT	PARTIAL	lokale Karte lernen; sichtbaren Kern nur als Hinweis lesen	NONE	ASTRO:COMMON_CORE	Sollwert oder Grad eines Diagrammplatzes
SF0174	oar	ASTRO_ONLY	0	1	AR	LOCAL_NOMENCLATOR_WITH_CORE_HINT	NOMENCLATOR_PLUS_BREVIGRAPH_HINT	PARTIAL	lokale Karte lernen; sichtbaren Kern nur als Hinweis lesen	NONE	ASTRO:COMMON_CORE	Ausgangssektor, Ursprung oder Bezugswert
SF0175	oaram	ASTRO_ONLY	0	1	AR	LOCAL_NOMENCLATOR_WITH_CORE_HINT	NOMENCLATOR_PLUS_BREVIGRAPH_HINT	PARTIAL	lokale Karte lernen; sichtbaren Kern nur als Hinweis lesen	NONE	ASTRO:COMMON_CORE	Ausgangssektor, Ursprung oder Bezugswert
SF0176	ochol	ASTRO_ONLY	0	1	HO	LOCAL_NOMENCLATOR_WITH_CORE_HINT	NOMENCLATOR_PLUS_BREVIGRAPH_HINT	PARTIAL	lokale Karte lernen; sichtbaren Kern nur als Hinweis lesen	NONE	ASTRO:COMMON_CORE	im selben Ring, Band oder Satz fortsetzen
SF0177	ochoyk	ASTRO_ONLY	0	1	HO	LOCAL_NOMENCLATOR_WITH_CORE_HINT	NOMENCLATOR_PLUS_BREVIGRAPH_HINT	PARTIAL	lokale Karte lernen; sichtbaren Kern nur als Hinweis lesen	NONE	ASTRO:COMMON_CORE	Himmelsobjekt oder Eingangsbedingung
SF0178	ockhy	ASTRO_ONLY	0	3	CKH	LOCAL_NOMENCLATOR_WITH_CORE_HINT	NOMENCLATOR_PLUS_BREVIGRAPH_HINT	PARTIAL	lokale Karte lernen; sichtbaren Kern nur als Hinweis lesen	NONE	ASTRO:COMMON_CORE	durch Sektor, Ring oder Pruefweg fuehren
SF0179	ocphy	ASTRO_ONLY	0	1	NONE	LOCAL_ASTRO_NOMENCLATOR	NOMENCLATOR_PLUS_OWNER	NONE	lokale Karte mit Diagrammplatz lernen	ocphy	ASTRO:NO_COMMON_CORE	Grundauswahl
SF0180	octheol	PROSE_ONLY	1	0	CTH+OL	PRODUCTIVE_CORE_PLUS_EDGE	BREVIGRAPH	FULL	bekannten Kern und produktiven Rand zusammensetzen	NONE	PROSE:LEXICAL_BODY_PLUS_PRODUCTIVE_SUFFIX	bereitgestellten Gang fortsetzen
SF0181	octhey	ASTRO_ONLY	0	1	CTH	LOCAL_NOMENCLATOR_WITH_CORE_HINT	NOMENCLATOR_PLUS_BREVIGRAPH_HINT	PARTIAL	lokale Karte lernen; sichtbaren Kern nur als Hinweis lesen	NONE	ASTRO:COMMON_CORE	ausgewählte Grundbedingung
SF0182	octhole	ASTRO_ONLY	0	1	CTH+OL	LOCAL_NOMENCLATOR_WITH_COMPONENT_HINT	NOMENCLATOR_PLUS_BREVIGRAPH_HINT	PARTIAL	lokale Karte lernen, bekannten Kern als Hinweis nutzen	UNRESOLVED_LOCAL	ASTRO:LEARNED_WITH_HINT	Bereitwert + Fortsetzen
SF0183	octhys	ASTRO_ONLY	0	1	CTH	LOCAL_NOMENCLATOR_WITH_CORE_HINT	NOMENCLATOR_PLUS_BREVIGRAPH_HINT	PARTIAL	lokale Karte lernen; sichtbaren Kern nur als Hinweis lesen	NONE	ASTRO:COMMON_CORE	sekundäre Grundbedingung
SF0184	odaeiin	ASTRO_ONLY	0	1	OD+IIN	ASTRO_OD_PRODUCTIVE_MODIFIER	BOUND_TABLE_MODIFIER	FULL_WITH_OWNER	Grundkörper lesen, OD=markiert hinzufügen, Y/Argument rechts lesen	NONE	ASTRO_LOCAL:OD	Arbeits- oder Bedingungsstufe markieren
SF0185	odaiiin	ASTRO_ONLY	0	1	OD+IIN	ASTRO_OD_PRODUCTIVE_MODIFIER	BOUND_TABLE_MODIFIER	FULL_WITH_OWNER	Grundkörper lesen, OD=markiert hinzufügen, Y/Argument rechts lesen	NONE	ASTRO_LOCAL:OD	Stufe markieren
SF0186	odain	ASTRO_ONLY	0	1	OD+AIN	ASTRO_OD_PRODUCTIVE_MODIFIER	BOUND_TABLE_MODIFIER	FULL_WITH_OWNER	Grundkörper lesen, OD=markiert hinzufügen, Y/Argument rechts lesen	NONE	ASTRO_LOCAL:OD	Portion markieren
SF0187	odair	ASTRO_ONLY	0	1	OD+AIR	ASTRO_OD_PRODUCTIVE_MODIFIER	BOUND_TABLE_MODIFIER	FULL_WITH_OWNER	Grundkörper lesen, OD=markiert hinzufügen, Y/Argument rechts lesen	NONE	ASTRO_LOCAL:OD	Lauf oder Bahn markieren
SF0188	odal	ASTRO_ONLY	0	1	OD+AL	ASTRO_OD_PRODUCTIVE_MODIFIER	BOUND_TABLE_MODIFIER	FULL_WITH_OWNER	Grundkörper lesen, OD=markiert hinzufügen, Y/Argument rechts lesen	NONE	ASTRO_LOCAL:OD	Ziel markieren
SF0189	odas	ASTRO_ONLY	0	1	OD	ASTRO_OD_PRODUCTIVE_MODIFIER	BOUND_TABLE_MODIFIER	FULL_WITH_OWNER	Grundkörper lesen, OD=markiert hinzufügen, Y/Argument rechts lesen	NONE	ASTRO_LOCAL:OD	Nebenwert markieren
SF0190	odchecthy	ASTRO_ONLY	0	1	OD+CTH	ASTRO_OD_PRODUCTIVE_MODIFIER	BOUND_TABLE_MODIFIER	FULL_WITH_OWNER	Grundkörper lesen, OD=markiert hinzufügen, Y/Argument rechts lesen	NONE	ASTRO_LOCAL:OD	Bereitbedingung markieren
SF0191	ody	PROSE_AND_ASTRO	1	1	PROSE:ODY_WHOLE|ASTRO:OD+Y	REGISTER_SPLIT_ASTRO_OD_PROSE_WHOLE	ASTRO_MODIFIER_VS_PROSE_NOMENCLATOR	REGISTER_SPLIT	im Astroregister OD+Y lesen, in Prosa ganze Karte lernen	PROSE:ODY_WHOLE	ASTRO_LOCAL:OD	diesen Posten eintragen
SF0192	oear	ASTRO_ONLY	0	1	AR	LOCAL_NOMENCLATOR_WITH_CORE_HINT	NOMENCLATOR_PLUS_BREVIGRAPH_HINT	PARTIAL	lokale Karte lernen; sichtbaren Kern nur als Hinweis lesen	NONE	ASTRO:COMMON_CORE	Ausgangssektor, Ursprung oder Bezugswert
SF0193	oeeody	ASTRO_ONLY	0	1	EE+OD+Y	ASTRO_OD_PRODUCTIVE_MODIFIER	BOUND_TABLE_MODIFIER	FULL_WITH_OWNER	Grundkörper lesen, OD=markiert hinzufügen, Y/Argument rechts lesen	NONE	ASTRO_LOCAL:OD	diesen Posten in langer Stufe eintragen
SF0194	oeeos	ASTRO_ONLY	0	1	NONE	LOCAL_ASTRO_NOMENCLATOR	NOMENCLATOR_PLUS_OWNER	NONE	lokale Karte mit Diagrammplatz lernen	oeeos	ASTRO:NO_COMMON_CORE	lange oder volle Diagrammstufe
SF0195	oeesy	ASTRO_ONLY	0	1	NONE	LOCAL_ASTRO_NOMENCLATOR	NOMENCLATOR_PLUS_OWNER	NONE	lokale Karte mit Diagrammplatz lernen	oeesy	ASTRO:NO_COMMON_CORE	lange oder volle Diagrammstufe
SF0196	oekain	ASTRO_ONLY	0	1	AIN	LOCAL_NOMENCLATOR_WITH_CORE_HINT	NOMENCLATOR_PLUS_BREVIGRAPH_HINT	PARTIAL	lokale Karte lernen; sichtbaren Kern nur als Hinweis lesen	NONE	ASTRO:COMMON_CORE	gezaehlter Teil oder Unterabschnitt
SF0197	oeoldan	ASTRO_ONLY	0	1	OL	LOCAL_NOMENCLATOR_WITH_CORE_HINT	NOMENCLATOR_PLUS_BREVIGRAPH_HINT	PARTIAL	lokale Karte lernen; sichtbaren Kern nur als Hinweis lesen	NONE	ASTRO:COMMON_CORE	im selben Ring, Band oder Satz fortsetzen + Bedingung oder Tabellenwert anwenden
SF0198	oepchod	ASTRO_ONLY	0	1	HO	LOCAL_NOMENCLATOR_WITH_CORE_HINT	NOMENCLATOR_PLUS_BREVIGRAPH_HINT	PARTIAL	lokale Karte lernen; sichtbaren Kern nur als Hinweis lesen	NONE	ASTRO:COMMON_CORE	Himmelsobjekt oder Eingangsbedingung
SF0199	ofar	ASTRO_ONLY	0	2	AR	LOCAL_NOMENCLATOR_WITH_CORE_HINT	NOMENCLATOR_PLUS_BREVIGRAPH_HINT	PARTIAL	lokale Karte lernen; sichtbaren Kern nur als Hinweis lesen	NONE	ASTRO:COMMON_CORE	Ausgangssektor, Ursprung oder Bezugswert
SF0200	ofcheor	ASTRO_ONLY	0	1	CHEO	LOCAL_NOMENCLATOR_WITH_CORE_HINT	NOMENCLATOR_PLUS_BREVIGRAPH_HINT	PARTIAL	lokale Karte lernen; sichtbaren Kern nur als Hinweis lesen	NONE	ASTRO:COMMON_CORE	Bedingungs-, Tabellen- oder Wahlansatz
SF0201	ofydy	ASTRO_ONLY	0	1	NONE	LOCAL_ASTRO_NOMENCLATOR	NOMENCLATOR_PLUS_OWNER	NONE	lokale Karte mit Diagrammplatz lernen	ofydy	ASTRO:NO_COMMON_CORE	fester Grundlichtwert
SF0202	og	ASTRO_ONLY	0	1	NONE	LOCAL_ASTRO_NOMENCLATOR	NOMENCLATOR_PLUS_OWNER	NONE	lokale Karte mit Diagrammplatz lernen	og	ASTRO:NO_COMMON_CORE	Grundgrad
SF0203	oiiin	PROSE_ONLY	1	0	IIN	PRODUCTIVE_BREVIGRAPH	BREVIGRAPH	FULL	aus Kernen zusammensetzen	NONE	PROSE:LITERAL_PRODUCTIVE_PARSE	Sollstufe
SF0204	oiin	ASTRO_ONLY	0	1	NONE	LOCAL_ASTRO_NOMENCLATOR	NOMENCLATOR_PLUS_OWNER	NONE	lokale Karte mit Diagrammplatz lernen	oiin	ASTRO:NO_COMMON_CORE	Grad- oder Bedingungsstufe
SF0205	oiinar	ASTRO_ONLY	0	1	AR	LOCAL_NOMENCLATOR_WITH_CORE_HINT	NOMENCLATOR_PLUS_BREVIGRAPH_HINT	PARTIAL	lokale Karte lernen; sichtbaren Kern nur als Hinweis lesen	NONE	ASTRO:COMMON_CORE	Grad- oder Bedingungsstufe + Ausgangssektor, Ursprung oder Bezugswert
SF0206	okaiiin	ASTRO_ONLY	0	1	OK+IIN	LOCAL_NOMENCLATOR_WITH_COMPONENT_HINT	NOMENCLATOR_PLUS_BREVIGRAPH_HINT	PARTIAL	lokale Karte lernen, bekannten Kern als Hinweis nutzen	UNRESOLVED_LOCAL	ASTRO:LEARNED_WITH_HINT	Aktivieren + Stufe
SF0207	okaiin	PROSE_ONLY	1	0	OK+AIIN	PRODUCTIVE_BREVIGRAPH	BREVIGRAPH	FULL	aus Kernen zusammensetzen	NONE	PROSE:LITERAL_PRODUCTIVE_PARSE	auf Sollmaß einstellen
SF0208	okain	PROSE_AND_ASTRO	3	1	OK+AIN	PRODUCTIVE_BREVIGRAPH	BREVIGRAPH	FULL	aus Kernen zusammensetzen	NONE	PROSE:LITERAL_PRODUCTIVE_PARSE	eine Portion zugeben
SF0209	okair	PROSE_ONLY	1	0	OK+AIR	PRODUCTIVE_BREVIGRAPH	BREVIGRAPH	FULL	aus Kernen zusammensetzen	NONE	PROSE:LITERAL_PRODUCTIVE_PARSE	Wasser einlassen
SF0210	okal	PROSE_AND_ASTRO	2	1	OK+AL	PRODUCTIVE_BREVIGRAPH	BREVIGRAPH	FULL	aus Kernen zusammensetzen	NONE	PROSE:LITERAL_PRODUCTIVE_PARSE	dort ansetzen
SF0211	okar	ASTRO_ONLY	0	4	OK+AR	PRODUCTIVE_ASTRO_COMPOSITION	BREVIGRAPH_PLUS_OWNER	FULL_WITH_OWNER	Kerne lesen, Diagrammbesitzer ergänzen	NONE	ASTRO:FAMILY_COMPOSITION	Quelle aktivieren
SF0212	okardy	ASTRO_ONLY	0	1	OK+AR+DY_BOUND	BOUND_MODIFIER_COMPOSITION	BREVIGRAPH_PLUS_MENSURAL_GRADE	FULL_WITH_OWNER	Kerne lesen und gebundenen Grad anwenden	NONE	ASTRO:FAMILY_COMPOSITION	Quelle aktivieren und Auswahl festhalten
SF0213	okchdy	ASTRO_ONLY	0	1	KCH	LOCAL_NOMENCLATOR_WITH_CORE_HINT	NOMENCLATOR_PLUS_BREVIGRAPH_HINT	PARTIAL	lokale Karte lernen; sichtbaren Kern nur als Hinweis lesen	NONE	ASTRO:COMMON_CORE	Diagrammposten setzen oder aktivieren + Wert oder Platzbezug uebertragen
SF0214	okchedy	PROSE_ONLY	1	0	OK+CHD+CLOSE	PRODUCTIVE_CORE_PLUS_EDGE	BREVIGRAPH	FULL	bekannten Kern und produktiven Rand zusammensetzen	NONE	PROSE:LEXICAL_BODY_PLUS_PRODUCTIVE_SUFFIX	angesetzten Inhalt überführen; Schluss
SF0215	okcheys	ASTRO_ONLY	0	1	KCH	LOCAL_NOMENCLATOR_WITH_CORE_HINT	NOMENCLATOR_PLUS_BREVIGRAPH_HINT	PARTIAL	lokale Karte lernen; sichtbaren Kern nur als Hinweis lesen	NONE	ASTRO:COMMON_CORE	Diagrammplatz berechnen oder bearbeiten
SF0216	okchoal	ASTRO_ONLY	0	1	KCH+AL	LOCAL_NOMENCLATOR_WITH_COMPONENT_HINT	NOMENCLATOR_PLUS_BREVIGRAPH_HINT	PARTIAL	lokale Karte lernen, bekannten Kern als Hinweis nutzen	UNRESOLVED_LOCAL	ASTRO:LEARNED_WITH_HINT	Bearbeiten + Ziel
SF0217	okchol	PROSE_ONLY	1	0	OK+OL	PRODUCTIVE_BREVIGRAPH	BREVIGRAPH	FULL	aus Kernen zusammensetzen	NONE	PROSE:LITERAL_PRODUCTIVE_PARSE	weiterlaufenden Posten aufnehmen
SF0218	okchy	PROSE_AND_ASTRO	1	1	OK+Y	RENDERER_ALLOGRAPH_OF_PRODUCTIVE	RENDERER_PLUS_BREVIGRAPH	FULL_AFTER_RENDERER_NORMALIZATION	Renderer abziehen, dann zusammensetzen	NONE	PROSE:RENDERER_ALIAS_PLUS_PRODUCTIVE_PARSE	Posten zur Weiterbearbeitung ansetzen
SF0219	okeal	ASTRO_ONLY	0	1	OK+E+AL	BOUND_MODIFIER_COMPOSITION	BREVIGRAPH_PLUS_MENSURAL_GRADE	FULL_WITH_OWNER	Kerne lesen und gebundenen Grad anwenden	NONE	ASTRO:FAMILY_COMPOSITION	Ziel kurz aktivieren
SF0220	okear	ASTRO_ONLY	0	1	OK+E+AR	BOUND_MODIFIER_COMPOSITION	BREVIGRAPH_PLUS_MENSURAL_GRADE	FULL_WITH_OWNER	Kerne lesen und gebundenen Grad anwenden	NONE	ASTRO:FAMILY_COMPOSITION	Quelle kurz aktivieren
SF0221	okedy	ASTRO_ONLY	0	1	OK	LOCAL_NOMENCLATOR_WITH_CORE_HINT	NOMENCLATOR_PLUS_BREVIGRAPH_HINT	PARTIAL	lokale Karte lernen; sichtbaren Kern nur als Hinweis lesen	NONE	ASTRO:COMMON_CORE	Diagrammposten setzen oder aktivieren
SF0222	okeeodal	ASTRO_ONLY	0	1	OK+EE+OD+AL	ASTRO_OD_PRODUCTIVE_MODIFIER	BOUND_TABLE_MODIFIER	FULL_WITH_OWNER	Grundkörper lesen, OD=markiert hinzufügen, Y/Argument rechts lesen	NONE	ASTRO_LOCAL:OD	markiertes Ziel länger aktivieren
SF0223	okeeody	ASTRO_ONLY	0	2	OK+EE+OD+Y	ASTRO_OD_PRODUCTIVE_MODIFIER	BOUND_TABLE_MODIFIER	FULL_WITH_OWNER	Grundkörper lesen, OD=markiert hinzufügen, Y/Argument rechts lesen	NONE	ASTRO_LOCAL:OD	diesen Posten länger aktivieren und eintragen
SF0224	okeeol	PROSE_ONLY	1	0	OK+EE+OL	PRODUCTIVE_BREVIGRAPH	BREVIGRAPH	FULL	aus Kernen zusammensetzen	NONE	PROSE:LITERAL_PRODUCTIVE_PARSE	länger fortführen
SF0225	okeeos	ASTRO_ONLY	0	1	OK	LOCAL_NOMENCLATOR_WITH_CORE_HINT	NOMENCLATOR_PLUS_BREVIGRAPH_HINT	PARTIAL	lokale Karte lernen; sichtbaren Kern nur als Hinweis lesen	NONE	ASTRO:COMMON_CORE	Diagrammposten setzen oder aktivieren + lange oder volle Diagrammstufe
SF0226	okeey	PROSE_AND_ASTRO	1	4	OK+EE+Y	PRODUCTIVE_BREVIGRAPH	BREVIGRAPH	FULL	aus Kernen zusammensetzen	NONE	PROSE:LITERAL_PRODUCTIVE_PARSE	länger ansetzen
SF0227	okeo	ASTRO_ONLY	0	2	OK	LOCAL_NOMENCLATOR_WITH_CORE_HINT	NOMENCLATOR_PLUS_BREVIGRAPH_HINT	PARTIAL	lokale Karte lernen; sichtbaren Kern nur als Hinweis lesen	NONE	ASTRO:COMMON_CORE	Diagrammposten setzen oder aktivieren
SF0228	okeod	ASTRO_ONLY	0	4	OK+E+OD	ASTRO_OD_PRODUCTIVE_MODIFIER	BOUND_TABLE_MODIFIER	FULL_WITH_OWNER	Grundkörper lesen, OD=markiert hinzufügen, Y/Argument rechts lesen	NONE	ASTRO_LOCAL:OD	kurz aktivieren und markieren
SF0229	okeodal	ASTRO_ONLY	0	1	OK+E+OD+AL	ASTRO_OD_PRODUCTIVE_MODIFIER	BOUND_TABLE_MODIFIER	FULL_WITH_OWNER	Grundkörper lesen, OD=markiert hinzufügen, Y/Argument rechts lesen	NONE	ASTRO_LOCAL:OD	markiertes Ziel kurz aktivieren
SF0230	okeody	ASTRO_ONLY	0	1	OK+E+OD+Y	ASTRO_OD_PRODUCTIVE_MODIFIER	BOUND_TABLE_MODIFIER	FULL_WITH_OWNER	Grundkörper lesen, OD=markiert hinzufügen, Y/Argument rechts lesen	NONE	ASTRO_LOCAL:OD	diesen Posten kurz aktivieren und eintragen
SF0231	okey	PROSE_AND_ASTRO	1	2	OK+E+Y	PRODUCTIVE_BREVIGRAPH	BREVIGRAPH	FULL	aus Kernen zusammensetzen	NONE	PROSE:LITERAL_PRODUCTIVE_PARSE	kurz ansetzen
SF0232	okoaly	ASTRO_ONLY	0	1	OK+AL+Y	BOUND_MODIFIER_COMPOSITION	BREVIGRAPH_PLUS_MENSURAL_GRADE	FULL_WITH_OWNER	Kerne lesen und gebundenen Grad anwenden	NONE	ASTRO:FAMILY_COMPOSITION	dieses Ziel aktivieren
SF0233	okodaly	ASTRO_ONLY	0	1	OK+OD+AL+Y	ASTRO_OD_PRODUCTIVE_MODIFIER	BOUND_TABLE_MODIFIER	FULL_WITH_OWNER	Grundkörper lesen, OD=markiert hinzufügen, Y/Argument rechts lesen	NONE	ASTRO_LOCAL:OD	dieses markierte Ziel aktivieren
SF0234	okodar	ASTRO_ONLY	0	2	OK+OD+AR	ASTRO_OD_PRODUCTIVE_MODIFIER	BOUND_TABLE_MODIFIER	FULL_WITH_OWNER	Grundkörper lesen, OD=markiert hinzufügen, Y/Argument rechts lesen	NONE	ASTRO_LOCAL:OD	markierte Quelle aktivieren
SF0235	okodchy	ASTRO_ONLY	0	1	OK+OD+Y	ASTRO_OD_PRODUCTIVE_MODIFIER	BOUND_TABLE_MODIFIER	FULL_WITH_OWNER	Grundkörper lesen, OD=markiert hinzufügen, Y/Argument rechts lesen	NONE	ASTRO_LOCAL:OD	diesen markierten Posten aktivieren
SF0236	okody	ASTRO_ONLY	0	2	OK+OD+Y	ASTRO_OD_PRODUCTIVE_MODIFIER	BOUND_TABLE_MODIFIER	FULL_WITH_OWNER	Grundkörper lesen, OD=markiert hinzufügen, Y/Argument rechts lesen	NONE	ASTRO_LOCAL:OD	diesen markierten Posten aktivieren
SF0237	okoes	ASTRO_ONLY	0	1	OK	LOCAL_NOMENCLATOR_WITH_CORE_HINT	NOMENCLATOR_PLUS_BREVIGRAPH_HINT	PARTIAL	lokale Karte lernen; sichtbaren Kern nur als Hinweis lesen	NONE	ASTRO:COMMON_CORE	Diagrammposten setzen oder aktivieren
SF0238	okoirsh	ASTRO_ONLY	0	1	OK	LOCAL_NOMENCLATOR_WITH_CORE_HINT	NOMENCLATOR_PLUS_BREVIGRAPH_HINT	PARTIAL	lokale Karte lernen; sichtbaren Kern nur als Hinweis lesen	NONE	ASTRO:COMMON_CORE	Diagrammposten setzen oder aktivieren + Position oder Bedingung halten
SF0239	okol	ASTRO_ONLY	0	2	OK+OL	PRODUCTIVE_ASTRO_COMPOSITION	BREVIGRAPH_PLUS_OWNER	FULL_WITH_OWNER	Kerne lesen, Diagrammbesitzer ergänzen	NONE	ASTRO:FAMILY_COMPOSITION	Fortsetzung aktivieren
SF0240	okolar	ASTRO_ONLY	0	1	OK+OL+AR	LOCAL_NOMENCLATOR_WITH_COMPONENT_HINT	NOMENCLATOR_PLUS_BREVIGRAPH_HINT	PARTIAL	lokale Karte lernen, bekannten Kern als Hinweis nutzen	UNRESOLVED_LOCAL	ASTRO:LEARNED_WITH_HINT	Aktivieren + Fortsetzen + Quelle
SF0241	okoldy	ASTRO_ONLY	0	1	OK+OL+DY_BOUND	BOUND_MODIFIER_COMPOSITION	BREVIGRAPH_PLUS_MENSURAL_GRADE	FULL_WITH_OWNER	Kerne lesen und gebundenen Grad anwenden	NONE	ASTRO:FAMILY_COMPOSITION	Fortsetzung aktivieren und festhalten
SF0242	okshor	ASTRO_ONLY	0	1	OK+HO	LOCAL_NOMENCLATOR_WITH_COMPONENT_HINT	NOMENCLATOR_PLUS_BREVIGRAPH_HINT	PARTIAL	lokale Karte lernen, bekannten Kern als Hinweis nutzen	UNRESOLVED_LOCAL	ASTRO:LEARNED_WITH_HINT	Aktivieren + Eingangsposten
SF0243	oky	PROSE_AND_ASTRO	1	1	OK+Y	RENDERER_ALLOGRAPH_OF_PRODUCTIVE	RENDERER_PLUS_BREVIGRAPH	FULL_AFTER_RENDERER_NORMALIZATION	Renderer abziehen, dann zusammensetzen	NONE	PROSE:RENDERER_ALIAS_PLUS_PRODUCTIVE_PARSE	aktuellen Posten ansetzen
SF0244	ol	PROSE_AND_ASTRO	8	1	OL	RENDERER_ALLOGRAPH_OF_PRODUCTIVE	RENDERER_PLUS_BREVIGRAPH	FULL_AFTER_RENDERER_NORMALIZATION	Renderer abziehen, dann zusammensetzen	NONE	PROSE:RENDERER_ALIAS_PLUS_PRODUCTIVE_PARSE	fortsetzen
SF0245	olar	ASTRO_ONLY	0	1	OL+AR	PRODUCTIVE_ASTRO_COMPOSITION	BREVIGRAPH_PLUS_OWNER	FULL_WITH_OWNER	Kerne lesen, Diagrammbesitzer ergänzen	NONE	ASTRO:FORWARD_SINGLE_CELL	VON DER QUELLE WEITER
SF0246	olchedy	PROSE_ONLY	1	0	OL+CHD+CLOSE	PRODUCTIVE_CORE_PLUS_EDGE	BREVIGRAPH	FULL	bekannten Kern und produktiven Rand zusammensetzen	NONE	PROSE:LEXICAL_BODY_PLUS_PRODUCTIVE_SUFFIX	weiterüberführen; Schluss
SF0247	oldy	PROSE_AND_ASTRO	2	1	OL+CLOSE	PRODUCTIVE_CORE_PLUS_EDGE	BREVIGRAPH	FULL	bekannten Kern und produktiven Rand zusammensetzen	NONE	PROSE:LEXICAL_BODY_PLUS_PRODUCTIVE_SUFFIX	Fortsetzung abschließen
SF0248	olkain	PROSE_ONLY	1	0	OL+AIN	PRODUCTIVE_BREVIGRAPH	BREVIGRAPH	FULL	aus Kernen zusammensetzen	NONE	PROSE:LITERAL_PRODUCTIVE_PARSE	weitere Portion
SF0249	olkeedy	PROSE_ONLY	2	0	SOLK+EE+CLOSE	PRODUCTIVE_CORE_PLUS_EDGE	BREVIGRAPH	FULL	bekannten Kern und produktiven Rand zusammensetzen	NONE	PROSE:LEXICAL_BODY_PLUS_PRODUCTIVE_SUFFIX	länger sammeln; Schluss
SF0250	olol	ASTRO_ONLY	0	1	OL+OL	UNPROMOTED_MULTI_CORE_HINT	BREVIGRAPH_HINT_PLUS_OWNER	PARTIAL	Kernfolge als Hinweis lesen, lokale Karte lernen	NONE	ASTRO:COMMON_CORE	im selben Ring, Band oder Satz fortsetzen + im selben Ring, Band oder Satz fortsetzen
SF0251	olor	PROSE_AND_ASTRO	1	1	OL+OR	RENDERER_ALLOGRAPH_OF_PRODUCTIVE	RENDERER_PLUS_BREVIGRAPH	FULL_AFTER_RENDERER_NORMALIZATION	Renderer abziehen, dann zusammensetzen	NONE	PROSE:RENDERER_ALIAS_PLUS_PRODUCTIVE_PARSE	Fortsetzungsansatz
SF0252	ols	ASTRO_ONLY	0	1	OL	LOCAL_NOMENCLATOR_WITH_CORE_HINT	NOMENCLATOR_PLUS_BREVIGRAPH_HINT	PARTIAL	lokale Karte lernen; sichtbaren Kern nur als Hinweis lesen	NONE	ASTRO:COMMON_CORE	im selben Ring, Band oder Satz fortsetzen
SF0253	olsaly	PROSE_ONLY	1	0	AL+Y	PRODUCTIVE_BREVIGRAPH	BREVIGRAPH	FULL	aus Kernen zusammensetzen	NONE	PROSE:LITERAL_PRODUCTIVE_PARSE	untere Zielstelle
SF0254	oltchy	PROSE_ONLY	1	0	OL+CTH+Y	PRODUCTIVE_CORE_PLUS_EDGE	BREVIGRAPH	FULL	bekannten Kern und produktiven Rand zusammensetzen	CTH	PROSE:LEXICAL_BODY_PLUS_PRODUCTIVE_SUFFIX	bereiten Posten weiterführen
SF0255	oly	ASTRO_ONLY	0	1	OL	LOCAL_NOMENCLATOR_WITH_CORE_HINT	NOMENCLATOR_PLUS_BREVIGRAPH_HINT	PARTIAL	lokale Karte lernen; sichtbaren Kern nur als Hinweis lesen	NONE	ASTRO:COMMON_CORE	im selben Ring, Band oder Satz fortsetzen
SF0256	oparchy	ASTRO_ONLY	0	1	AR	LOCAL_NOMENCLATOR_WITH_CORE_HINT	NOMENCLATOR_PLUS_BREVIGRAPH_HINT	PARTIAL	lokale Karte lernen; sichtbaren Kern nur als Hinweis lesen	NONE	ASTRO:COMMON_CORE	Ausgangssektor, Ursprung oder Bezugswert
SF0257	opcheeol	ASTRO_ONLY	0	1	OL	LOCAL_NOMENCLATOR_WITH_CORE_HINT	NOMENCLATOR_PLUS_BREVIGRAPH_HINT	PARTIAL	lokale Karte lernen; sichtbaren Kern nur als Hinweis lesen	NONE	ASTRO:COMMON_CORE	lange oder volle Diagrammstufe + im selben Ring, Band oder Satz fortsetzen
SF0258	opcholdy	ASTRO_ONLY	0	1	HO	LOCAL_NOMENCLATOR_WITH_CORE_HINT	NOMENCLATOR_PLUS_BREVIGRAPH_HINT	PARTIAL	lokale Karte lernen; sichtbaren Kern nur als Hinweis lesen	NONE	ASTRO:COMMON_CORE	im selben Ring, Band oder Satz fortsetzen
SF0259	opodchol	ASTRO_ONLY	0	1	HO	LOCAL_NOMENCLATOR_WITH_CORE_HINT	NOMENCLATOR_PLUS_BREVIGRAPH_HINT	PARTIAL	lokale Karte lernen; sichtbaren Kern nur als Hinweis lesen	NONE	ASTRO:COMMON_CORE	im selben Ring, Band oder Satz fortsetzen
SF0260	or	PROSE_AND_ASTRO	2	1	OR	RENDERER_ALLOGRAPH_OF_PRODUCTIVE	RENDERER_PLUS_BREVIGRAPH	FULL_AFTER_RENDERER_NORMALIZATION	Renderer abziehen, dann zusammensetzen	NONE	PROSE:RENDERER_ALIAS_PLUS_PRODUCTIVE_PARSE	Ansatz
SF0261	orain	PROSE_ONLY	1	0	OR+AIN	PRODUCTIVE_BREVIGRAPH	BREVIGRAPH	FULL	aus Kernen zusammensetzen	NONE	PROSE:LITERAL_PRODUCTIVE_PARSE	Ansatzportion
SF0262	oraly	ASTRO_ONLY	0	1	OR+AL	LOCAL_NOMENCLATOR_WITH_COMPONENT_HINT	NOMENCLATOR_PLUS_BREVIGRAPH_HINT	PARTIAL	lokale Karte lernen, bekannten Kern als Hinweis nutzen	UNRESOLVED_LOCAL	ASTRO:LEARNED_WITH_HINT	Ansatz/Satz + Ziel
SF0263	oran	ASTRO_ONLY	0	1	OR	LOCAL_NOMENCLATOR_WITH_CORE_HINT	NOMENCLATOR_PLUS_BREVIGRAPH_HINT	PARTIAL	lokale Karte lernen; sichtbaren Kern nur als Hinweis lesen	NONE	ASTRO:COMMON_CORE	Bedingungs-, Tabellen- oder Wahlansatz
SF0264	os	PROSE_AND_ASTRO	1	2	OS	NOMENCLATOR_WHOLE_SIGN	NOMENCLATOR	NONE	ganze Karte lernen	OS	PROSE:MEMORIZED_WHOLE	Mischgefäß
SF0265	osar	ASTRO_ONLY	0	1	AR	LOCAL_NOMENCLATOR_WITH_CORE_HINT	NOMENCLATOR_PLUS_BREVIGRAPH_HINT	PARTIAL	lokale Karte lernen; sichtbaren Kern nur als Hinweis lesen	NONE	ASTRO:COMMON_CORE	Ausgangssektor, Ursprung oder Bezugswert
SF0266	osdaiin	ASTRO_ONLY	0	1	AIIN	LOCAL_NOMENCLATOR_WITH_CORE_HINT	NOMENCLATOR_PLUS_BREVIGRAPH_HINT	PARTIAL	lokale Karte lernen; sichtbaren Kern nur als Hinweis lesen	NONE	ASTRO:COMMON_CORE	Sollwert oder Grad eines Diagrammplatzes
SF0267	ot	ASTRO_ONLY	0	1	OT	PRODUCTIVE_CORE_SIGN	BREVIGRAPH_PLUS_OWNER	FULL_WITH_OWNER	Kern lesen, Diagrammbesitzer ergänzen	NONE	ASTRO:COMMON_CORE	naechster Platz oder folgende Bedingung
SF0268	otaiin	PROSE_ONLY	2	0	OT+AIIN	PRODUCTIVE_BREVIGRAPH	BREVIGRAPH	FULL	aus Kernen zusammensetzen	NONE	PROSE:LITERAL_PRODUCTIVE_PARSE	Folgemaß
SF0269	otal	PROSE_ONLY	1	0	OT+AL	PRODUCTIVE_BREVIGRAPH	BREVIGRAPH	FULL	aus Kernen zusammensetzen	NONE	PROSE:LITERAL_PRODUCTIVE_PARSE	danach dorthin
SF0270	otaldal	ASTRO_ONLY	0	1	OT+AL+AL	LOCAL_NOMENCLATOR_WITH_COMPONENT_HINT	NOMENCLATOR_PLUS_BREVIGRAPH_HINT	PARTIAL	lokale Karte lernen, bekannten Kern als Hinweis nutzen	UNRESOLVED_LOCAL	ASTRO:LEARNED_WITH_HINT	Folge + Ziel + Ziel
SF0271	otar	PROSE_AND_ASTRO	1	1	OT+AR	PRODUCTIVE_BREVIGRAPH	BREVIGRAPH	FULL	aus Kernen zusammensetzen	NONE	PROSE:LITERAL_PRODUCTIVE_PARSE	danach von dort
SF0272	otaza	ASTRO_ONLY	0	1	OT	LOCAL_NOMENCLATOR_WITH_CORE_HINT	NOMENCLATOR_PLUS_BREVIGRAPH_HINT	PARTIAL	lokale Karte lernen; sichtbaren Kern nur als Hinweis lesen	NONE	ASTRO:COMMON_CORE	naechster Platz oder folgende Bedingung
SF0273	otchdy	PROSE_AND_ASTRO	1	1	OT+CHD+CLOSE	PRODUCTIVE_CORE_PLUS_EDGE	BREVIGRAPH	FULL	bekannten Kern und produktiven Rand zusammensetzen	NONE	PROSE:LEXICAL_BODY_PLUS_PRODUCTIVE_SUFFIX	Folgegang vollziehen; Schluss
SF0274	otchedy	PROSE_ONLY	1	0	OT+CHD+CLOSE	PRODUCTIVE_CORE_PLUS_EDGE	BREVIGRAPH	FULL	bekannten Kern und produktiven Rand zusammensetzen	NONE	PROSE:LEXICAL_BODY_PLUS_PRODUCTIVE_SUFFIX	nächsten Posten überführen; Schluss
SF0275	otcheody	ASTRO_ONLY	0	1	OT+CHEO	LOCAL_NOMENCLATOR_WITH_COMPONENT_HINT	NOMENCLATOR_PLUS_BREVIGRAPH_HINT	PARTIAL	lokale Karte lernen, bekannten Kern als Hinweis nutzen	UNRESOLVED_LOCAL	ASTRO:LEARNED_WITH_HINT	Folge + Auszug/Ausgabe
SF0276	otchey	PROSE_AND_ASTRO	2	1	OT+Y	PRODUCTIVE_BREVIGRAPH	BREVIGRAPH	FULL	aus Kernen zusammensetzen	NONE	PROSE:LITERAL_PRODUCTIVE_PARSE	nächster Teilposten
SF0277	otchl	ASTRO_ONLY	0	1	OT	LOCAL_NOMENCLATOR_WITH_CORE_HINT	NOMENCLATOR_PLUS_BREVIGRAPH_HINT	PARTIAL	lokale Karte lernen; sichtbaren Kern nur als Hinweis lesen	NONE	ASTRO:COMMON_CORE	naechster Platz oder folgende Bedingung
SF0278	otchor	PROSE_ONLY	1	0	OT+OR	PRODUCTIVE_BREVIGRAPH	BREVIGRAPH	FULL	aus Kernen zusammensetzen	NONE	PROSE:LITERAL_PRODUCTIVE_PARSE	Folgeansatz
SF0279	otchy	ASTRO_ONLY	0	1	OT	LOCAL_NOMENCLATOR_WITH_CORE_HINT	NOMENCLATOR_PLUS_BREVIGRAPH_HINT	PARTIAL	lokale Karte lernen; sichtbaren Kern nur als Hinweis lesen	NONE	ASTRO:COMMON_CORE	naechster Platz oder folgende Bedingung
SF0280	otedy	PROSE_ONLY	2	0	OT+E+CLOSE	PRODUCTIVE_CORE_PLUS_EDGE	BREVIGRAPH	FULL	bekannten Kern und produktiven Rand zusammensetzen	NONE	PROSE:LEXICAL_BODY_PLUS_PRODUCTIVE_SUFFIX	kurze Folge; Schluss
SF0281	oteeal	ASTRO_ONLY	0	1	OT+AL	LOCAL_NOMENCLATOR_WITH_COMPONENT_HINT	NOMENCLATOR_PLUS_BREVIGRAPH_HINT	PARTIAL	lokale Karte lernen, bekannten Kern als Hinweis nutzen	UNRESOLVED_LOCAL	ASTRO:LEARNED_WITH_HINT	Folge + Ziel
SF0282	oteeo	ASTRO_ONLY	0	1	OT	LOCAL_NOMENCLATOR_WITH_CORE_HINT	NOMENCLATOR_PLUS_BREVIGRAPH_HINT	PARTIAL	lokale Karte lernen; sichtbaren Kern nur als Hinweis lesen	NONE	ASTRO:COMMON_CORE	naechster Platz oder folgende Bedingung + lange oder volle Diagrammstufe
SF0283	oteey	PROSE_AND_ASTRO	2	2	OT+EE+Y	PRODUCTIVE_BREVIGRAPH	BREVIGRAPH	FULL	aus Kernen zusammensetzen	NONE	PROSE:LITERAL_PRODUCTIVE_PARSE	langer Folgeposten
SF0284	oteeys	ASTRO_ONLY	0	1	OT	LOCAL_NOMENCLATOR_WITH_CORE_HINT	NOMENCLATOR_PLUS_BREVIGRAPH_HINT	PARTIAL	lokale Karte lernen; sichtbaren Kern nur als Hinweis lesen	NONE	ASTRO:COMMON_CORE	naechster Platz oder folgende Bedingung + lange oder volle Diagrammstufe
SF0285	oteoarar	ASTRO_ONLY	0	1	OT+AR+AR	LOCAL_NOMENCLATOR_WITH_COMPONENT_HINT	NOMENCLATOR_PLUS_BREVIGRAPH_HINT	PARTIAL	lokale Karte lernen, bekannten Kern als Hinweis nutzen	UNRESOLVED_LOCAL	ASTRO:LEARNED_WITH_HINT	Folge + Quelle + Quelle
SF0286	oteody	ASTRO_ONLY	0	1	OT+E+OD+Y	ASTRO_OD_PRODUCTIVE_MODIFIER	BOUND_TABLE_MODIFIER	FULL_WITH_OWNER	Grundkörper lesen, OD=markiert hinzufügen, Y/Argument rechts lesen	NONE	ASTRO_LOCAL:OD	den nächsten Posten kurz markieren
SF0287	oteol	ASTRO_ONLY	0	1	OT+E+OL	BOUND_MODIFIER_COMPOSITION	BREVIGRAPH_PLUS_MENSURAL_GRADE	FULL_WITH_OWNER	Kerne lesen und gebundenen Grad anwenden	NONE	ASTRO:FAMILY_COMPOSITION	als nächstes kurz fortsetzen
SF0288	otoar	ASTRO_ONLY	0	1	OT+AR	PRODUCTIVE_ASTRO_COMPOSITION	BREVIGRAPH_PLUS_OWNER	FULL_WITH_OWNER	Kerne lesen, Diagrammbesitzer ergänzen	NONE	ASTRO:FAMILY_COMPOSITION	nächste Quelle
SF0289	otochedy	ASTRO_ONLY	0	1	OT+CHD	LOCAL_NOMENCLATOR_WITH_COMPONENT_HINT	NOMENCLATOR_PLUS_BREVIGRAPH_HINT	PARTIAL	lokale Karte lernen, bekannten Kern als Hinweis nutzen	UNRESOLVED_LOCAL	ASTRO:LEARNED_WITH_HINT	Folge + Umsetzen
SF0290	otody	ASTRO_ONLY	0	1	OT+OD+Y	ASTRO_OD_PRODUCTIVE_MODIFIER	BOUND_TABLE_MODIFIER	FULL_WITH_OWNER	Grundkörper lesen, OD=markiert hinzufügen, Y/Argument rechts lesen	NONE	ASTRO_LOCAL:OD	den nächsten Posten markieren
SF0291	otokeeey	ASTRO_ONLY	0	1	OT+OK	LOCAL_NOMENCLATOR_WITH_COMPONENT_HINT	NOMENCLATOR_PLUS_BREVIGRAPH_HINT	PARTIAL	lokale Karte lernen, bekannten Kern als Hinweis nutzen	UNRESOLVED_LOCAL	ASTRO:LEARNED_WITH_HINT	Folge + Aktivieren
SF0292	otol	PROSE_AND_ASTRO	1	1	OT+OL	PRODUCTIVE_BREVIGRAPH	BREVIGRAPH	FULL	aus Kernen zusammensetzen	NONE	PROSE:LITERAL_PRODUCTIVE_PARSE	danach fortsetzen
SF0293	otoldos	ASTRO_ONLY	0	1	OT+OL	PRODUCTIVE_ASTRO_COMPOSITION	BREVIGRAPH_PLUS_OWNER	FULL_WITH_OWNER	Kerne lesen, Diagrammbesitzer ergänzen	NONE	ASTRO:FAMILY_COMPOSITION	als nächstes fortsetzen; lokaler DOS-Status
SF0294	otolor	ASTRO_ONLY	0	1	OT+OL+OR	LOCAL_NOMENCLATOR_WITH_COMPONENT_HINT	NOMENCLATOR_PLUS_BREVIGRAPH_HINT	PARTIAL	lokale Karte lernen, bekannten Kern als Hinweis nutzen	UNRESOLVED_LOCAL	ASTRO:LEARNED_WITH_HINT	Folge + Fortsetzen + Ansatz/Satz
SF0295	otoly	ASTRO_ONLY	0	1	OT+OL+Y	BOUND_MODIFIER_COMPOSITION	BREVIGRAPH_PLUS_MENSURAL_GRADE	FULL_WITH_OWNER	Kerne lesen und gebundenen Grad anwenden	NONE	ASTRO:FAMILY_COMPOSITION	diese Fortsetzung als nächste nehmen
SF0296	otor	ASTRO_ONLY	0	2	OT+OR	PRODUCTIVE_ASTRO_COMPOSITION	BREVIGRAPH_PLUS_OWNER	FULL_WITH_OWNER	Kerne lesen, Diagrammbesitzer ergänzen	NONE	ASTRO:FAMILY_COMPOSITION	nächster Satz
SF0297	otshey	ASTRO_ONLY	0	1	OT	LOCAL_NOMENCLATOR_WITH_CORE_HINT	NOMENCLATOR_PLUS_BREVIGRAPH_HINT	PARTIAL	lokale Karte lernen; sichtbaren Kern nur als Hinweis lesen	NONE	ASTRO:COMMON_CORE	naechster Platz oder folgende Bedingung + abgelesener oder freigegebener Wert
SF0298	oty	ASTRO_ONLY	0	1	OT	LOCAL_NOMENCLATOR_WITH_CORE_HINT	NOMENCLATOR_PLUS_BREVIGRAPH_HINT	PARTIAL	lokale Karte lernen; sichtbaren Kern nur als Hinweis lesen	NONE	ASTRO:COMMON_CORE	Teilsektor oder Untereintrag
SF0299	otydy	ASTRO_ONLY	0	1	OT	LOCAL_NOMENCLATOR_WITH_CORE_HINT	NOMENCLATOR_PLUS_BREVIGRAPH_HINT	PARTIAL	lokale Karte lernen; sichtbaren Kern nur als Hinweis lesen	NONE	ASTRO:COMMON_CORE	Teilsektor oder Untereintrag
SF0300	otykchs	ASTRO_ONLY	0	1	OT+KCH	LOCAL_NOMENCLATOR_WITH_COMPONENT_HINT	NOMENCLATOR_PLUS_BREVIGRAPH_HINT	PARTIAL	lokale Karte lernen, bekannten Kern als Hinweis nutzen	UNRESOLVED_LOCAL	ASTRO:LEARNED_WITH_HINT	Folge + Bearbeiten
SF0301	otys	ASTRO_ONLY	0	1	OT	LOCAL_NOMENCLATOR_WITH_CORE_HINT	NOMENCLATOR_PLUS_BREVIGRAPH_HINT	PARTIAL	lokale Karte lernen; sichtbaren Kern nur als Hinweis lesen	NONE	ASTRO:COMMON_CORE	Teilsektor oder Untereintrag
SF0302	otytchol	PROSE_ONLY	1	0	OT+TY+OL	PRODUCTIVE_BREVIGRAPH	BREVIGRAPH	FULL	aus Kernen zusammensetzen	NONE	PROSE:LITERAL_PRODUCTIVE_PARSE	naechsten Teilposten weiterfuehren
SF0303	oygy	ASTRO_ONLY	0	1	NONE	LOCAL_ASTRO_NOMENCLATOR	NOMENCLATOR_PLUS_OWNER	NONE	lokale Karte mit Diagrammplatz lernen	oygy	ASTRO:NO_COMMON_CORE	aktueller Grundgrad
SF0304	oykchor	PROSE_ONLY	1	0	Y+KCH+OR	PRODUCTIVE_CORE_PLUS_EDGE	BREVIGRAPH	FULL	bekannten Kern und produktiven Rand zusammensetzen	Y	PROSE:LEXICAL_BODY_PLUS_PRODUCTIVE_SUFFIX	aktuellen Ansatz bearbeiten
SF0305	pchedal	PROSE_ONLY	1	0	P+CHD+AL	PRODUCTIVE_CORE_PLUS_EDGE	BREVIGRAPH	FULL	bekannten Kern und produktiven Rand zusammensetzen	NONE	PROSE:LEXICAL_BODY_PLUS_PRODUCTIVE_SUFFIX	Einlass
SF0306	pchedy	PROSE_ONLY	1	0	P+CHD+CLOSE	PRODUCTIVE_CORE_PLUS_EDGE	BREVIGRAPH	FULL	bekannten Kern und produktiven Rand zusammensetzen	NONE	PROSE:LEXICAL_BODY_PLUS_PRODUCTIVE_SUFFIX	einführen; Schluss
SF0307	qcthey	PROSE_ONLY	1	0	CTH+E+Y	PRODUCTIVE_CORE_PLUS_EDGE	BREVIGRAPH	FULL	bekannten Kern und produktiven Rand zusammensetzen	NONE	PROSE:LEXICAL_BODY_PLUS_PRODUCTIVE_SUFFIX	kurz bereithalten
SF0308	qear	ASTRO_ONLY	0	1	AR	LOCAL_NOMENCLATOR_WITH_CORE_HINT	NOMENCLATOR_PLUS_BREVIGRAPH_HINT	PARTIAL	lokale Karte lernen; sichtbaren Kern nur als Hinweis lesen	NONE	ASTRO:COMMON_CORE	Ausgangssektor, Ursprung oder Bezugswert
SF0309	qekey	PROSE_ONLY	1	0	KCH+E+Y	PRODUCTIVE_CORE_PLUS_EDGE	BREVIGRAPH	FULL	bekannten Kern und produktiven Rand zusammensetzen	KCH	PROSE:LEXICAL_BODY_PLUS_PRODUCTIVE_SUFFIX	aktuellen Posten kurz bearbeiten
SF0310	qeykeey	ASTRO_ONLY	0	1	NONE	LOCAL_ASTRO_NOMENCLATOR	NOMENCLATOR_PLUS_OWNER	NONE	lokale Karte mit Diagrammplatz lernen	qeykeey	ASTRO:NO_COMMON_CORE	lange oder volle Diagrammstufe
SF0311	qkoy	ASTRO_ONLY	0	1	NONE	LOCAL_ASTRO_NOMENCLATOR	NOMENCLATOR_PLUS_OWNER	NONE	lokale Karte mit Diagrammplatz lernen	qkoy	ASTRO:NO_COMMON_CORE	neue Grundklasse
SF0312	qocheey	ASTRO_ONLY	0	1	NONE	LOCAL_ASTRO_NOMENCLATOR	NOMENCLATOR_PLUS_OWNER	NONE	lokale Karte mit Diagrammplatz lernen	qocheey	ASTRO:NO_COMMON_CORE	abgelesener oder freigegebener Wert
SF0313	qockhey	PROSE_ONLY	1	0	OK+CKH+E+Y	PRODUCTIVE_CORE_PLUS_EDGE	BREVIGRAPH	FULL	bekannten Kern und produktiven Rand zusammensetzen	OK	PROSE:LEXICAL_BODY_PLUS_PRODUCTIVE_SUFFIX	kurzen Durchlauf ansetzen
SF0314	qockhy	ASTRO_ONLY	0	1	CKH	LOCAL_NOMENCLATOR_WITH_CORE_HINT	NOMENCLATOR_PLUS_BREVIGRAPH_HINT	PARTIAL	lokale Karte lernen; sichtbaren Kern nur als Hinweis lesen	NONE	ASTRO:COMMON_CORE	durch Sektor, Ring oder Pruefweg fuehren
SF0315	qoctholy	PROSE_ONLY	1	0	CTH+OL+Y	PRODUCTIVE_CORE_PLUS_EDGE	BREVIGRAPH	FULL	bekannten Kern und produktiven Rand zusammensetzen	NONE	PROSE:LEXICAL_BODY_PLUS_PRODUCTIVE_SUFFIX	bereiten Posten weiterfuehren
SF0316	qofair	ASTRO_ONLY	0	1	AIR	LOCAL_NOMENCLATOR_WITH_CORE_HINT	NOMENCLATOR_PLUS_BREVIGRAPH_HINT	PARTIAL	lokale Karte lernen; sichtbaren Kern nur als Hinweis lesen	NONE	ASTRO:COMMON_CORE	Himmels-, Ring- oder Zeigerlauf
SF0317	qokaiin	PROSE_ONLY	8	0	OK+AIIN	PRODUCTIVE_BREVIGRAPH	BREVIGRAPH	FULL	aus Kernen zusammensetzen	NONE	PROSE:LITERAL_PRODUCTIVE_PARSE	auf Sollmaß einstellen
SF0318	qokain	PROSE_ONLY	4	0	OK+AIN	PRODUCTIVE_BREVIGRAPH	BREVIGRAPH	FULL	aus Kernen zusammensetzen	NONE	PROSE:LITERAL_PRODUCTIVE_PARSE	eine Portion zugeben
SF0319	qokal	PROSE_ONLY	4	0	OK+AL	PRODUCTIVE_BREVIGRAPH	BREVIGRAPH	FULL	aus Kernen zusammensetzen	NONE	PROSE:LITERAL_PRODUCTIVE_PARSE	dort ansetzen
SF0320	qokaly	PROSE_ONLY	1	0	OK+AL+Y	PRODUCTIVE_BREVIGRAPH	BREVIGRAPH	FULL	aus Kernen zusammensetzen	NONE	PROSE:LITERAL_PRODUCTIVE_PARSE	dies dort ansetzen
SF0321	qokar	PROSE_ONLY	1	0	OK+AR	PRODUCTIVE_BREVIGRAPH	BREVIGRAPH	FULL	aus Kernen zusammensetzen	NONE	PROSE:LITERAL_PRODUCTIVE_PARSE	daraus ansetzen
SF0322	qokchdy	PROSE_ONLY	3	0	OK+CHD+CLOSE	PRODUCTIVE_CORE_PLUS_EDGE	BREVIGRAPH	FULL	bekannten Kern und produktiven Rand zusammensetzen	NONE	PROSE:LEXICAL_BODY_PLUS_PRODUCTIVE_SUFFIX	Umsetzung ansetzen; Schluss
SF0323	qokchedy	PROSE_ONLY	1	0	OK+CHD+CLOSE	PRODUCTIVE_CORE_PLUS_EDGE	BREVIGRAPH	FULL	bekannten Kern und produktiven Rand zusammensetzen	NONE	PROSE:LEXICAL_BODY_PLUS_PRODUCTIVE_SUFFIX	angesetzten Inhalt überführen; Schluss
SF0324	qokchy	PROSE_ONLY	1	0	OK+Y	PRODUCTIVE_BREVIGRAPH	BREVIGRAPH	FULL	aus Kernen zusammensetzen	NONE	PROSE:LITERAL_PRODUCTIVE_PARSE	Posten zur Weiterbearbeitung ansetzen
SF0325	qokedy	PROSE_ONLY	8	0	OK+E+CLOSE	PRODUCTIVE_CORE_PLUS_EDGE	BREVIGRAPH	FULL	bekannten Kern und produktiven Rand zusammensetzen	NONE	PROSE:LEXICAL_BODY_PLUS_PRODUCTIVE_SUFFIX	kurz ansetzen; Schluss
SF0326	qokeedal	PROSE_ONLY	1	0	OK+EE+AL	PRODUCTIVE_BREVIGRAPH	BREVIGRAPH	FULL	aus Kernen zusammensetzen	NONE	PROSE:LITERAL_PRODUCTIVE_PARSE	dort länger halten
SF0327	qokeedy	PROSE_ONLY	10	0	OK+EE+CLOSE	PRODUCTIVE_CORE_PLUS_EDGE	BREVIGRAPH	FULL	bekannten Kern und produktiven Rand zusammensetzen	NONE	PROSE:LEXICAL_BODY_PLUS_PRODUCTIVE_SUFFIX	länger ansetzen; Schluss
SF0328	qokeeedy	PROSE_AND_ASTRO	1	1	OK+EEE+CLOSE	PRODUCTIVE_CORE_PLUS_EDGE	BREVIGRAPH	FULL	bekannten Kern und produktiven Rand zusammensetzen	NONE	PROSE:LEXICAL_BODY_PLUS_PRODUCTIVE_SUFFIX	vollständig ansetzen; Schluss
SF0329	qokeeody	ASTRO_ONLY	0	1	OK+EE+OD+Y	ASTRO_OD_PRODUCTIVE_MODIFIER	BOUND_TABLE_MODIFIER	FULL_WITH_OWNER	Grundkörper lesen, OD=markiert hinzufügen, Y/Argument rechts lesen	NONE	ASTRO_LOCAL:OD	diesen Posten länger aktivieren und eintragen
SF0330	qokeey	PROSE_ONLY	6	0	OK+EE+Y	PRODUCTIVE_BREVIGRAPH	BREVIGRAPH	FULL	aus Kernen zusammensetzen	NONE	PROSE:LITERAL_PRODUCTIVE_PARSE	länger ansetzen
SF0331	qokeochy	ASTRO_ONLY	0	1	OK	LOCAL_NOMENCLATOR_WITH_CORE_HINT	NOMENCLATOR_PLUS_BREVIGRAPH_HINT	PARTIAL	lokale Karte lernen; sichtbaren Kern nur als Hinweis lesen	NONE	ASTRO:COMMON_CORE	Diagrammposten setzen oder aktivieren
SF0332	qokey	PROSE_ONLY	1	0	OK+E+Y	PRODUCTIVE_BREVIGRAPH	BREVIGRAPH	FULL	aus Kernen zusammensetzen	NONE	PROSE:LITERAL_PRODUCTIVE_PARSE	kurz ansetzen
SF0333	qokoaiin	ASTRO_ONLY	0	1	OK+AIIN	LOCAL_NOMENCLATOR_WITH_COMPONENT_HINT	NOMENCLATOR_PLUS_BREVIGRAPH_HINT	PARTIAL	lokale Karte lernen, bekannten Kern als Hinweis nutzen	UNRESOLVED_LOCAL	ASTRO:LEARNED_WITH_HINT	Aktivieren + Sollwert/Maß
SF0334	qokokchy	PROSE_ONLY	1	0	OK+OK+Y	PRODUCTIVE_BREVIGRAPH	BREVIGRAPH	FULL	aus Kernen zusammensetzen	NONE	PROSE:LITERAL_PRODUCTIVE_PARSE	erneut ansetzen
SF0335	qokol	PROSE_ONLY	1	0	OK+OL	PRODUCTIVE_BREVIGRAPH	BREVIGRAPH	FULL	aus Kernen zusammensetzen	NONE	PROSE:LITERAL_PRODUCTIVE_PARSE	Fortsetzung ansetzen
SF0336	qokshedy	PROSE_ONLY	1	0	OK+SHED+CLOSE	PRODUCTIVE_CORE_PLUS_EDGE	BREVIGRAPH	FULL	bekannten Kern und produktiven Rand zusammensetzen	NONE	PROSE:LEXICAL_BODY_PLUS_PRODUCTIVE_SUFFIX	Absetzgang ansetzen; Schluss
SF0337	qoky	PROSE_ONLY	7	0	OK+Y	PRODUCTIVE_BREVIGRAPH	BREVIGRAPH	FULL	aus Kernen zusammensetzen	NONE	PROSE:LITERAL_PRODUCTIVE_PARSE	aktuellen Posten ansetzen
SF0338	qokylddy	PROSE_ONLY	1	0	OK+Y+LDDY	PRODUCTIVE_FRAME_PLUS_NOMENCLATOR_BODY	BREVIGRAPH_PLUS_NOMENCLATOR	PARTIAL	Rahmen lesen, Körper auswendig ergänzen	LDDY	PROSE:PRODUCTIVE_FRAME_PLUS_MEMORIZED_BODY	aktuellen Posten befestigen; Schluss
SF0339	qol	PROSE_ONLY	3	0	OL	PRODUCTIVE_BREVIGRAPH	BREVIGRAPH	FULL	aus Kernen zusammensetzen	NONE	PROSE:LITERAL_PRODUCTIVE_PARSE	fortsetzen
SF0340	qolchedy	PROSE_ONLY	2	0	OL+CHD+CLOSE	PRODUCTIVE_CORE_PLUS_EDGE	BREVIGRAPH	FULL	bekannten Kern und produktiven Rand zusammensetzen	NONE	PROSE:LEXICAL_BODY_PLUS_PRODUCTIVE_SUFFIX	weiterüberführen; Schluss
SF0341	qolchey	PROSE_ONLY	1	0	OL+Y	PRODUCTIVE_BREVIGRAPH	BREVIGRAPH	FULL	aus Kernen zusammensetzen	NONE	PROSE:LITERAL_PRODUCTIVE_PARSE	diesen Posten weiterfuehren
SF0342	qolkain	PROSE_ONLY	1	0	OL+AIN	PRODUCTIVE_BREVIGRAPH	BREVIGRAPH	FULL	aus Kernen zusammensetzen	NONE	PROSE:LITERAL_PRODUCTIVE_PARSE	weitere Portion
SF0343	qolky	PROSE_ONLY	1	0	OL	PRODUCTIVE_BREVIGRAPH	BREVIGRAPH	FULL	aus Kernen zusammensetzen	NONE	PROSE:LITERAL_PRODUCTIVE_PARSE	auf dem Arbeitsweg weiterleiten
SF0344	qopchy	ASTRO_ONLY	0	1	NONE	LOCAL_ASTRO_NOMENCLATOR	NOMENCLATOR_PLUS_OWNER	NONE	lokale Karte mit Diagrammplatz lernen	qopchy	ASTRO:NO_COMMON_CORE	neuer Paarbezug
SF0345	qotair	ASTRO_ONLY	0	1	OT+AIR	PRODUCTIVE_ASTRO_COMPOSITION	BREVIGRAPH_PLUS_OWNER	FULL_WITH_OWNER	Kerne lesen, Diagrammbesitzer ergänzen	NONE	ASTRO:FORWARD_SINGLE_CELL	NÄCHSTER LAUF/NÄCHSTE BAHN
SF0346	qotal	PROSE_ONLY	2	0	OT+AL	PRODUCTIVE_BREVIGRAPH	BREVIGRAPH	FULL	aus Kernen zusammensetzen	NONE	PROSE:LITERAL_PRODUCTIVE_PARSE	danach dorthin
SF0347	qotchedy	PROSE_ONLY	1	0	OT+CHD+CLOSE	PRODUCTIVE_CORE_PLUS_EDGE	BREVIGRAPH	FULL	bekannten Kern und produktiven Rand zusammensetzen	NONE	PROSE:LEXICAL_BODY_PLUS_PRODUCTIVE_SUFFIX	nächsten Posten überführen; Schluss
SF0348	qotchol	PROSE_ONLY	1	0	OT+OL	PRODUCTIVE_BREVIGRAPH	BREVIGRAPH	FULL	aus Kernen zusammensetzen	NONE	PROSE:LITERAL_PRODUCTIVE_PARSE	danach weiterfuehren
SF0349	qotchor	PROSE_ONLY	1	0	OT+OR	PRODUCTIVE_BREVIGRAPH	BREVIGRAPH	FULL	aus Kernen zusammensetzen	NONE	PROSE:LITERAL_PRODUCTIVE_PARSE	Folgeansatz
SF0350	qotchy	PROSE_ONLY	1	0	OT+Y	PRODUCTIVE_BREVIGRAPH	BREVIGRAPH	FULL	aus Kernen zusammensetzen	NONE	PROSE:LITERAL_PRODUCTIVE_PARSE	anschließender Arbeitsposten
SF0351	qotedaiin	PROSE_ONLY	1	0	OT+E+AIIN	PRODUCTIVE_BREVIGRAPH	BREVIGRAPH	FULL	aus Kernen zusammensetzen	NONE	PROSE:LITERAL_PRODUCTIVE_PARSE	kurzes Folgemass
SF0352	qoteedy	PROSE_ONLY	2	0	OT+EE+CLOSE	PRODUCTIVE_CORE_PLUS_EDGE	BREVIGRAPH	FULL	bekannten Kern und produktiven Rand zusammensetzen	NONE	PROSE:LEXICAL_BODY_PLUS_PRODUCTIVE_SUFFIX	lange Folge; Schluss
SF0353	qoteor	ASTRO_ONLY	0	1	OT+E+OR	BOUND_MODIFIER_COMPOSITION	BREVIGRAPH_PLUS_MENSURAL_GRADE	FULL_WITH_OWNER	Kerne lesen und gebundenen Grad anwenden	NONE	ASTRO:FAMILY_COMPOSITION	nächsten Satz kurz nehmen
SF0354	qotoear	ASTRO_ONLY	0	1	OT+E+AR	BOUND_MODIFIER_COMPOSITION	BREVIGRAPH_PLUS_MENSURAL_GRADE	FULL_WITH_OWNER	Kerne lesen und gebundenen Grad anwenden	NONE	ASTRO:FAMILY_COMPOSITION	nächste Quelle kurz nehmen
SF0355	qsg	ASTRO_ONLY	0	1	NONE	LOCAL_ASTRO_NOMENCLATOR	NOMENCLATOR_PLUS_OWNER	NONE	lokale Karte mit Diagrammplatz lernen	qsg	ASTRO:NO_COMMON_CORE	neuer Nebengrad
SF0356	r	ASTRO_ONLY	0	1	NONE	LOCAL_ASTRO_NOMENCLATOR	NOMENCLATOR_PLUS_OWNER	NONE	lokale Karte mit Diagrammplatz lernen	r	ASTRO:NO_COMMON_CORE	Bezugswert
SF0357	ral	PROSE_ONLY	1	0	AL	PRODUCTIVE_BREVIGRAPH	BREVIGRAPH	FULL	aus Kernen zusammensetzen	NONE	PROSE:LITERAL_PRODUCTIVE_PARSE	zur Zielstelle
SF0358	raly	PROSE_ONLY	1	0	AL+Y	PRODUCTIVE_BREVIGRAPH	BREVIGRAPH	FULL	aus Kernen zusammensetzen	NONE	PROSE:LITERAL_PRODUCTIVE_PARSE	diesen Posten dorthin
SF0359	rol	PROSE_ONLY	1	0	OL	PRODUCTIVE_BREVIGRAPH	BREVIGRAPH	FULL	aus Kernen zusammensetzen	NONE	PROSE:LITERAL_PRODUCTIVE_PARSE	vom vorigen Gang weiterführen
SF0360	ror	ASTRO_ONLY	0	1	OR	LOCAL_NOMENCLATOR_WITH_CORE_HINT	NOMENCLATOR_PLUS_BREVIGRAPH_HINT	PARTIAL	lokale Karte lernen; sichtbaren Kern nur als Hinweis lesen	NONE	ASTRO:COMMON_CORE	Bedingungs-, Tabellen- oder Wahlansatz
SF0361	rsheal	PROSE_ONLY	1	0	SH+E+AL	PRODUCTIVE_CORE_PLUS_EDGE	BREVIGRAPH	FULL	bekannten Kern und produktiven Rand zusammensetzen	NONE	PROSE:LEXICAL_BODY_PLUS_PRODUCTIVE_SUFFIX	kurz am Ziel ruhen
SF0362	rshedy	PROSE_ONLY	1	0	WASH+CLOSE	LEXICAL_BODY_PLUS_PRODUCTIVE_EDGE	NOMENCLATOR_PLUS_BREVIGRAPH	PARTIAL	Körper lernen, produktiven Rand lesen	WASH	PROSE:LEXICAL_BODY_PLUS_PRODUCTIVE_SUFFIX	Waschgang abschließen
SF0363	s	ASTRO_ONLY	0	4	NONE	LOCAL_ASTRO_NOMENCLATOR	NOMENCLATOR_PLUS_OWNER	NONE	lokale Karte mit Diagrammplatz lernen	s	ASTRO:NO_COMMON_CORE	Nebenwert
SF0364	saiin	PROSE_AND_ASTRO	4	1	AIIN	PRODUCTIVE_BREVIGRAPH	BREVIGRAPH	FULL	aus Kernen zusammensetzen	NONE	PROSE:LITERAL_PRODUCTIVE_PARSE	Sollmaß
SF0365	saiir	ASTRO_ONLY	0	1	NONE	LOCAL_ASTRO_NOMENCLATOR	NOMENCLATOR_PLUS_OWNER	NONE	lokale Karte mit Diagrammplatz lernen	saiir	ASTRO:NO_COMMON_CORE	sekundärer Hauptindex
SF0366	sain	ASTRO_ONLY	0	1	AIN	LOCAL_NOMENCLATOR_WITH_CORE_HINT	NOMENCLATOR_PLUS_BREVIGRAPH_HINT	PARTIAL	lokale Karte lernen; sichtbaren Kern nur als Hinweis lesen	NONE	ASTRO:COMMON_CORE	gezaehlter Teil oder Unterabschnitt
SF0367	sal	PROSE_AND_ASTRO	1	1	AL	PRODUCTIVE_BREVIGRAPH	BREVIGRAPH	FULL	aus Kernen zusammensetzen	NONE	PROSE:LITERAL_PRODUCTIVE_PARSE	dorthin
SF0368	saldal	ASTRO_ONLY	0	1	AL+AL	UNPROMOTED_MULTI_CORE_HINT	BREVIGRAPH_HINT_PLUS_OWNER	PARTIAL	Kernfolge als Hinweis lesen, lokale Karte lernen	NONE	ASTRO:COMMON_CORE	Zielsektor, Zielstern oder Zielfeld + Zielsektor, Zielstern oder Zielfeld
SF0369	salsain	ASTRO_ONLY	0	1	AL+AIN	LOCAL_NOMENCLATOR_WITH_COMPONENT_HINT	NOMENCLATOR_PLUS_BREVIGRAPH_HINT	PARTIAL	lokale Karte lernen, bekannten Kern als Hinweis nutzen	UNRESOLVED_LOCAL	ASTRO:LEARNED_WITH_HINT	Ziel + Portion
SF0370	sar	PROSE_AND_ASTRO	1	2	AR	PRODUCTIVE_BREVIGRAPH	BREVIGRAPH	FULL	aus Kernen zusammensetzen	NONE	PROSE:LITERAL_PRODUCTIVE_PARSE	aus dem Ansatz
SF0371	saral	ASTRO_ONLY	0	2	AR+AL	PRODUCTIVE_ASTRO_COMPOSITION	BREVIGRAPH_PLUS_OWNER	FULL_WITH_OWNER	Kerne lesen, Diagrammbesitzer ergänzen	NONE	ASTRO:FAMILY_COMPOSITION	von Quelle zum Ziel
SF0372	sarydy	ASTRO_ONLY	0	1	AR	LOCAL_NOMENCLATOR_WITH_CORE_HINT	NOMENCLATOR_PLUS_BREVIGRAPH_HINT	PARTIAL	lokale Karte lernen; sichtbaren Kern nur als Hinweis lesen	NONE	ASTRO:COMMON_CORE	Ausgangssektor, Ursprung oder Bezugswert
SF0373	schedair	PROSE_ONLY	1	0	AIR	PRODUCTIVE_BREVIGRAPH	BREVIGRAPH	FULL	aus Kernen zusammensetzen	NONE	PROSE:LITERAL_PRODUCTIVE_PARSE	Wasser weiterleiten
SF0374	schedy	PROSE_ONLY	2	0	CHD+CLOSE	PRODUCTIVE_CORE_PLUS_EDGE	BREVIGRAPH	FULL	bekannten Kern und produktiven Rand zusammensetzen	NONE	PROSE:LEXICAL_BODY_PLUS_PRODUCTIVE_SUFFIX	Posten überführen; Schluss
SF0375	schoal	PROSE_ONLY	1	0	HO+AL	PRODUCTIVE_CORE_PLUS_EDGE	BREVIGRAPH	FULL	bekannten Kern und produktiven Rand zusammensetzen	NONE	PROSE:LEXICAL_BODY_PLUS_PRODUCTIVE_SUFFIX	Zutat an die Arbeitsstelle geben
SF0376	schol	PROSE_ONLY	1	0	DCHOL	NOMENCLATOR_WHOLE_SIGN	NOMENCLATOR	NONE	ganze Karte lernen	DCHOL	PROSE:MEMORIZED_WHOLE	vorigen Posten fortsetzen
SF0377	sh	PROSE_ONLY	1	0	SH	NOMENCLATOR_WHOLE_SIGN	NOMENCLATOR	NONE	ganze Karte lernen	NONE	PROSE:LEXICAL_ROOT_ONLY	halten
SF0378	shckhedy	PROSE_ONLY	3	0	CKHE+CLOSE	PRODUCTIVE_CORE_PLUS_EDGE	BREVIGRAPH	FULL	bekannten Kern und produktiven Rand zusammensetzen	NONE	PROSE:LEXICAL_BODY_PLUS_PRODUCTIVE_SUFFIX	seihen; Schluss
SF0379	shckhy	PROSE_ONLY	1	0	CKH+Y	PRODUCTIVE_CORE_PLUS_EDGE	BREVIGRAPH	FULL	bekannten Kern und produktiven Rand zusammensetzen	NONE	PROSE:LEXICAL_BODY_PLUS_PRODUCTIVE_SUFFIX	durchleiten
SF0380	shcthey	PROSE_ONLY	1	0	CTH+E+Y	PRODUCTIVE_CORE_PLUS_EDGE	BREVIGRAPH	FULL	bekannten Kern und produktiven Rand zusammensetzen	NONE	PROSE:LEXICAL_BODY_PLUS_PRODUCTIVE_SUFFIX	kurz bereithalten
SF0381	shcthy	PROSE_ONLY	2	0	CTH+Y	PRODUCTIVE_CORE_PLUS_EDGE	BREVIGRAPH	FULL	bekannten Kern und produktiven Rand zusammensetzen	NONE	PROSE:LEXICAL_BODY_PLUS_PRODUCTIVE_SUFFIX	bereit
SF0382	sheckhal	PROSE_ONLY	1	0	CKH+E+AL	PRODUCTIVE_CORE_PLUS_EDGE	BREVIGRAPH	FULL	bekannten Kern und produktiven Rand zusammensetzen	NONE	PROSE:LEXICAL_BODY_PLUS_PRODUCTIVE_SUFFIX	kurz zur Zielstelle durchleiten
SF0383	sheckhy	PROSE_ONLY	1	0	CKH+E+Y	PRODUCTIVE_CORE_PLUS_EDGE	BREVIGRAPH	FULL	bekannten Kern und produktiven Rand zusammensetzen	NONE	PROSE:LEXICAL_BODY_PLUS_PRODUCTIVE_SUFFIX	kurz durchleiten
SF0384	shecthedchy	PROSE_ONLY	1	0	CTH+CHD+Y	PRODUCTIVE_CORE_PLUS_EDGE	BREVIGRAPH	FULL	bekannten Kern und produktiven Rand zusammensetzen	CHD	PROSE:LEXICAL_BODY_PLUS_PRODUCTIVE_SUFFIX	bereiten Posten umsetzen
SF0385	shecthy	PROSE_ONLY	1	0	CTH+E+Y	PRODUCTIVE_CORE_PLUS_EDGE	BREVIGRAPH	FULL	bekannten Kern und produktiven Rand zusammensetzen	NONE	PROSE:LEXICAL_BODY_PLUS_PRODUCTIVE_SUFFIX	kurz bereit halten
SF0386	shedal	PROSE_ONLY	2	0	SHED+AL	PRODUCTIVE_CORE_PLUS_EDGE	BREVIGRAPH	FULL	bekannten Kern und produktiven Rand zusammensetzen	NONE	PROSE:LEXICAL_BODY_PLUS_PRODUCTIVE_SUFFIX	dort absetzen
SF0387	shedy	PROSE_ONLY	10	0	SHED+E+CLOSE	PRODUCTIVE_CORE_PLUS_EDGE	BREVIGRAPH	FULL	bekannten Kern und produktiven Rand zusammensetzen	NONE	PROSE:LEXICAL_BODY_PLUS_PRODUCTIVE_SUFFIX	kurz absetzen lassen; Schluss
SF0388	sheedy	PROSE_ONLY	1	0	SHED+EE+CLOSE	PRODUCTIVE_CORE_PLUS_EDGE	BREVIGRAPH	FULL	bekannten Kern und produktiven Rand zusammensetzen	SHED	PROSE:LEXICAL_BODY_PLUS_PRODUCTIVE_SUFFIX	länger absetzen; Schluss
SF0389	shees	ASTRO_ONLY	0	1	NONE	LOCAL_ASTRO_NOMENCLATOR	NOMENCLATOR_PLUS_OWNER	NONE	lokale Karte mit Diagrammplatz lernen	shees	ASTRO:NO_COMMON_CORE	Position oder Bedingung halten + lange oder volle Diagrammstufe
SF0390	sheey	PROSE_AND_ASTRO	1	1	SH+EE+Y	PRODUCTIVE_CORE_PLUS_EDGE	BREVIGRAPH	FULL	bekannten Kern und produktiven Rand zusammensetzen	NONE	PROSE:LEXICAL_BODY_PLUS_PRODUCTIVE_SUFFIX	laenger ruhen
SF0391	shekchy	ASTRO_ONLY	0	1	KCH	LOCAL_NOMENCLATOR_WITH_CORE_HINT	NOMENCLATOR_PLUS_BREVIGRAPH_HINT	PARTIAL	lokale Karte lernen; sichtbaren Kern nur als Hinweis lesen	NONE	ASTRO:COMMON_CORE	Position oder Bedingung halten + Diagrammplatz berechnen oder bearbeiten
SF0392	sheody	ASTRO_ONLY	0	1	E+OD+Y	ASTRO_OD_PRODUCTIVE_MODIFIER	BOUND_TABLE_MODIFIER	FULL_WITH_OWNER	Grundkörper lesen, OD=markiert hinzufügen, Y/Argument rechts lesen	NONE	ASTRO_LOCAL:OD	diesen gehaltenen Posten kurz markieren
SF0393	shey	PROSE_AND_ASTRO	2	1	CHEEY	NOMENCLATOR_WHOLE_SIGN	NOMENCLATOR	NONE	ganze Karte lernen	CHEEY	PROSE:MEMORIZED_WHOLE	klarer Auszug
SF0394	shfydaiin	PROSE_ONLY	1	0	SH+AIIN	PRODUCTIVE_CORE_PLUS_EDGE	BREVIGRAPH	FULL	bekannten Kern und produktiven Rand zusammensetzen	NONE	PROSE:LEXICAL_BODY_PLUS_PRODUCTIVE_SUFFIX	Standmaß
SF0395	sho	PROSE_ONLY	2	0	HO	NOMENCLATOR_WHOLE_SIGN	NOMENCLATOR	NONE	ganze Karte lernen	NONE	PROSE:LEXICAL_ROOT_ONLY	Zutat
SF0396	shokchy	ASTRO_ONLY	0	1	HO+KCH	LOCAL_NOMENCLATOR_WITH_COMPONENT_HINT	NOMENCLATOR_PLUS_BREVIGRAPH_HINT	PARTIAL	lokale Karte lernen, bekannten Kern als Hinweis nutzen	UNRESOLVED_LOCAL	ASTRO:LEARNED_WITH_HINT	Eingangsposten + Bearbeiten
SF0397	shor	PROSE_ONLY	1	0	OR	PRODUCTIVE_BREVIGRAPH	BREVIGRAPH	FULL	aus Kernen zusammensetzen	NONE	PROSE:LITERAL_PRODUCTIVE_PARSE	Ansatz
SF0398	shoyty	PROSE_ONLY	1	0	HO+Y+TY	PRODUCTIVE_CORE_PLUS_EDGE	BREVIGRAPH	FULL	bekannten Kern und produktiven Rand zusammensetzen	NONE	PROSE:LEXICAL_BODY_PLUS_PRODUCTIVE_SUFFIX	Zutatenteil
SF0399	shs	ASTRO_ONLY	0	1	NONE	LOCAL_ASTRO_NOMENCLATOR	NOMENCLATOR_PLUS_OWNER	NONE	lokale Karte mit Diagrammplatz lernen	shs	ASTRO:NO_COMMON_CORE	Position oder Bedingung halten
SF0400	shy	PROSE_ONLY	1	0	Y	PRODUCTIVE_BREVIGRAPH	BREVIGRAPH	FULL	aus Kernen zusammensetzen	NONE	PROSE:LITERAL_PRODUCTIVE_PARSE	dieser Posten
SF0401	skar	PROSE_ONLY	1	0	SK+AR	PRODUCTIVE_FRAME_PLUS_NOMENCLATOR_BODY	BREVIGRAPH_PLUS_NOMENCLATOR	PARTIAL	Rahmen lesen, Körper auswendig ergänzen	SK	PROSE:PRODUCTIVE_FRAME_PLUS_MEMORIZED_BODY	vom Ausgang ausgießen
SF0402	sodar	ASTRO_ONLY	0	1	AR	LOCAL_NOMENCLATOR_WITH_CORE_HINT	NOMENCLATOR_PLUS_BREVIGRAPH_HINT	PARTIAL	lokale Karte lernen; sichtbaren Kern nur als Hinweis lesen	NONE	ASTRO:COMMON_CORE	Ausgangssektor, Ursprung oder Bezugswert
SF0403	soear	ASTRO_ONLY	0	1	AR	LOCAL_NOMENCLATOR_WITH_CORE_HINT	NOMENCLATOR_PLUS_BREVIGRAPH_HINT	PARTIAL	lokale Karte lernen; sichtbaren Kern nur als Hinweis lesen	NONE	ASTRO:COMMON_CORE	Ausgangssektor, Ursprung oder Bezugswert
SF0404	soeey	ASTRO_ONLY	0	1	NONE	LOCAL_ASTRO_NOMENCLATOR	NOMENCLATOR_PLUS_OWNER	NONE	lokale Karte mit Diagrammplatz lernen	soeey	ASTRO:NO_COMMON_CORE	lange oder volle Diagrammstufe
SF0405	soiiin	PROSE_ONLY	1	0	IIN	PRODUCTIVE_BREVIGRAPH	BREVIGRAPH	FULL	aus Kernen zusammensetzen	NONE	PROSE:LITERAL_PRODUCTIVE_PARSE	Sollstufe
SF0406	sol	PROSE_ONLY	3	0	OL	PRODUCTIVE_BREVIGRAPH	BREVIGRAPH	FULL	aus Kernen zusammensetzen	NONE	PROSE:LITERAL_PRODUCTIVE_PARSE	fortsetzen
SF0407	solkaiin	PROSE_ONLY	1	0	SOLK+AIIN	PRODUCTIVE_CORE_PLUS_EDGE	BREVIGRAPH	FULL	bekannten Kern und produktiven Rand zusammensetzen	NONE	PROSE:LEXICAL_BODY_PLUS_PRODUCTIVE_SUFFIX	bis Sollmass sammeln
SF0408	solkeedy	PROSE_ONLY	1	0	SOLK+EE+CLOSE	PRODUCTIVE_CORE_PLUS_EDGE	BREVIGRAPH	FULL	bekannten Kern und produktiven Rand zusammensetzen	NONE	PROSE:LEXICAL_BODY_PLUS_PRODUCTIVE_SUFFIX	länger sammeln; Schluss
SF0409	solkeey	PROSE_ONLY	1	0	SOLK+EE+Y	PRODUCTIVE_CORE_PLUS_EDGE	BREVIGRAPH	FULL	bekannten Kern und produktiven Rand zusammensetzen	NONE	PROSE:LEXICAL_BODY_PLUS_PRODUCTIVE_SUFFIX	länger sammeln
SF0410	solkey	PROSE_ONLY	1	0	SOLK+E+Y	PRODUCTIVE_CORE_PLUS_EDGE	BREVIGRAPH	FULL	bekannten Kern und produktiven Rand zusammensetzen	NONE	PROSE:LEXICAL_BODY_PLUS_PRODUCTIVE_SUFFIX	kurz sammeln
SF0411	solshedy	PROSE_ONLY	1	0	OL+SHED+CLOSE	PRODUCTIVE_CORE_PLUS_EDGE	BREVIGRAPH	FULL	bekannten Kern und produktiven Rand zusammensetzen	NONE	PROSE:LEXICAL_BODY_PLUS_PRODUCTIVE_SUFFIX	weiter absetzen; Schluss
SF0412	sor	PROSE_AND_ASTRO	1	1	OR	PRODUCTIVE_BREVIGRAPH	BREVIGRAPH	FULL	aus Kernen zusammensetzen	NONE	PROSE:LITERAL_PRODUCTIVE_PARSE	Ansatz
SF0413	soraiir	ASTRO_ONLY	0	1	OR	LOCAL_NOMENCLATOR_WITH_CORE_HINT	NOMENCLATOR_PLUS_BREVIGRAPH_HINT	PARTIAL	lokale Karte lernen; sichtbaren Kern nur als Hinweis lesen	NONE	ASTRO:COMMON_CORE	Bedingungs-, Tabellen- oder Wahlansatz
SF0414	sosho	ASTRO_ONLY	0	1	HO	LOCAL_NOMENCLATOR_WITH_CORE_HINT	NOMENCLATOR_PLUS_BREVIGRAPH_HINT	PARTIAL	lokale Karte lernen; sichtbaren Kern nur als Hinweis lesen	NONE	ASTRO:COMMON_CORE	Himmelsobjekt oder Eingangsbedingung
SF0415	sotaiin	PROSE_ONLY	1	0	OT+AIIN	PRODUCTIVE_BREVIGRAPH	BREVIGRAPH	FULL	aus Kernen zusammensetzen	NONE	PROSE:LITERAL_PRODUCTIVE_PARSE	Folgemaß
SF0416	sotodan	PROSE_ONLY	1	0	OT+DAN	PRODUCTIVE_FRAME_PLUS_NOMENCLATOR_BODY	BREVIGRAPH_PLUS_NOMENCLATOR	PARTIAL	Rahmen lesen, Körper auswendig ergänzen	DAN	PROSE:PRODUCTIVE_FRAME_PLUS_MEMORIZED_BODY	danach anwenden
SF0417	sshey	ASTRO_ONLY	0	1	NONE	LOCAL_ASTRO_NOMENCLATOR	NOMENCLATOR_PLUS_OWNER	NONE	lokale Karte mit Diagrammplatz lernen	sshey	ASTRO:NO_COMMON_CORE	abgelesener oder freigegebener Wert
SF0418	sshkchdy	PROSE_ONLY	1	0	SH+KCH+CHD+CLOSE	PRODUCTIVE_CORE_PLUS_EDGE	BREVIGRAPH	FULL	bekannten Kern und produktiven Rand zusammensetzen	NONE	PROSE:LEXICAL_BODY_PLUS_PRODUCTIVE_SUFFIX	im Arbeitsgang schwenken; Schluss
SF0419	sy	PROSE_AND_ASTRO	1	1	Y	PRODUCTIVE_BREVIGRAPH	BREVIGRAPH	FULL	aus Kernen zusammensetzen	NONE	PROSE:LITERAL_PRODUCTIVE_PARSE	dieser Posten
SF0420	sykos	ASTRO_ONLY	0	1	NONE	LOCAL_ASTRO_NOMENCLATOR	NOMENCLATOR_PLUS_OWNER	NONE	lokale Karte mit Diagrammplatz lernen	sykos	ASTRO:NO_COMMON_CORE	sekundäre Grundklasse
SF0421	taiin	PROSE_ONLY	1	0	AIIN	RENDERER_ALLOGRAPH_OF_PRODUCTIVE	RENDERER_PLUS_BREVIGRAPH	FULL_AFTER_RENDERER_NORMALIZATION	Renderer abziehen, dann zusammensetzen	NONE	PROSE:RENDERER_ALIAS_PLUS_PRODUCTIVE_PARSE	Sollmaß
SF0422	tal	PROSE_ONLY	1	0	AL	RENDERER_ALLOGRAPH_OF_PRODUCTIVE	RENDERER_PLUS_BREVIGRAPH	FULL_AFTER_RENDERER_NORMALIZATION	Renderer abziehen, dann zusammensetzen	NONE	PROSE:RENDERER_ALIAS_PLUS_PRODUCTIVE_PARSE	dorthin
SF0423	talam	PROSE_ONLY	1	0	AL+AM	PRODUCTIVE_FRAME_PLUS_NOMENCLATOR_BODY	BREVIGRAPH_PLUS_NOMENCLATOR	PARTIAL	Rahmen lesen, Körper auswendig ergänzen	AM	PROSE:PRODUCTIVE_FRAME_PLUS_MEMORIZED_BODY	am Ziel verwahren
SF0424	tchedy	PROSE_ONLY	1	0	CHD+CLOSE	PRODUCTIVE_CORE_PLUS_EDGE	BREVIGRAPH	FULL	bekannten Kern und produktiven Rand zusammensetzen	NONE	PROSE:LEXICAL_BODY_PLUS_PRODUCTIVE_SUFFIX	Posten überführen; Schluss
SF0425	tchody	PROSE_ONLY	1	0	HO+CLOSE	PRODUCTIVE_CORE_PLUS_EDGE	BREVIGRAPH	FULL	bekannten Kern und produktiven Rand zusammensetzen	NONE	PROSE:LEXICAL_BODY_PLUS_PRODUCTIVE_SUFFIX	Eingangsposten beiseitestellen; Schluss
SF0426	tedy	PROSE_ONLY	1	0	SHED+E+CLOSE	PRODUCTIVE_CORE_PLUS_EDGE	BREVIGRAPH	FULL	bekannten Kern und produktiven Rand zusammensetzen	SHED	PROSE:LEXICAL_BODY_PLUS_PRODUCTIVE_SUFFIX	kurz absetzen lassen; Schluss
SF0427	teeo	ASTRO_ONLY	0	1	NONE	LOCAL_ASTRO_NOMENCLATOR	NOMENCLATOR_PLUS_OWNER	NONE	lokale Karte mit Diagrammplatz lernen	teeo	ASTRO:NO_COMMON_CORE	lange oder volle Diagrammstufe
SF0428	teol	PROSE_ONLY	1	0	E+OL	PRODUCTIVE_BREVIGRAPH	BREVIGRAPH	FULL	aus Kernen zusammensetzen	NONE	PROSE:LITERAL_PRODUCTIVE_PARSE	kurz weiterleiten
SF0429	tey	ASTRO_ONLY	0	1	NONE	LOCAL_ASTRO_NOMENCLATOR	NOMENCLATOR_PLUS_OWNER	NONE	lokale Karte mit Diagrammplatz lernen	tey	ASTRO:NO_COMMON_CORE	aktueller Phasenwert
SF0430	tochso	ASTRO_ONLY	0	1	NONE	LOCAL_ASTRO_NOMENCLATOR	NOMENCLATOR_PLUS_OWNER	NONE	lokale Karte mit Diagrammplatz lernen	tochso	ASTRO:NO_COMMON_CORE	Grundzustand dieses Platzes
SF0431	todaiin	ASTRO_ONLY	0	1	AIIN	LOCAL_NOMENCLATOR_WITH_CORE_HINT	NOMENCLATOR_PLUS_BREVIGRAPH_HINT	PARTIAL	lokale Karte lernen; sichtbaren Kern nur als Hinweis lesen	NONE	ASTRO:COMMON_CORE	Sollwert oder Grad eines Diagrammplatzes
SF0432	tol	PROSE_AND_ASTRO	1	1	OL	RENDERER_ALLOGRAPH_OF_PRODUCTIVE	RENDERER_PLUS_BREVIGRAPH	FULL_AFTER_RENDERER_NORMALIZATION	Renderer abziehen, dann zusammensetzen	NONE	PROSE:RENDERER_ALIAS_PLUS_PRODUCTIVE_PARSE	fortsetzen
SF0433	tshey	PROSE_ONLY	1	0	CHEEY	NOMENCLATOR_WHOLE_SIGN	NOMENCLATOR	NONE	ganze Karte lernen	CHEEY	PROSE:MEMORIZED_WHOLE	Klarlauf zugeben
SF0434	tshol	PROSE_ONLY	1	0	HO+L	LEXICAL_BODY_PLUS_PRODUCTIVE_EDGE	NOMENCLATOR_PLUS_BREVIGRAPH	PARTIAL	Körper lernen, produktiven Rand lesen	L	PROSE:LEXICAL_BODY_PLUS_PRODUCTIVE_SUFFIX	Zutat entnehmen
SF0435	y	PROSE_AND_ASTRO	1	9	Y	RENDERER_ALLOGRAPH_OF_PRODUCTIVE	RENDERER_PLUS_BREVIGRAPH	FULL_AFTER_RENDERER_NORMALIZATION	Renderer abziehen, dann zusammensetzen	NONE	PROSE:RENDERER_ALIAS_PLUS_PRODUCTIVE_PARSE	dieser Posten
SF0436	ycheody	ASTRO_ONLY	0	1	CHEO	LOCAL_NOMENCLATOR_WITH_CORE_HINT	NOMENCLATOR_PLUS_BREVIGRAPH_HINT	PARTIAL	lokale Karte lernen; sichtbaren Kern nur als Hinweis lesen	NONE	ASTRO:COMMON_CORE	aktueller Ablesewert fest
SF0437	ycheor	PROSE_ONLY	1	0	Y+CHEO+OR	PRODUCTIVE_CORE_PLUS_EDGE	BREVIGRAPH	FULL	bekannten Kern und produktiven Rand zusammensetzen	Y	PROSE:LEXICAL_BODY_PLUS_PRODUCTIVE_SUFFIX	Auszugsansatz
SF0438	ychey	ASTRO_ONLY	0	1	NONE	LOCAL_ASTRO_NOMENCLATOR	NOMENCLATOR_PLUS_OWNER	NONE	lokale Karte mit Diagrammplatz lernen	ychey	ASTRO:NO_COMMON_CORE	aktueller Ablesewert
SF0439	ydaiin	ASTRO_ONLY	0	2	AIIN	LOCAL_NOMENCLATOR_WITH_CORE_HINT	NOMENCLATOR_PLUS_BREVIGRAPH_HINT	PARTIAL	lokale Karte lernen; sichtbaren Kern nur als Hinweis lesen	NONE	ASTRO:COMMON_CORE	Sollwert oder Grad eines Diagrammplatzes
SF0440	ydam	ASTRO_ONLY	0	1	NONE	LOCAL_ASTRO_NOMENCLATOR	NOMENCLATOR_PLUS_OWNER	NONE	lokale Karte mit Diagrammplatz lernen	ydam	ASTRO:NO_COMMON_CORE	festgelegter Aspektwert
SF0441	ydchos	ASTRO_ONLY	0	1	HO	LOCAL_NOMENCLATOR_WITH_CORE_HINT	NOMENCLATOR_PLUS_BREVIGRAPH_HINT	PARTIAL	lokale Karte lernen; sichtbaren Kern nur als Hinweis lesen	NONE	ASTRO:COMMON_CORE	Himmelsobjekt oder Eingangsbedingung
SF0442	ydoly	ASTRO_ONLY	0	1	OL	LOCAL_NOMENCLATOR_WITH_CORE_HINT	NOMENCLATOR_PLUS_BREVIGRAPH_HINT	PARTIAL	lokale Karte lernen; sichtbaren Kern nur als Hinweis lesen	NONE	ASTRO:COMMON_CORE	im selben Ring, Band oder Satz fortsetzen
SF0443	yekees	ASTRO_ONLY	0	1	NONE	LOCAL_ASTRO_NOMENCLATOR	NOMENCLATOR_PLUS_OWNER	NONE	lokale Karte mit Diagrammplatz lernen	yekees	ASTRO:NO_COMMON_CORE	lange oder volle Diagrammstufe
SF0444	yetey	ASTRO_ONLY	0	1	NONE	LOCAL_ASTRO_NOMENCLATOR	NOMENCLATOR_PLUS_OWNER	NONE	lokale Karte mit Diagrammplatz lernen	yetey	ASTRO:NO_COMMON_CORE	ausgewählter Phasenwert
SF0445	yfain	ASTRO_ONLY	0	1	AIN	LOCAL_NOMENCLATOR_WITH_CORE_HINT	NOMENCLATOR_PLUS_BREVIGRAPH_HINT	PARTIAL	lokale Karte lernen; sichtbaren Kern nur als Hinweis lesen	NONE	ASTRO:COMMON_CORE	gezaehlter Teil oder Unterabschnitt
SF0446	yka	ASTRO_ONLY	0	1	YK	ASTRO_LOCAL_PRODUCTIVE_TABLE_STEM	LOCAL_TABLE_STEM_PLUS_BREVIGRAPH	FULL_WITH_OWNER	YK lesen; bekannte Kerne anfügen; Besitzer ergänzen	NONE	ASTRO_LOCAL:YK	bezeichnete Klasse oder Haus
SF0447	ykady	ASTRO_ONLY	0	1	YK	ASTRO_LOCAL_PRODUCTIVE_TABLE_STEM	LOCAL_TABLE_STEM_PLUS_BREVIGRAPH	FULL_WITH_OWNER	YK lesen; bekannte Kerne anfügen; Besitzer ergänzen	NONE	ASTRO_LOCAL:YK	bezeichnete Klasse oder Haus
SF0448	ykaiin	PROSE_ONLY	1	0	Y+AIIN	PRODUCTIVE_BREVIGRAPH	BREVIGRAPH	FULL	aus Kernen zusammensetzen	Y	PROSE:LITERAL_PRODUCTIVE_PARSE	Postenmaß
SF0449	ykain	PROSE_ONLY	1	0	Y+AIN	PRODUCTIVE_BREVIGRAPH	BREVIGRAPH	FULL	aus Kernen zusammensetzen	Y	PROSE:LITERAL_PRODUCTIVE_PARSE	Postenportion
SF0450	ykaly	ASTRO_ONLY	0	1	YK+AL	ASTRO_LOCAL_PRODUCTIVE_TABLE_STEM	LOCAL_TABLE_STEM_PLUS_BREVIGRAPH	FULL_WITH_OWNER	YK lesen; bekannte Kerne anfügen; Besitzer ergänzen	NONE	ASTRO_LOCAL:YK	bezeichnete Klasse oder Haus + AL
SF0451	ykan	PROSE_ONLY	1	0	Y+AIN	PRODUCTIVE_BREVIGRAPH	BREVIGRAPH	FULL	aus Kernen zusammensetzen	Y+AIN	PROSE:LITERAL_PRODUCTIVE_PARSE	dieser Anteil
SF0452	ykar	ASTRO_ONLY	0	3	YK+AR	ASTRO_LOCAL_PRODUCTIVE_TABLE_STEM	LOCAL_TABLE_STEM_PLUS_BREVIGRAPH	FULL_WITH_OWNER	YK lesen; bekannte Kerne anfügen; Besitzer ergänzen	NONE	ASTRO_LOCAL:YK	bezeichnete Klasse oder Haus + AR
SF0453	ykchdy	ASTRO_ONLY	0	1	YK+KCH	ASTRO_LOCAL_PRODUCTIVE_TABLE_STEM	LOCAL_TABLE_STEM_PLUS_BREVIGRAPH	FULL_WITH_OWNER	YK lesen; bekannte Kerne anfügen; Besitzer ergänzen	NONE	ASTRO_LOCAL:YK	bezeichnete Klasse oder Haus + KCH
SF0454	ykchey	ASTRO_ONLY	0	2	YK+KCH	ASTRO_LOCAL_PRODUCTIVE_TABLE_STEM	LOCAL_TABLE_STEM_PLUS_BREVIGRAPH	FULL_WITH_OWNER	YK lesen; bekannte Kerne anfügen; Besitzer ergänzen	NONE	ASTRO_LOCAL:YK	bezeichnete Klasse oder Haus + KCH
SF0455	ykchos	ASTRO_ONLY	0	1	YK+KCH	ASTRO_LOCAL_PRODUCTIVE_TABLE_STEM	LOCAL_TABLE_STEM_PLUS_BREVIGRAPH	FULL_WITH_OWNER	YK lesen; bekannte Kerne anfügen; Besitzer ergänzen	NONE	ASTRO_LOCAL:YK	bezeichnete Klasse oder Haus + KCH
SF0456	ykchy	ASTRO_ONLY	0	1	YK+KCH	ASTRO_LOCAL_PRODUCTIVE_TABLE_STEM	LOCAL_TABLE_STEM_PLUS_BREVIGRAPH	FULL_WITH_OWNER	YK lesen; bekannte Kerne anfügen; Besitzer ergänzen	NONE	ASTRO_LOCAL:YK	bezeichnete Klasse oder Haus + KCH
SF0457	ykchys	ASTRO_ONLY	0	1	YK+KCH	ASTRO_LOCAL_PRODUCTIVE_TABLE_STEM	LOCAL_TABLE_STEM_PLUS_BREVIGRAPH	FULL_WITH_OWNER	YK lesen; bekannte Kerne anfügen; Besitzer ergänzen	NONE	ASTRO_LOCAL:YK	bezeichnete Klasse oder Haus + KCH
SF0458	ykecho	ASTRO_ONLY	0	1	YK+HO	ASTRO_LOCAL_PRODUCTIVE_TABLE_STEM	LOCAL_TABLE_STEM_PLUS_BREVIGRAPH	FULL_WITH_OWNER	YK lesen; bekannte Kerne anfügen; Besitzer ergänzen	NONE	ASTRO_LOCAL:YK	bezeichnete Klasse oder Haus + HO
SF0459	ykeeal	ASTRO_ONLY	0	1	YK+AL	ASTRO_LOCAL_PRODUCTIVE_TABLE_STEM	LOCAL_TABLE_STEM_PLUS_BREVIGRAPH	FULL_WITH_OWNER	YK lesen; bekannte Kerne anfügen; Besitzer ergänzen	NONE	ASTRO_LOCAL:YK	bezeichnete Klasse oder Haus + AL
SF0460	ykeeody	ASTRO_ONLY	0	1	YK+EE+OD+Y	ASTRO_OD_PRODUCTIVE_MODIFIER	BOUND_TABLE_MODIFIER	FULL_WITH_OWNER	Grundkörper lesen, OD=markiert hinzufügen, Y/Argument rechts lesen	NONE	ASTRO_LOCAL:OD	diesen Klassenposten länger markieren
SF0461	ykees	ASTRO_ONLY	0	1	YK	ASTRO_LOCAL_PRODUCTIVE_TABLE_STEM	LOCAL_TABLE_STEM_PLUS_BREVIGRAPH	FULL_WITH_OWNER	YK lesen; bekannte Kerne anfügen; Besitzer ergänzen	NONE	ASTRO_LOCAL:YK	bezeichnete Klasse oder Haus
SF0462	ykeey	ASTRO_ONLY	0	1	YK	ASTRO_LOCAL_PRODUCTIVE_TABLE_STEM	LOCAL_TABLE_STEM_PLUS_BREVIGRAPH	FULL_WITH_OWNER	YK lesen; bekannte Kerne anfügen; Besitzer ergänzen	NONE	ASTRO_LOCAL:YK	bezeichnete Klasse oder Haus
SF0463	ykeody	ASTRO_ONLY	0	2	YK+E+OD+Y	ASTRO_OD_PRODUCTIVE_MODIFIER	BOUND_TABLE_MODIFIER	FULL_WITH_OWNER	Grundkörper lesen, OD=markiert hinzufügen, Y/Argument rechts lesen	NONE	ASTRO_LOCAL:OD	diesen Klassenposten kurz markieren
SF0464	ykey	ASTRO_ONLY	0	1	YK	ASTRO_LOCAL_PRODUCTIVE_TABLE_STEM	LOCAL_TABLE_STEM_PLUS_BREVIGRAPH	FULL_WITH_OWNER	YK lesen; bekannte Kerne anfügen; Besitzer ergänzen	NONE	ASTRO_LOCAL:YK	bezeichnete Klasse oder Haus
SF0465	ykeydy	ASTRO_ONLY	0	1	YK	ASTRO_LOCAL_PRODUCTIVE_TABLE_STEM	LOCAL_TABLE_STEM_PLUS_BREVIGRAPH	FULL_WITH_OWNER	YK lesen; bekannte Kerne anfügen; Besitzer ergänzen	NONE	ASTRO_LOCAL:YK	bezeichnete Klasse oder Haus
SF0466	ykoaiin	ASTRO_ONLY	0	1	YK+AIIN	ASTRO_LOCAL_PRODUCTIVE_TABLE_STEM	LOCAL_TABLE_STEM_PLUS_BREVIGRAPH	FULL_WITH_OWNER	YK lesen; bekannte Kerne anfügen; Besitzer ergänzen	NONE	ASTRO_LOCAL:YK	bezeichnete Klasse oder Haus + AIIN
SF0467	ykor	ASTRO_ONLY	0	2	YK+OR	ASTRO_LOCAL_PRODUCTIVE_TABLE_STEM	LOCAL_TABLE_STEM_PLUS_BREVIGRAPH	FULL_WITH_OWNER	YK lesen; bekannte Kerne anfügen; Besitzer ergänzen	NONE	ASTRO_LOCAL:YK	bezeichnete Klasse oder Haus + OR
SF0468	ykshy	ASTRO_ONLY	0	1	YK	ASTRO_LOCAL_PRODUCTIVE_TABLE_STEM	LOCAL_TABLE_STEM_PLUS_BREVIGRAPH	FULL_WITH_OWNER	YK lesen; bekannte Kerne anfügen; Besitzer ergänzen	NONE	ASTRO_LOCAL:YK	bezeichnete Klasse oder Haus
SF0469	yky	ASTRO_ONLY	0	1	YK	ASTRO_LOCAL_PRODUCTIVE_TABLE_STEM	LOCAL_TABLE_STEM_PLUS_BREVIGRAPH	FULL_WITH_OWNER	YK lesen; bekannte Kerne anfügen; Besitzer ergänzen	NONE	ASTRO_LOCAL:YK	bezeichnete Klasse oder Haus
SF0470	ypair	ASTRO_ONLY	0	1	AIR	LOCAL_NOMENCLATOR_WITH_CORE_HINT	NOMENCLATOR_PLUS_BREVIGRAPH_HINT	PARTIAL	lokale Karte lernen; sichtbaren Kern nur als Hinweis lesen	NONE	ASTRO:COMMON_CORE	Himmels-, Ring- oder Zeigerlauf
SF0471	yshey	ASTRO_ONLY	0	1	NONE	LOCAL_ASTRO_NOMENCLATOR	NOMENCLATOR_PLUS_OWNER	NONE	lokale Karte mit Diagrammplatz lernen	yshey	ASTRO:NO_COMMON_CORE	abgelesener oder freigegebener Wert
SF0472	ytalchos	ASTRO_ONLY	0	1	YT+AL+HO	ASTRO_LOCAL_PRODUCTIVE_TABLE_STEM	LOCAL_TABLE_STEM_PLUS_BREVIGRAPH	FULL_WITH_OWNER	YT lesen; bekannte Kerne anfügen; Besitzer ergänzen	NONE	ASTRO_LOCAL:YT	bezeichneter Platz oder Phase + AL+HO
SF0473	ytchodly	ASTRO_ONLY	0	1	YT+HO	ASTRO_LOCAL_PRODUCTIVE_TABLE_STEM	LOCAL_TABLE_STEM_PLUS_BREVIGRAPH	FULL_WITH_OWNER	YT lesen; bekannte Kerne anfügen; Besitzer ergänzen	NONE	ASTRO_LOCAL:YT	bezeichneter Platz oder Phase + HO
SF0474	ytchody	ASTRO_ONLY	0	1	YT+HO	ASTRO_LOCAL_PRODUCTIVE_TABLE_STEM	LOCAL_TABLE_STEM_PLUS_BREVIGRAPH	FULL_WITH_OWNER	YT lesen; bekannte Kerne anfügen; Besitzer ergänzen	NONE	ASTRO_LOCAL:YT	bezeichneter Platz oder Phase + HO
SF0475	yteody	ASTRO_ONLY	0	1	YT+E+OD+Y	ASTRO_OD_PRODUCTIVE_MODIFIER	BOUND_TABLE_MODIFIER	FULL_WITH_OWNER	Grundkörper lesen, OD=markiert hinzufügen, Y/Argument rechts lesen	NONE	ASTRO_LOCAL:OD	diesen Platz kurz markieren
SF0476	yteoor	ASTRO_ONLY	0	1	YT+OR	ASTRO_LOCAL_PRODUCTIVE_TABLE_STEM	LOCAL_TABLE_STEM_PLUS_BREVIGRAPH	FULL_WITH_OWNER	YT lesen; bekannte Kerne anfügen; Besitzer ergänzen	NONE	ASTRO_LOCAL:YT	bezeichneter Platz oder Phase + OR
SF0477	yteos	ASTRO_ONLY	0	1	YT	ASTRO_LOCAL_PRODUCTIVE_TABLE_STEM	LOCAL_TABLE_STEM_PLUS_BREVIGRAPH	FULL_WITH_OWNER	YT lesen; bekannte Kerne anfügen; Besitzer ergänzen	NONE	ASTRO_LOCAL:YT	bezeichneter Platz oder Phase
SF0478	ytey	PROSE_ONLY	1	0	Y+E+TY	PRODUCTIVE_BREVIGRAPH	BREVIGRAPH	FULL	aus Kernen zusammensetzen	TY	PROSE:LITERAL_PRODUCTIVE_PARSE	kurzen Teil des aktuellen Postens nehmen
SF0479	yto	ASTRO_ONLY	0	2	YT	ASTRO_LOCAL_PRODUCTIVE_TABLE_STEM	LOCAL_TABLE_STEM_PLUS_BREVIGRAPH	FULL_WITH_OWNER	YT lesen; bekannte Kerne anfügen; Besitzer ergänzen	NONE	ASTRO_LOCAL:YT	bezeichneter Platz oder Phase
SF0480	ytoaiin	ASTRO_ONLY	0	1	YT+AIIN	ASTRO_LOCAL_PRODUCTIVE_TABLE_STEM	LOCAL_TABLE_STEM_PLUS_BREVIGRAPH	FULL_WITH_OWNER	YT lesen; bekannte Kerne anfügen; Besitzer ergänzen	NONE	ASTRO_LOCAL:YT	bezeichneter Platz oder Phase + AIIN
SF0481	ytodal	ASTRO_ONLY	0	1	YT+AL	ASTRO_LOCAL_PRODUCTIVE_TABLE_STEM	LOCAL_TABLE_STEM_PLUS_BREVIGRAPH	FULL_WITH_OWNER	YT lesen; bekannte Kerne anfügen; Besitzer ergänzen	NONE	ASTRO_LOCAL:YT	bezeichneter Platz oder Phase + AL
SF0482	ytody	ASTRO_ONLY	0	2	YT+OD+Y	ASTRO_OD_PRODUCTIVE_MODIFIER	BOUND_TABLE_MODIFIER	FULL_WITH_OWNER	Grundkörper lesen, OD=markiert hinzufügen, Y/Argument rechts lesen	NONE	ASTRO_LOCAL:OD	diesen Platz eintragen
SF0483	ytoeopchey	ASTRO_ONLY	0	1	YT	ASTRO_LOCAL_PRODUCTIVE_TABLE_STEM	LOCAL_TABLE_STEM_PLUS_BREVIGRAPH	FULL_WITH_OWNER	YT lesen; bekannte Kerne anfügen; Besitzer ergänzen	NONE	ASTRO_LOCAL:YT	bezeichneter Platz oder Phase
SF0484	ytokar	ASTRO_ONLY	0	1	YT+OK+AR	ASTRO_LOCAL_PRODUCTIVE_TABLE_STEM	LOCAL_TABLE_STEM_PLUS_BREVIGRAPH	FULL_WITH_OWNER	YT lesen; bekannte Kerne anfügen; Besitzer ergänzen	NONE	ASTRO_LOCAL:YT	bezeichneter Platz oder Phase + OK+AR
SF0485	ytor	ASTRO_ONLY	0	1	YT+OR	ASTRO_LOCAL_PRODUCTIVE_TABLE_STEM	LOCAL_TABLE_STEM_PLUS_BREVIGRAPH	FULL_WITH_OWNER	YT lesen; bekannte Kerne anfügen; Besitzer ergänzen	NONE	ASTRO_LOCAL:YT	bezeichneter Platz oder Phase + OR
SF0486	ytory	ASTRO_ONLY	0	1	YT+OR	ASTRO_LOCAL_PRODUCTIVE_TABLE_STEM	LOCAL_TABLE_STEM_PLUS_BREVIGRAPH	FULL_WITH_OWNER	YT lesen; bekannte Kerne anfügen; Besitzer ergänzen	NONE	ASTRO_LOCAL:YT	bezeichneter Platz oder Phase + OR
SF0487	ytyd	ASTRO_ONLY	0	1	YT+TY	ASTRO_LOCAL_PRODUCTIVE_TABLE_STEM	LOCAL_TABLE_STEM_PLUS_BREVIGRAPH	FULL_WITH_OWNER	YT lesen; bekannte Kerne anfügen; Besitzer ergänzen	NONE	ASTRO_LOCAL:YT	bezeichneter Platz oder Phase + TY
