dchey_case_id	action_case_id	page	locus	action_ordinal	action_gloss_de	right_clause_type	semantic_item_count	context_ordinals	context_surfaces	context_glosses_de	context_decision	control_reason_de	portable_dchey_default	word_delta	status
H001	A013	f107r	f107r.2	1	Eine abgemessene Portion bis zur Mittelstufe trocknen	ACTION_CLAUSE	0	2	qoteos	eine bis zur Mittelstufe gekühlte Ansatzcharge nehmen	NEXT_ACTION_BOUNDARY	Auf dchey folgt sofort eine neue Aktion qoteos.	NO	0	PASS_V80_119_TRIPLES__32_ACTION_ADJACENT_BUNDLES__1_NEW_C020_4_HOLDS_27_STOPS__9_DCHEY_CONTEXTS__19_EDGES_13_COMPONENTS__ZERO_WORD_DELTA
H002	A017	f10r	f10r.2	1	Eine abgemessene Portion bis zur Mittelstufe trocknen	NOMINAL_BLOCK	9	2|3|4	cthoor|char|chty	eine Portion Krautansatz|trockener Drogenanteil I|trocken-kalt am Gradanfang	THREE_ITEM_CONTROL_STOP	Trockenheit passt, aber chty schreibt kalt und Gradanfang statt Mittelstufe.	NO	0	PASS_V80_119_TRIPLES__32_ACTION_ADJACENT_BUNDLES__1_NEW_C020_4_HOLDS_27_STOPS__9_DCHEY_CONTEXTS__19_EDGES_13_COMPONENTS__ZERO_WORD_DELTA
H003	A025	f115r	f115r.23	1	Eine abgemessene Portion bis zur Mittelstufe trocknen	NOMINAL_BLOCK	1	2	keey	heiß am Ende des Grades	ONE_ITEM_LENGTH_CONTROL	Nur keey folgt: heiß am Gradende, ohne Material und ohne Mittelstufe.	NO	0	PASS_V80_119_TRIPLES__32_ACTION_ADJACENT_BUNDLES__1_NEW_C020_4_HOLDS_27_STOPS__9_DCHEY_CONTEXTS__19_EDGES_13_COMPONENTS__ZERO_WORD_DELTA
H004	A032	f24v	f24v.15	1	Eine abgemessene Portion bis zur Mittelstufe trocknen	NOMINAL_BLOCK	3	2|3|4	kchod|dchal|ochdy	heißer Auszug aus Trockengut, abgezogen und abgeschlossen|eine Dosis angetrocknete Rohdroge I|fertige Trockenmasse	THREE_ITEM_CONTROL_STOP	Heißer abgezogener Auszug und Materialwechsel ergeben keinen trockenen Mittelgrad-Pfad.	NO	0	PASS_V80_119_TRIPLES__32_ACTION_ADJACENT_BUNDLES__1_NEW_C020_4_HOLDS_27_STOPS__9_DCHEY_CONTEXTS__19_EDGES_13_COMPONENTS__ZERO_WORD_DELTA
H005	A036	f27r	f27r.9	1	Eine abgemessene Portion bis zur Mittelstufe trocknen	NOMINAL_BLOCK	6	2|3|4	keeod|shotchey|chol	vollständig erhitzter und abgezogener Auszug|Mazerat aus kalt bis Mittelstufe getrockneter Droge|trocken	THREE_ITEM_CONTROL_STOP	Erhitzter Auszug wechselt zum Mazerat; trocken allein schließt die Mittelstufe nicht.	NO	0	PASS_V80_119_TRIPLES__32_ACTION_ADJACENT_BUNDLES__1_NEW_C020_4_HOLDS_27_STOPS__9_DCHEY_CONTEXTS__19_EDGES_13_COMPONENTS__ZERO_WORD_DELTA
H006	A037	f30r	f30r.9	1	Eine abgemessene Portion bis zur Mittelstufe trocknen	ACTION_CLAUSE	0	2	qochar	trockenen Drogenanteil I nehmen	NEXT_ACTION_BOUNDARY	Auf dchey folgt sofort die neue Aktion qochar.	NO	0	PASS_V80_119_TRIPLES__32_ACTION_ADJACENT_BUNDLES__1_NEW_C020_4_HOLDS_27_STOPS__9_DCHEY_CONTEXTS__19_EDGES_13_COMPONENTS__ZERO_WORD_DELTA
H007	A068	f86v3	f86v3.19	1	Eine abgemessene Portion bis zur Mittelstufe trocknen	NOMINAL_BLOCK	1	2	otain	kalter Ansatz, Grad II	ONE_ITEM_LENGTH_CONTROL	Nur ein kalter Ansatz Grad II folgt; Trockenstatus und Mittelstufe fehlen.	NO	0	PASS_V80_119_TRIPLES__32_ACTION_ADJACENT_BUNDLES__1_NEW_C020_4_HOLDS_27_STOPS__9_DCHEY_CONTEXTS__19_EDGES_13_COMPONENTS__ZERO_WORD_DELTA
H008	A079	f88r	f88r.19	1	Eine abgemessene Portion bis zur Mittelstufe trocknen	NOMINAL_BLOCK	2	2|3	chokol|daiin	heißer Absud aus Trockengut|Qualitätsgrad III dieses heißen Absuds	TWO_ITEM_LENGTH_CONTROL	Heißer Absud und Grad III liefern kein dreiteiliges Material-Trocken-Mitte-Bündel.	NO	0	PASS_V80_119_TRIPLES__32_ACTION_ADJACENT_BUNDLES__1_NEW_C020_4_HOLDS_27_STOPS__9_DCHEY_CONTEXTS__19_EDGES_13_COMPONENTS__ZERO_WORD_DELTA
H009	A083	f8r	f8r.15	1	Eine abgemessene Portion bis zur Mittelstufe trocknen	NOMINAL_BLOCK	9	2|3|4	ckhol|chol|chey	Drogenstoff aus Arzneikompositum|trocken|trocken in der Mitte des Grades	BUNDLE_ADMIT_AFTER_IMMEDIATE_CONFLICT	ckhol|chol|chey schreibt Material, trocken und exakt Mitte ohne inneren Bruch.	NO	0	PASS_V80_119_TRIPLES__32_ACTION_ADJACENT_BUNDLES__1_NEW_C020_4_HOLDS_27_STOPS__9_DCHEY_CONTEXTS__19_EDGES_13_COMPONENTS__ZERO_WORD_DELTA
